lambda,heldout,variant_label,method,utility,ci95_low,ci95_high,delta_vs_fixed,delta_ci95_low,delta_ci95_high,stable_positive_vs_fixed,oracle_gap,n
0.0,block3_h36_seed13,"3-block, H=36",best_fixed_Small,0.8973105134474327,0.8679095354523227,0.9266503667481663,0.0,0.0,0.0,False,0.06112469437652812,409
0.0,block3_h36_seed13,"3-block, H=36",oracle_multicapacity,0.9584352078239609,0.9388753056234719,0.9755501222493888,0.06112469437652812,,,True,0.0,409
0.0,block3_h36_seed13,"3-block, H=36",ridge_expected_utility,0.8850855745721271,0.8533007334963325,0.9144254278728606,-0.012224938875305624,-0.04156479217603912,0.017114914425427872,False,0.07334963325183375,409
0.0,block3_h36_seed13,"3-block, H=36",rf_expected_utility,0.8801955990220048,0.8484107579462102,0.9119804400977995,-0.017114914425427872,-0.04651589242053788,0.012224938875305624,False,0.07823960880195602,409
0.0,block3_h36_seed13,"3-block, H=36",logreg_oracle_label,0.8948655256723717,0.8655256723716381,0.9242053789731052,-0.0024449877750611247,-0.03178484107579462,0.029339853300733496,False,0.0635696821515892,409
0.0,block3_h36_seed13,"3-block, H=36",rf_oracle_label,0.8973105134474327,0.8679706601466992,0.9266503667481663,0.0,-0.02689486552567237,0.02444987775061125,False,0.06112469437652812,409
0.01,block3_h36_seed13,"3-block, H=36",best_fixed_Small,0.8953003242580715,0.8635154831822769,0.9221951897837439,0.0,0.0,0.0,False,0.06124020801941854,409
0.01,block3_h36_seed13,"3-block, H=36",oracle_multicapacity,0.95654053227749,0.9369772682526569,0.9736661346409534,0.06124020801941854,,,True,0.0,409
0.01,block3_h36_seed13,"3-block, H=36",ridge_expected_utility,0.8826389555167021,0.8508137630174183,0.9120462504368914,-0.012661368741369717,-0.041995711770697865,0.01667669254328806,False,0.0739015767607879,409
0.01,block3_h36_seed13,"3-block, H=36",rf_expected_utility,0.8773045146770552,0.8452816063652655,0.909129847968574,-0.017995809581016684,-0.049785354325209356,0.011467784031273865,False,0.07923601760043486,409
0.01,block3_h36_seed13,"3-block, H=36",logreg_oracle_label,0.8923378869550807,0.8628886975103991,0.921730661526597,-0.002962437302991202,-0.0324403521418644,0.02660985245435458,False,0.06420264532240938,409
0.01,block3_h36_seed13,"3-block, H=36",rf_oracle_label,0.8950199292290419,0.8656385751242849,0.9219897025325778,-0.00028039502902985156,-0.02719618235585055,0.024225132935857232,False,0.061520603048448086,409
0.02,block3_h36_seed13,"3-block, H=36",best_fixed_Small,0.8932901350687106,0.8639502817679771,0.9226299883694441,0.0,0.0,0.0,False,0.06135572166230896,409
0.02,block3_h36_seed13,"3-block, H=36",oracle_multicapacity,0.9546458567310195,0.9350880939882735,0.974153754826421,0.06135572166230896,,,True,0.0,409
0.02,block3_h36_seed13,"3-block, H=36",ridge_expected_utility,0.8777843113174063,0.8458848904440701,0.9073222699085896,-0.015505823751304508,-0.04483231964784417,0.011540327962359587,False,0.07686154541361323,409
0.02,block3_h36_seed13,"3-block, H=36",rf_expected_utility,0.8770957646541466,0.8449808441237617,0.908578774011659,-0.016194370414564334,-0.047950815047903085,0.01556952432825816,False,0.07755009207687291,409
0.02,block3_h36_seed13,"3-block, H=36",logreg_oracle_label,0.8898102482377898,0.860304984654605,0.9190418172926774,-0.003479886830921145,-0.03518578247835641,0.028235181526144636,False,0.06483560849322978,409
0.02,block3_h36_seed13,"3-block, H=36",rf_oracle_label,0.8927293450106514,0.8632029882338352,0.9221263925606488,-0.0005607900580595679,-0.027432008096963337,0.02634110468435363,False,0.06191651172036816,409
0.05,block3_h36_seed13,"3-block, H=36",best_fixed_Small,0.887259567500628,0.8554747264248332,0.9165994208013614,0.0,0.0,0.0,False,0.06170226259097933,409
0.05,block3_h36_seed13,"3-block, H=36",oracle_multicapacity,0.9489618300916073,0.9293645341340134,0.9661524318664733,0.06170226259097933,,,True,0.0,409
0.05,block3_h36_seed13,"3-block, H=36",ridge_expected_utility,0.8707363081338055,0.8363026703310287,0.9003483920968394,-0.016523259366822404,-0.045807307420167795,0.012744204297758794,False,0.07822552195780175,409
0.05,block3_h36_seed13,"3-block, H=36",rf_expected_utility,0.8768594782481429,0.8452089336419192,0.9065610355594579,-0.010400089252485152,-0.041988084443060444,0.019777514458495068,False,0.07210235184346436,409
0.05,block3_h36_seed13,"3-block, H=36",logreg_oracle_label,0.8822273320859169,0.8521020271315256,0.911763379477901,-0.0050322354147111555,-0.03615987514455779,0.024770447760762915,False,0.06673449800569042,409
0.05,block3_h36_seed13,"3-block, H=36",rf_oracle_label,0.8858575923554791,0.8540745617690783,0.9151923893926155,-0.0014019751451488985,-0.028370353317138393,0.025570526542149915,False,0.06310423773612817,409
0.1,block3_h36_seed13,"3-block, H=36",best_fixed_Small,0.8772086215538231,0.8454237804780285,0.9065484748545566,0.0,0.0,0.0,False,0.062279830805430425,409
0.1,block3_h36_seed13,"3-block, H=36",oracle_multicapacity,0.9394884523592535,0.9198912462948421,0.9567317620530931,0.062279830805430425,,,True,0.0,409
0.1,block3_h36_seed13,"3-block, H=36",ridge_expected_utility,0.856723049763947,0.8243903898983566,0.8866033191960693,-0.020485571789876138,-0.04983815669827133,0.0070819391249997195,False,0.08276540259530651,409
0.1,block3_h36_seed13,"3-block, H=36",rf_expected_utility,0.871743090238065,0.8402713804229257,0.9017072144664398,-0.005465531315758145,-0.03460115297510448,0.024132742114376965,False,0.06774536212118853,409
0.1,block3_h36_seed13,"3-block, H=36",logreg_oracle_label,0.8695891384994618,0.8371903048659306,0.900074534279414,-0.007619483054361195,-0.038965802968741914,0.022613509366032195,False,0.06989931385979165,409
0.1,block3_h36_seed13,"3-block, H=36",rf_oracle_label,0.8744046712635253,0.8425502421492839,0.9038665436777212,-0.0028039502902978022,-0.028499611314703462,0.023283819421951516,False,0.06508378109572821,409
0.15,block3_h36_seed13,"3-block, H=36",best_fixed_Small,0.8671576756070184,0.8378178223062849,0.8964975289077518,0.0,0.0,0.0,False,0.06285739901988197,409
0.15,block3_h36_seed13,"3-block, H=36",oracle_multicapacity,0.9300150746269004,0.9101338753029969,0.9472901732830874,0.06285739901988197,,,True,0.0,409
0.15,block3_h36_seed13,"3-block, H=36",ridge_expected_utility,0.8500873622809607,0.8176198545329229,0.8818375966610749,-0.017070313326057723,-0.04618153633756812,0.010224605546981218,False,0.07992771234593965,409
0.15,block3_h36_seed13,"3-block, H=36",rf_expected_utility,0.8610559291294492,0.8287765241266309,0.8911216850278664,-0.006101746477569272,-0.0354775227868493,0.023145993984773,False,0.06895914549745119,409
0.15,block3_h36_seed13,"3-block, H=36",logreg_oracle_label,0.8569509449130073,0.8262487663154822,0.8858909269021559,-0.01020673069401124,-0.04196784890241434,0.02160140779370767,False,0.07306412971389309,409
0.15,block3_h36_seed13,"3-block, H=36",rf_oracle_label,0.8629517501715719,0.8315850147731383,0.8918863097108687,-0.004205925435446712,-0.030303086551531206,0.022339464504846557,False,0.06706332445532848,409
0.2,block3_h36_seed13,"3-block, H=36",best_fixed_Tiny,0.8576030468158993,0.8258182057401047,0.8869429001166328,0.0,0.0,0.0,False,0.06293865007864707,409
0.2,block3_h36_seed13,"3-block, H=36",oracle_multicapacity,0.9205416968945463,0.898842487015178,0.9398811882388213,0.06293865007864707,,,True,0.0,409
0.2,block3_h36_seed13,"3-block, H=36",ridge_expected_utility,0.8390861161995662,0.8065976830351133,0.870090429456944,-0.01851693061633336,-0.045329268735435836,0.006994227218664768,False,0.08145558069498016,409
0.2,block3_h36_seed13,"3-block, H=36",rf_expected_utility,0.8515408674062568,0.8196443197765482,0.8814428909885393,-0.006062179409642601,-0.028164393029910008,0.01546366080624392,False,0.06900082948828956,409
0.2,block3_h36_seed13,"3-block, H=36",logreg_oracle_label,0.8443127513265521,0.8124913363491659,0.8738952541703032,-0.013290295489347305,-0.038990089863595805,0.012552269860905223,False,0.0762289455679942,409
0.2,block3_h36_seed13,"3-block, H=36",rf_oracle_label,0.8514988290796178,0.8204290970292494,0.8816354628372295,-0.0061042177362816445,-0.032955814903257705,0.021569887157868867,False,0.06904286781492852,409
0.3,block3_h36_seed13,"3-block, H=36",best_fixed_Tiny,0.8389718073876636,0.8096319540869301,0.865866672913336,0.0,0.0,0.0,False,0.0626231340421759,409
0.3,block3_h36_seed13,"3-block, H=36",oracle_multicapacity,0.9015949414298395,0.8803156377620183,0.9188214977674872,0.0626231340421759,,,True,0.0,409
0.3,block3_h36_seed13,"3-block, H=36",ridge_expected_utility,0.8297945091953093,0.7992375412080097,0.85982219366713,-0.009177298192354352,-0.03408103036004648,0.01642874564633009,False,0.07180043223453025,409
0.3,block3_h36_seed13,"3-block, H=36",rf_expected_utility,0.8304437649229531,0.7982467755075998,0.8607245918945147,-0.00852804246471055,-0.03012249643031766,0.012122225035047696,False,0.0711511765068864,409
0.3,block3_h36_seed13,"3-block, H=36",logreg_oracle_label,0.8190363641536427,0.7865830518734775,0.8489746581997769,-0.019935443234020963,-0.04546227875941695,0.005426758969224598,False,0.08255857727619687,409
0.3,block3_h36_seed13,"3-block, H=36",rf_oracle_label,0.8285929868957107,0.7976925569322025,0.8580804339976033,-0.01037882049195303,-0.03696657879701959,0.01823493365887103,False,0.07300195453412883,409
0.0,block3_h48_seed10,"3-block, H=48",best_fixed_Medium,0.8830845771144279,0.8507462686567164,0.9154228855721394,0.0,0.0,0.0,False,0.06965174129353235,402
0.0,block3_h48_seed10,"3-block, H=48",oracle_multicapacity,0.9527363184079602,0.9303482587064676,0.972636815920398,0.06965174129353235,,,True,0.0,402
0.0,block3_h48_seed10,"3-block, H=48",ridge_expected_utility,0.917910447761194,0.8905472636815921,0.9427860696517413,0.03482587064676617,0.012437810945273632,0.05970149253731343,True,0.03482587064676623,402
0.0,block3_h48_seed10,"3-block, H=48",rf_expected_utility,0.8855721393034826,0.8532338308457711,0.9154228855721394,0.0024875621890547263,-0.029850746268656716,0.03482587064676617,False,0.0671641791044777,402
0.0,block3_h48_seed10,"3-block, H=48",logreg_oracle_label,0.8781094527363185,0.8432835820895522,0.9104477611940298,-0.004975124378109453,-0.03731343283582089,0.02736318407960199,False,0.07462686567164178,402
0.0,block3_h48_seed10,"3-block, H=48",rf_oracle_label,0.8805970149253731,0.8482587064676617,0.9104477611940298,-0.0024875621890547263,-0.03482587064676617,0.03233830845771144,False,0.07213930348258712,402
0.01,block3_h48_seed10,"3-block, H=48",best_fixed_Medium,0.8792582060287273,0.8469198975710158,0.909108952297384,0.0,0.0,0.0,False,0.0714661209163795,402
0.01,block3_h48_seed10,"3-block, H=48",oracle_multicapacity,0.9507243269451068,0.9283804538594659,0.9705937551551618,0.0714661209163795,,,True,0.0,402
0.01,block3_h48_seed10,"3-block, H=48",ridge_expected_utility,0.9128815575961979,0.885420789560736,0.9378485633430574,0.03362335156747079,0.01121428390347941,0.05615199196129825,True,0.037842769348908845,402
0.01,block3_h48_seed10,"3-block, H=48",rf_expected_utility,0.8833506260654014,0.8533791679989237,0.9131679840033956,0.0040924200366742524,-0.028220404479242903,0.03642676514546228,False,0.0673737008797054,402
0.01,block3_h48_seed10,"3-block, H=48",logreg_oracle_label,0.876182638206351,0.8438409517340307,0.9060449901893103,-0.0030755678223761706,-0.035425841878939414,0.029283372934616657,False,0.07454168873875577,402
0.01,block3_h48_seed10,"3-block, H=48",rf_oracle_label,0.878643118683041,0.8486398913838343,0.9085001507091792,-0.0006150873456862019,-0.032983699597767834,0.031734097115862586,False,0.07208120826206577,402
0.02,block3_h48_seed10,"3-block, H=48",best_fixed_Medium,0.8754318349430266,0.8430935264853152,0.9052825812116834,0.0,0.0,0.0,False,0.07328050053922697,402
0.02,block3_h48_seed10,"3-block, H=48",oracle_multicapacity,0.9487123354822535,0.9287166152436177,0.9685724634152918,0.07328050053922697,,,True,0.0,402
0.02,block3_h48_seed10,"3-block, H=48",ridge_expected_utility,0.910469247926599,0.8805810156532293,0.9355647329653132,0.03503741298357247,0.012687269295990553,0.05751040683060532,True,0.03824308755565453,402
0.02,block3_h48_seed10,"3-block, H=48",rf_expected_utility,0.8811396118939343,0.8486857589826031,0.9110744232704474,0.005707776950907861,-0.026473595280409146,0.03777455039097437,False,0.06757272358831923,402
0.02,block3_h48_seed10,"3-block, H=48",logreg_oracle_label,0.8742558236763838,0.8419050704715848,0.9041207273511206,-0.0011760112666428068,-0.035983835136353906,0.031196196996163657,False,0.07445651180586976,402
0.02,block3_h48_seed10,"3-block, H=48",rf_oracle_label,0.8766892224407089,0.8443547051855533,0.9066014488130273,0.001257387497682403,-0.03356464226029807,0.033661590751014936,False,0.07202311304154463,402
0.05,block3_h48_seed10,"3-block, H=48",best_fixed_Medium,0.8639527216859249,0.8316144132282134,0.8938034679545817,0.0,0.0,0.0,False,0.07872363940776872,402
0.05,block3_h48_seed10,"3-block, H=48",oracle_multicapacity,0.9426763610936936,0.9204545307198054,0.9625282341015742,0.07872363940776872,,,True,0.0,402
0.05,block3_h48_seed10,"3-block, H=48",ridge_expected_utility,0.9063478621658676,0.8785919438743217,0.9313727882396532,0.042395140479942826,0.019328258341188714,0.06746172063901908,True,0.03632849892782597,402
0.05,block3_h48_seed10,"3-block, H=48",rf_expected_utility,0.8748451017212021,0.8423352950179278,0.9050738613146876,0.010892380035277358,-0.021393938328567765,0.042906051186607584,False,0.06783125937249146,402
0.05,block3_h48_seed10,"3-block, H=48",logreg_oracle_label,0.868475380086482,0.8360284226231643,0.8984476252781194,0.004522658400557135,-0.02774059514400191,0.03689456095072231,False,0.07420098100721162,402
0.05,block3_h48_seed10,"3-block, H=48",rf_oracle_label,0.8708275337137128,0.8384200844783606,0.9007923348258284,0.006874812027788084,-0.025560665129574126,0.03919115760310749,False,0.07184882737998077,402
0.1,block3_h48_seed10,"3-block, H=48",best_fixed_Tiny,0.8495279645518633,0.8147020939050972,0.8818662730095748,0.0,0.0,0.0,False,0.08308843922756326,402
0.1,block3_h48_seed10,"3-block, H=48",oracle_multicapacity,0.9326164037794266,0.9102662060531395,0.9525097675299053,0.08308843922756326,,,True,0.0,402
0.1,block3_h48_seed10,"3-block, H=48",ridge_expected_utility,0.8941668794904026,0.8668607298654213,0.9213191694911267,0.0446389149385393,0.024853925818206554,0.06653177728200743,True,0.03844952428902393,402
0.1,block3_h48_seed10,"3-block, H=48",rf_expected_utility,0.8654228805602084,0.8332234521092242,0.8951982687124005,0.01589491600834501,-0.005934828613350209,0.03811122218670972,False,0.06719352321921812,402
0.1,block3_h48_seed10,"3-block, H=48",logreg_oracle_label,0.8588413074366451,0.8265079039344307,0.8888971895760579,0.009313342884781743,-0.01557346890565075,0.03188257449525876,False,0.07377509634278145,402
0.1,block3_h48_seed10,"3-block, H=48",rf_oracle_label,0.8610580525020521,0.8286594747399054,0.8911755935592125,0.011530087950188917,-0.011073013776420632,0.03608487822584759,False,0.07155835127737442,402
0.15,block3_h48_seed10,"3-block, H=48",best_fixed_Tiny,0.8402123448377457,0.8053864741909794,0.872550653295457,0.0,0.0,0.0,False,0.08234410162741423,402
0.15,block3_h48_seed10,"3-block, H=48",oracle_multicapacity,0.9225564464651599,0.9008091568034678,0.9424514564683987,0.08234410162741423,,,True,0.0,402
0.15,block3_h48_seed10,"3-block, H=48",ridge_expected_utility,0.8842714313535932,0.8567786968675237,0.9115786455967667,0.04405908651584765,0.024790402924296382,0.06577052261292385,True,0.03828501511156668,402
0.15,block3_h48_seed10,"3-block, H=48",rf_expected_utility,0.8511946353289862,0.8183735825512991,0.8834668220582507,0.01098229049124065,-0.009331722241706752,0.03302629715296047,False,0.07136181113617368,402
0.15,block3_h48_seed10,"3-block, H=48",logreg_oracle_label,0.8492072347868087,0.8165722867823212,0.8815683164076965,0.00899488994906316,-0.015769290315373694,0.03398985964988632,False,0.07334921167835118,402
0.15,block3_h48_seed10,"3-block, H=48",rf_oracle_label,0.8512885712903921,0.8166542453589333,0.8815329754349381,0.011076226452646557,-0.011502232895221901,0.03381231084043984,False,0.07126787517476774,402
0.2,block3_h48_seed10,"3-block, H=48",best_fixed_Tiny,0.8308967251236271,0.796070854476861,0.8632350335813386,0.0,0.0,0.0,False,0.08159976402726576,402
0.2,block3_h48_seed10,"3-block, H=48",oracle_multicapacity,0.9124964891508929,0.8914036829991072,0.9319341700446354,0.08159976402726576,,,True,0.0,402
0.2,block3_h48_seed10,"3-block, H=48",ridge_expected_utility,0.8626902974534433,0.832465497003989,0.8920718250093391,0.031793572329816056,0.01486882402549873,0.050793785588480155,True,0.0498061916974496,402
0.2,block3_h48_seed10,"3-block, H=48",rf_expected_utility,0.8417552713632929,0.8092280684076132,0.8742280201198463,0.010858546239665427,-0.009088710412374135,0.03292735924678751,False,0.07074121778760001,402
0.2,block3_h48_seed10,"3-block, H=48",logreg_oracle_label,0.8395731621369719,0.8070412672690135,0.871685030411343,0.008676437013344595,-0.016126137075826674,0.03534651935793451,False,0.07292332701392101,402
0.2,block3_h48_seed10,"3-block, H=48",rf_oracle_label,0.8415190900787315,0.8090331164345944,0.8712956403614428,0.010622364955104217,-0.01225518789311756,0.03452218266236859,False,0.07097739907216138,402
0.3,block3_h48_seed10,"3-block, H=48",best_fixed_Tiny,0.8122654856953914,0.77992717723768,0.8446037941531028,0.0,0.0,0.0,False,0.08011108882696827,402
0.3,block3_h48_seed10,"3-block, H=48",oracle_multicapacity,0.8923765745223596,0.870266408961494,0.911284460116252,0.08011108882696827,,,True,0.0,402
0.3,block3_h48_seed10,"3-block, H=48",ridge_expected_utility,0.8417476283370285,0.8113019567220597,0.8692802750425379,0.02948214264163705,0.013779698127762448,0.04655870468072337,True,0.05062894618533109,402
0.3,block3_h48_seed10,"3-block, H=48",rf_expected_utility,0.8203999562612501,0.7876090407325663,0.8522241016514179,0.00813447056585854,-0.013696826313030052,0.030365318643601008,False,0.07197661826110957,402
0.3,block3_h48_seed10,"3-block, H=48",logreg_oracle_label,0.820305016837299,0.7876875781580753,0.8530571683525561,0.008039531141907433,-0.016523039378439477,0.03311279925716513,False,0.07207155768506068,402
0.3,block3_h48_seed10,"3-block, H=48",rf_oracle_label,0.8219801276554112,0.7896811264472403,0.8522595922694134,0.009714641960019503,-0.013856323676589297,0.03273307465019504,False,0.07039644686694846,402
0.0,block3_h72_seed14,"3-block, H=72",best_fixed_Medium,0.8426150121065376,0.8062953995157385,0.8765133171912833,0.0,0.0,0.0,False,0.09927360774818395,413
0.0,block3_h72_seed14,"3-block, H=72",oracle_multicapacity,0.9418886198547215,0.9200968523002422,0.9612590799031477,0.09927360774818395,,,True,0.0,413
0.0,block3_h72_seed14,"3-block, H=72",ridge_expected_utility,0.8426150121065376,0.8062953995157385,0.87409200968523,0.0,0.0,0.0,False,0.09927360774818395,413
0.0,block3_h72_seed14,"3-block, H=72",rf_expected_utility,0.8523002421307506,0.8159806295399515,0.8861985472154964,0.009685230024213076,-0.012106537530266344,0.03389830508474576,False,0.08958837772397088,413
0.0,block3_h72_seed14,"3-block, H=72",logreg_oracle_label,0.8232445520581114,0.784503631961259,0.8571428571428571,-0.01937046004842615,-0.048426150121065374,0.009685230024213076,False,0.11864406779661008,413
0.0,block3_h72_seed14,"3-block, H=72",rf_oracle_label,0.8232445520581114,0.7869249394673123,0.8595641646489104,-0.01937046004842615,-0.04600484261501211,0.007263922518159807,False,0.11864406779661008,413
0.01,block3_h72_seed14,"3-block, H=72",best_fixed_Medium,0.8387886410208368,0.8024690284300379,0.8726869461055826,0.0,0.0,0.0,False,0.1009923250966488,413
0.01,block3_h72_seed14,"3-block, H=72",oracle_multicapacity,0.9397809661174856,0.9156082905823614,0.9615618293879378,0.1009923250966488,,,True,0.0,413
0.01,block3_h72_seed14,"3-block, H=72",ridge_expected_utility,0.8388551917714429,0.8024479508302459,0.8727773838220311,6.655075060599964e-05,3.327537530299982e-05,9.994496653508204e-05,True,0.10092577434604277,413
0.01,block3_h72_seed14,"3-block, H=72",rf_expected_utility,0.8494286294931526,0.8132018756045438,0.8833980881507834,0.010639988472315664,-0.011241376451935134,0.03242171969904793,False,0.09035233662433306,413
0.01,block3_h72_seed14,"3-block, H=72",logreg_oracle_label,0.8145870293506797,0.7781792796409523,0.8506951086368706,-0.024201611670157327,-0.05119782964911392,0.004957952810493428,False,0.1251939367668059,413
0.01,block3_h72_seed14,"3-block, H=72",rf_oracle_label,0.8204771303007753,0.7817143824464061,0.8567886191636198,-0.01831151072006152,-0.047343191607338714,0.008494389157713661,False,0.11930383581671034,413
0.02,block3_h72_seed14,"3-block, H=72",best_fixed_Medium,0.8349622699351362,0.7986426573443371,0.868860575019882,0.0,0.0,0.0,False,0.10271104244511342,413
0.02,block3_h72_seed14,"3-block, H=72",oracle_multicapacity,0.9376733123802496,0.9157118539189497,0.9594586463335281,0.10271104244511342,,,True,0.0,413
0.02,block3_h72_seed14,"3-block, H=72",ridge_expected_utility,0.8351429076867811,0.8011020698823874,0.8690602272716998,0.00018063775164486127,0.00010457975095228811,0.0002566957523374344,True,0.10253040469346852,413
0.02,block3_h72_seed14,"3-block, H=72",rf_expected_utility,0.8490424400628922,0.812796084218044,0.8827399656363982,0.014080170127755995,-0.007625555106312973,0.03594950915658134,False,0.08863087231735745,413
0.02,block3_h72_seed14,"3-block, H=72",logreg_oracle_label,0.8059295066432478,0.7672149691653861,0.8420623207371594,-0.029032763291888426,-0.05869296993099119,-1.3879444389664751e-05,False,0.13174380573700184,413
0.02,block3_h72_seed14,"3-block, H=72",rf_oracle_label,0.8177097085434395,0.7787669689883985,0.8540445958052537,-0.017252561391696817,-0.04631216154846922,0.011625448614036306,False,0.11996360383681015,413
0.05,block3_h72_seed14,"3-block, H=72",best_fixed_Medium,0.8234831566780345,0.7871635440872355,0.8573814617627803,0.0,0.0,0.0,False,0.10786719449050786,413
0.05,block3_h72_seed14,"3-block, H=72",oracle_multicapacity,0.9313503511685424,0.9072810744332026,0.9531876296080047,0.10786719449050786,,,True,0.0,413
0.05,block3_h72_seed14,"3-block, H=72",ridge_expected_utility,0.8241486641840946,0.790155286598483,0.8580950997224037,0.0006655075060600115,0.00042782625389572163,0.0009031887582243012,True,0.10720168698444776,413
0.05,block3_h72_seed14,"3-block, H=72",rf_expected_utility,0.8316027287081643,0.7956542852207678,0.8656396456337282,0.008119572030130013,-0.0142135975915054,0.030266923544082523,False,0.09974762246037805,413
0.05,block3_h72_seed14,"3-block, H=72",logreg_oracle_label,0.7799569385209524,0.7418540168435946,0.8168748238438708,-0.043526218157082,-0.07291149195821553,-0.013875440614620758,False,0.15139341264759,413
0.05,block3_h72_seed14,"3-block, H=72",rf_oracle_label,0.8094074432714315,0.7711186785060712,0.845741063515163,-0.014075713406602854,-0.04138705934855775,0.013029780914052384,False,0.12194290789711082,413
0.1,block3_h72_seed14,"3-block, H=72",best_fixed_Medium,0.804351301249531,0.7680316886587321,0.8382496063342768,0.0,0.0,0.0,False,0.11646078123283166,413
0.1,block3_h72_seed14,"3-block, H=72",oracle_multicapacity,0.9208120824823627,0.8968913343273981,0.9425508892709422,0.11646078123283166,,,True,0.0,413
0.1,block3_h72_seed14,"3-block, H=72",ridge_expected_utility,0.8110478300285191,0.7749183624394516,0.8471321381796757,0.006696528778988008,0.001473623763418605,0.01434074130061068,True,0.10976425245384358,413
0.1,block3_h72_seed14,"3-block, H=72",rf_expected_utility,0.8125413251231715,0.7781068596696119,0.8469193283612952,0.008190023873640356,-0.015667272909942485,0.0328273510235677,False,0.10827075735919123,413
0.1,block3_h72_seed14,"3-block, H=72",logreg_oracle_label,0.7366693249837937,0.7002447889525923,0.7732268574709281,-0.06768197626573769,-0.0972310450312963,-0.03873198555938081,False,0.184142757498569,413
0.1,block3_h72_seed14,"3-block, H=72",rf_oracle_label,0.7955703344847515,0.7562933310534359,0.831828694947164,-0.00878096676477948,-0.03627477068783631,0.019695423771642365,False,0.12524174799761123,413
0.15,block3_h72_seed14,"3-block, H=72",best_fixed_Tiny,0.7880337703975976,0.7492928503007452,0.8219320754823433,0.0,0.0,0.0,False,0.12224004339858596,413
0.15,block3_h72_seed14,"3-block, H=72",oracle_multicapacity,0.9102738137961836,0.8861636720254173,0.9310584465059667,0.12224004339858596,,,True,0.0,413
0.15,block3_h72_seed14,"3-block, H=72",ridge_expected_utility,0.7984698946277056,0.7620076732856079,0.832296895336802,0.010436124230107783,-0.025740879609392673,0.0468270411965561,False,0.11180391916847798,413
0.15,block3_h72_seed14,"3-block, H=72",rf_expected_utility,0.8019681516983755,0.7656413194915351,0.8362751871900661,0.013934381300777817,-0.016261300932556885,0.04498764230951706,False,0.10830566209780801,413
0.15,block3_h72_seed14,"3-block, H=72",logreg_oracle_label,0.6933817114466342,0.6576465898506368,0.7300759003627902,-0.0946520589509632,-0.13530876601856648,-0.05056208268756845,False,0.21689210234954936,413
0.15,block3_h72_seed14,"3-block, H=72",rf_oracle_label,0.7817332256980718,0.7429056643897914,0.818527245324316,-0.006300544699525835,-0.039278881432238226,0.0286639205308335,False,0.12854058809811175,413
0.2,block3_h72_seed14,"3-block, H=72",best_fixed_Tiny,0.7787181506834794,0.7423985380926803,0.8150377632742783,0.0,0.0,0.0,False,0.12101739442652448,413
0.2,block3_h72_seed14,"3-block, H=72",oracle_multicapacity,0.8997355451100039,0.8762287541561161,0.9216296974148832,0.12101739442652448,,,True,0.0,413
0.2,block3_h72_seed14,"3-block, H=72",ridge_expected_utility,0.7810018079643521,0.7453381956295265,0.8157605191819325,0.00228365728087265,-0.03209001030820168,0.03870547281010236,False,0.11873373714565172,413
0.2,block3_h72_seed14,"3-block, H=72",rf_expected_utility,0.7863520315835958,0.7499644979584781,0.8209555765888685,0.007633880900116539,-0.023610253748096714,0.03827164691509681,False,0.11338351352640808,413
0.2,block3_h72_seed14,"3-block, H=72",logreg_oracle_label,0.6500940979094754,0.6131326146455587,0.6873404026939068,-0.12862405277400404,-0.169881486476668,-0.08869850952135347,False,0.2496414472005285,413
0.2,block3_h72_seed14,"3-block, H=72",rf_oracle_label,0.7678961169113916,0.730403249525429,0.8042866214105557,-0.01082203377208769,-0.04625325271984215,0.023011662302754317,False,0.13183942819861227,413
0.3,block3_h72_seed14,"3-block, H=72",best_fixed_Tiny,0.7600869112552435,0.7213459911583913,0.7964065238460426,0.0,0.0,0.0,False,0.11857209648240186,413
0.3,block3_h72_seed14,"3-block, H=72",oracle_multicapacity,0.8786590077376454,0.8562088758362701,0.9002569662725376,0.11857209648240186,,,True,0.0,413
0.3,block3_h72_seed14,"3-block, H=72",ridge_expected_utility,0.7553291209400081,0.7194342933370824,0.7887996758025089,-0.0047577903152353105,-0.0396513153930486,0.030709211033794766,False,0.12332988679763723,413
0.3,block3_h72_seed14,"3-block, H=72",rf_expected_utility,0.7608287415794952,0.7216801591788644,0.7986114836964117,0.0007418303242515488,-0.02904514421062672,0.030031746581543818,False,0.11783026615815018,413
0.3,block3_h72_seed14,"3-block, H=72",logreg_oracle_label,0.5635188708351575,0.5237741962775893,0.6012470076751372,-0.19656804042008608,-0.23830335673071124,-0.1545931916370513,False,0.3151401369024879,413
0.3,block3_h72_seed14,"3-block, H=72",rf_oracle_label,0.7402218993380322,0.7005465896524544,0.7763795940522579,-0.019865011917211448,-0.05483395710762016,0.013781460747049373,False,0.1384371083996132,413
