lambda,heldout,variant_label,cheap,full,oracle,oracle_route,conf,conf_route,context_cls,context_cls_route,router,feature_set,util,route,k,rule
0.02,block3_h36_seed13,"3-block, H=36",0.8973105134474327,0.8088508557457212,0.940440097799511,0.044009779951100246,0.8525672371638143,0.28117359413202936,0.8869437652811736,0.029339853300733496,knn_gain,uncertainty,0.8422004889975551,0.3105134474327628,15,gain_threshold
0.02,block3_h36_seed13,"3-block, H=36",0.8973105134474327,0.8088508557457212,0.940440097799511,0.044009779951100246,0.8525672371638143,0.28117359413202936,0.8869437652811736,0.029339853300733496,rescue_harm,uncertainty,0.8555501222493888,0.254278728606357,25,"thr=0.0400,cap=0.2000"
0.02,block3_h36_seed13,"3-block, H=36",0.8973105134474327,0.8088508557457212,0.940440097799511,0.044009779951100246,0.8525672371638143,0.28117359413202936,0.8869437652811736,0.029339853300733496,knn_gain,margin,0.8598533007334963,0.28361858190709044,15,gain_threshold
0.02,block3_h36_seed13,"3-block, H=36",0.8973105134474327,0.8088508557457212,0.940440097799511,0.044009779951100246,0.8525672371638143,0.28117359413202936,0.8869437652811736,0.029339853300733496,rescue_harm,margin,0.8711002444987775,0.21026894865525672,25,"thr=0.0800,cap=0.2800"
0.02,block3_h36_seed13,"3-block, H=36",0.8973105134474327,0.8088508557457212,0.940440097799511,0.044009779951100246,0.8525672371638143,0.28117359413202936,0.8869437652811736,0.029339853300733496,knn_gain,context,0.8561858190709049,0.22249388753056235,15,gain_threshold
0.02,block3_h36_seed13,"3-block, H=36",0.8973105134474327,0.8088508557457212,0.940440097799511,0.044009779951100246,0.8525672371638143,0.28117359413202936,0.8869437652811736,0.029339853300733496,rescue_harm,context,0.8650855745721273,0.2665036674816626,100,"thr=0.0200,cap=0.2000"
0.02,block3_h36_seed13,"3-block, H=36",0.8973105134474327,0.8088508557457212,0.940440097799511,0.044009779951100246,0.8525672371638143,0.28117359413202936,0.8869437652811736,0.029339853300733496,knn_gain,latent_only,0.8776528117359415,0.37163814180929094,15,gain_threshold
0.02,block3_h36_seed13,"3-block, H=36",0.8973105134474327,0.8088508557457212,0.940440097799511,0.044009779951100246,0.8525672371638143,0.28117359413202936,0.8869437652811736,0.029339853300733496,rescue_harm,latent_only,0.8676283618581907,0.5061124694376528,50,"thr=0.0200,cap=0.0800"
0.02,block3_h36_seed13,"3-block, H=36",0.8973105134474327,0.8088508557457212,0.940440097799511,0.044009779951100246,0.8525672371638143,0.28117359413202936,0.8869437652811736,0.029339853300733496,knn_gain,context_latent,0.8750122249388754,0.2591687041564792,15,gain_threshold
0.02,block3_h36_seed13,"3-block, H=36",0.8973105134474327,0.8088508557457212,0.940440097799511,0.044009779951100246,0.8525672371638143,0.28117359413202936,0.8869437652811736,0.029339853300733496,rescue_harm,context_latent,0.8767726161369194,0.17114914425427874,25,"thr=0.0800,cap=0.1600"
0.05,block3_h36_seed13,"3-block, H=36",0.8973105134474327,0.7788508557457212,0.9391198044009781,0.044009779951100246,0.8441320293398533,0.28117359413202936,0.8860635696821517,0.029339853300733496,knn_gain,uncertainty,0.8328850855745721,0.3105134474327628,15,gain_threshold
0.05,block3_h36_seed13,"3-block, H=36",0.8973105134474327,0.7788508557457212,0.9391198044009781,0.044009779951100246,0.8441320293398533,0.28117359413202936,0.8860635696821517,0.029339853300733496,rescue_harm,uncertainty,0.8646699266503667,0.16381418092909536,50,"thr=0.1000,cap=0.2000"
0.05,block3_h36_seed13,"3-block, H=36",0.8973105134474327,0.7788508557457212,0.9391198044009781,0.044009779951100246,0.8441320293398533,0.28117359413202936,0.8860635696821517,0.029339853300733496,knn_gain,margin,0.8589242053789732,0.22982885085574573,25,gain_threshold
0.05,block3_h36_seed13,"3-block, H=36",0.8973105134474327,0.7788508557457212,0.9391198044009781,0.044009779951100246,0.8441320293398533,0.28117359413202936,0.8860635696821517,0.029339853300733496,rescue_harm,margin,0.8647921760391197,0.21026894865525672,25,"thr=0.0800,cap=0.2800"
0.05,block3_h36_seed13,"3-block, H=36",0.8973105134474327,0.7788508557457212,0.9391198044009781,0.044009779951100246,0.8441320293398533,0.28117359413202936,0.8860635696821517,0.029339853300733496,knn_gain,context,0.8495110024449878,0.22249388753056235,15,gain_threshold
0.05,block3_h36_seed13,"3-block, H=36",0.8973105134474327,0.7788508557457212,0.9391198044009781,0.044009779951100246,0.8441320293398533,0.28117359413202936,0.8860635696821517,0.029339853300733496,rescue_harm,context,0.8612469437652812,0.23227383863080683,100,"thr=0.0300,cap=0.2000"
0.05,block3_h36_seed13,"3-block, H=36",0.8973105134474327,0.7788508557457212,0.9391198044009781,0.044009779951100246,0.8441320293398533,0.28117359413202936,0.8860635696821517,0.029339853300733496,knn_gain,latent_only,0.8665036674816625,0.37163814180929094,15,gain_threshold
0.05,block3_h36_seed13,"3-block, H=36",0.8973105134474327,0.7788508557457212,0.9391198044009781,0.044009779951100246,0.8441320293398533,0.28117359413202936,0.8860635696821517,0.029339853300733496,rescue_harm,latent_only,0.8665036674816625,0.32273838630806845,100,"thr=0.0500,cap=0.0500"
0.05,block3_h36_seed13,"3-block, H=36",0.8973105134474327,0.7788508557457212,0.9391198044009781,0.044009779951100246,0.8441320293398533,0.28117359413202936,0.8860635696821517,0.029339853300733496,knn_gain,context_latent,0.8832518337408313,0.13447432762836187,15,tuned_threshold
0.05,block3_h36_seed13,"3-block, H=36",0.8973105134474327,0.7788508557457212,0.9391198044009781,0.044009779951100246,0.8441320293398533,0.28117359413202936,0.8860635696821517,0.029339853300733496,rescue_harm,context_latent,0.871638141809291,0.17114914425427874,25,"thr=0.0500,cap=0.1600"
0.1,block3_h36_seed13,"3-block, H=36",0.8973105134474327,0.7288508557457213,0.9369193154034231,0.044009779951100246,0.8689486552567237,0.13691931540342298,0.8845965770171148,0.029339853300733496,knn_gain,uncertainty,0.8442542787286063,0.21271393643031786,15,gain_threshold
0.1,block3_h36_seed13,"3-block, H=36",0.8973105134474327,0.7288508557457213,0.9369193154034231,0.044009779951100246,0.8689486552567237,0.13691931540342298,0.8845965770171148,0.029339853300733496,rescue_harm,uncertainty,0.8775061124694375,0.12469437652811736,50,"thr=0.1800,cap=0.1200"
0.1,block3_h36_seed13,"3-block, H=36",0.8973105134474327,0.7288508557457213,0.9369193154034231,0.044009779951100246,0.8689486552567237,0.13691931540342298,0.8845965770171148,0.029339853300733496,knn_gain,margin,0.8474327628361858,0.22982885085574573,25,tuned_threshold
0.1,block3_h36_seed13,"3-block, H=36",0.8973105134474327,0.7288508557457213,0.9369193154034231,0.044009779951100246,0.8689486552567237,0.13691931540342298,0.8845965770171148,0.029339853300733496,rescue_harm,margin,0.8674816625916872,0.1271393643031785,200,"thr=0.0900,cap=0.1050"
0.1,block3_h36_seed13,"3-block, H=36",0.8973105134474327,0.7288508557457213,0.9369193154034231,0.044009779951100246,0.8689486552567237,0.13691931540342298,0.8845965770171148,0.029339853300733496,knn_gain,context,0.8679706601466992,0.1466992665036675,15,gain_threshold
0.1,block3_h36_seed13,"3-block, H=36",0.8973105134474327,0.7288508557457213,0.9369193154034231,0.044009779951100246,0.8689486552567237,0.13691931540342298,0.8845965770171148,0.029339853300733496,rescue_harm,context,0.8841075794621027,0.10757946210268948,15,"thr=0.1333,cap=0.1333"
0.1,block3_h36_seed13,"3-block, H=36",0.8973105134474327,0.7288508557457213,0.9369193154034231,0.044009779951100246,0.8689486552567237,0.13691931540342298,0.8845965770171148,0.029339853300733496,knn_gain,latent_only,0.8701711491442542,0.22249388753056235,15,gain_threshold
0.1,block3_h36_seed13,"3-block, H=36",0.8973105134474327,0.7288508557457213,0.9369193154034231,0.044009779951100246,0.8689486552567237,0.13691931540342298,0.8845965770171148,0.029339853300733496,rescue_harm,latent_only,0.8841075794621027,0.10757946210268948,15,"thr=0.1333,cap=0.0000"
0.1,block3_h36_seed13,"3-block, H=36",0.8973105134474327,0.7288508557457213,0.9369193154034231,0.044009779951100246,0.8689486552567237,0.13691931540342298,0.8845965770171148,0.029339853300733496,knn_gain,context_latent,0.8765281173594132,0.13447432762836187,15,gain_threshold
0.1,block3_h36_seed13,"3-block, H=36",0.8973105134474327,0.7288508557457213,0.9369193154034231,0.044009779951100246,0.8689486552567237,0.13691931540342298,0.8845965770171148,0.029339853300733496,rescue_harm,context_latent,0.8841075794621027,0.10757946210268948,15,"thr=0.1333,cap=0.1333"
0.2,block3_h36_seed13,"3-block, H=36",0.8973105134474327,0.6288508557457213,0.9325183374083129,0.044009779951100246,0.8552567237163814,0.13691931540342298,0.8836185819070904,0.019559902200488997,knn_gain,uncertainty,0.8567237163814181,0.14180929095354522,15,tuned_threshold
0.2,block3_h36_seed13,"3-block, H=36",0.8973105134474327,0.6288508557457213,0.9325183374083129,0.044009779951100246,0.8552567237163814,0.13691931540342298,0.8836185819070904,0.019559902200488997,rescue_harm,uncertainty,0.8650366748166259,0.12469437652811736,50,"thr=0.1800,cap=0.1200"
0.2,block3_h36_seed13,"3-block, H=36",0.8973105134474327,0.6288508557457213,0.9325183374083129,0.044009779951100246,0.8552567237163814,0.13691931540342298,0.8836185819070904,0.019559902200488997,knn_gain,margin,0.8665036674816625,0.10513447432762836,15,gain_threshold
0.2,block3_h36_seed13,"3-block, H=36",0.8973105134474327,0.6288508557457213,0.9325183374083129,0.044009779951100246,0.8552567237163814,0.13691931540342298,0.8836185819070904,0.019559902200488997,rescue_harm,margin,0.8581907090464548,0.12224938875305623,200,"thr=0.1300,cap=0.1050"
0.2,block3_h36_seed13,"3-block, H=36",0.8973105134474327,0.6288508557457213,0.9325183374083129,0.044009779951100246,0.8552567237163814,0.13691931540342298,0.8836185819070904,0.019559902200488997,knn_gain,context,0.8801955990220048,0.08557457212713937,15,tuned_threshold
0.2,block3_h36_seed13,"3-block, H=36",0.8973105134474327,0.6288508557457213,0.9325183374083129,0.044009779951100246,0.8552567237163814,0.13691931540342298,0.8836185819070904,0.019559902200488997,rescue_harm,context,0.8777506112469438,0.03667481662591687,15,"thr=0.2667,cap=0.1333"
0.2,block3_h36_seed13,"3-block, H=36",0.8973105134474327,0.6288508557457213,0.9325183374083129,0.044009779951100246,0.8552567237163814,0.13691931540342298,0.8836185819070904,0.019559902200488997,knn_gain,latent_only,0.8801955990220048,0.061124694376528114,15,gain_threshold
0.2,block3_h36_seed13,"3-block, H=36",0.8973105134474327,0.6288508557457213,0.9325183374083129,0.044009779951100246,0.8552567237163814,0.13691931540342298,0.8836185819070904,0.019559902200488997,rescue_harm,latent_only,0.8880195599022006,0.034229828850855744,15,"thr=0.3333,cap=0.0000"
0.2,block3_h36_seed13,"3-block, H=36",0.8973105134474327,0.6288508557457213,0.9325183374083129,0.044009779951100246,0.8552567237163814,0.13691931540342298,0.8836185819070904,0.019559902200488997,knn_gain,context_latent,0.8816625916870416,0.07823960880195599,15,gain_threshold
0.2,block3_h36_seed13,"3-block, H=36",0.8973105134474327,0.6288508557457213,0.9325183374083129,0.044009779951100246,0.8552567237163814,0.13691931540342298,0.8836185819070904,0.019559902200488997,rescue_harm,context_latent,0.8787286063569681,0.09290953545232274,15,"thr=0.2000,cap=0.1333"
0.3,block3_h36_seed13,"3-block, H=36",0.8973105134474327,0.5288508557457212,0.928117359413203,0.044009779951100246,0.8877750611246944,0.007334963325183374,0.8816625916870416,0.019559902200488997,knn_gain,uncertainty,0.8865525672371639,0.019559902200488997,15,tuned_threshold
0.3,block3_h36_seed13,"3-block, H=36",0.8973105134474327,0.5288508557457212,0.928117359413203,0.044009779951100246,0.8877750611246944,0.007334963325183374,0.8816625916870416,0.019559902200488997,rescue_harm,uncertainty,0.8973105134474327,0.0,25,"thr=0.4000,cap=0.0400"
0.3,block3_h36_seed13,"3-block, H=36",0.8973105134474327,0.5288508557457212,0.928117359413203,0.044009779951100246,0.8877750611246944,0.007334963325183374,0.8816625916870416,0.019559902200488997,knn_gain,margin,0.8765281173594132,0.03667481662591687,50,gain_threshold
0.3,block3_h36_seed13,"3-block, H=36",0.8973105134474327,0.5288508557457212,0.928117359413203,0.044009779951100246,0.8877750611246944,0.007334963325183374,0.8816625916870416,0.019559902200488997,rescue_harm,margin,0.8691931540342298,0.061124694376528114,200,"thr=0.2000,cap=0.1050"
0.3,block3_h36_seed13,"3-block, H=36",0.8973105134474327,0.5288508557457212,0.928117359413203,0.044009779951100246,0.8877750611246944,0.007334963325183374,0.8816625916870416,0.019559902200488997,knn_gain,context,0.8872860635696821,0.017114914425427872,15,gain_threshold
0.3,block3_h36_seed13,"3-block, H=36",0.8973105134474327,0.5288508557457212,0.928117359413203,0.044009779951100246,0.8877750611246944,0.007334963325183374,0.8816625916870416,0.019559902200488997,rescue_harm,context,0.8833740831295844,0.022004889975550123,100,"thr=0.1442,cap=0.0700"
0.3,block3_h36_seed13,"3-block, H=36",0.8973105134474327,0.5288508557457212,0.928117359413203,0.044009779951100246,0.8877750611246944,0.007334963325183374,0.8816625916870416,0.019559902200488997,knn_gain,latent_only,0.8740831295843521,0.061124694376528114,15,tuned_threshold
0.3,block3_h36_seed13,"3-block, H=36",0.8973105134474327,0.5288508557457212,0.928117359413203,0.044009779951100246,0.8877750611246944,0.007334963325183374,0.8816625916870416,0.019559902200488997,rescue_harm,latent_only,0.8845965770171148,0.034229828850855744,15,"thr=0.3000,cap=0.0000"
0.3,block3_h36_seed13,"3-block, H=36",0.8973105134474327,0.5288508557457212,0.928117359413203,0.044009779951100246,0.8877750611246944,0.007334963325183374,0.8816625916870416,0.019559902200488997,knn_gain,context_latent,0.8738386308068459,0.07823960880195599,15,tuned_threshold
0.3,block3_h36_seed13,"3-block, H=36",0.8973105134474327,0.5288508557457212,0.928117359413203,0.044009779951100246,0.8877750611246944,0.007334963325183374,0.8816625916870416,0.019559902200488997,rescue_harm,context_latent,0.882640586797066,0.0488997555012225,25,"thr=0.2800,cap=0.1600"
0.5,block3_h36_seed13,"3-block, H=36",0.8973105134474327,0.32885085574572126,0.9193154034229829,0.044009779951100246,0.8973105134474327,0.0,0.8838630806845966,0.012224938875305624,knn_gain,uncertainty,0.882640586797066,0.019559902200488997,15,tuned_threshold
0.5,block3_h36_seed13,"3-block, H=36",0.8973105134474327,0.32885085574572126,0.9193154034229829,0.044009779951100246,0.8973105134474327,0.0,0.8838630806845966,0.012224938875305624,rescue_harm,uncertainty,0.8973105134474327,0.0,15,"thr=0.5000,cap=0.0000"
0.5,block3_h36_seed13,"3-block, H=36",0.8973105134474327,0.32885085574572126,0.9193154034229829,0.044009779951100246,0.8973105134474327,0.0,0.8838630806845966,0.012224938875305624,knn_gain,margin,0.8973105134474327,0.0,15,gain_threshold
0.5,block3_h36_seed13,"3-block, H=36",0.8973105134474327,0.32885085574572126,0.9193154034229829,0.044009779951100246,0.8973105134474327,0.0,0.8838630806845966,0.012224938875305624,rescue_harm,margin,0.8801955990220048,0.014669926650366748,100,"thr=0.2900,cap=0.0500"
0.5,block3_h36_seed13,"3-block, H=36",0.8973105134474327,0.32885085574572126,0.9193154034229829,0.044009779951100246,0.8973105134474327,0.0,0.8838630806845966,0.012224938875305624,knn_gain,context,0.8973105134474327,0.0,15,gain_threshold
0.5,block3_h36_seed13,"3-block, H=36",0.8973105134474327,0.32885085574572126,0.9193154034229829,0.044009779951100246,0.8973105134474327,0.0,0.8838630806845966,0.012224938875305624,rescue_harm,context,0.8973105134474327,0.0,25,"thr=0.5000,cap=0.0000"
0.5,block3_h36_seed13,"3-block, H=36",0.8973105134474327,0.32885085574572126,0.9193154034229829,0.044009779951100246,0.8973105134474327,0.0,0.8838630806845966,0.012224938875305624,knn_gain,latent_only,0.8960880195599022,0.0024449877750611247,15,tuned_threshold
0.5,block3_h36_seed13,"3-block, H=36",0.8973105134474327,0.32885085574572126,0.9193154034229829,0.044009779951100246,0.8973105134474327,0.0,0.8838630806845966,0.012224938875305624,rescue_harm,latent_only,0.8973105134474327,0.0,15,"thr=0.5000,cap=0.0000"
0.5,block3_h36_seed13,"3-block, H=36",0.8973105134474327,0.32885085574572126,0.9193154034229829,0.044009779951100246,0.8973105134474327,0.0,0.8838630806845966,0.012224938875305624,knn_gain,context_latent,0.8838630806845966,0.02689486552567237,25,tuned_threshold
0.5,block3_h36_seed13,"3-block, H=36",0.8973105134474327,0.32885085574572126,0.9193154034229829,0.044009779951100246,0.8973105134474327,0.0,0.8838630806845966,0.012224938875305624,rescue_harm,context_latent,0.8838630806845966,0.02689486552567237,25,"thr=0.3600,cap=0.1600"
0.02,block3_h48_seed10,"3-block, H=48",0.8532338308457711,0.8207960199004974,0.914179104477612,0.06218905472636816,0.8629353233830845,0.13681592039800994,0.8618905472636816,0.06467661691542288,knn_gain,uncertainty,0.8421890547263682,0.3034825870646766,15,gain_threshold
0.02,block3_h48_seed10,"3-block, H=48",0.8532338308457711,0.8207960199004974,0.914179104477612,0.06218905472636816,0.8629353233830845,0.13681592039800994,0.8618905472636816,0.06467661691542288,rescue_harm,uncertainty,0.8595522388059703,0.18159203980099503,200,"thr=0.0250,cap=0.1600"
0.02,block3_h48_seed10,"3-block, H=48",0.8532338308457711,0.8207960199004974,0.914179104477612,0.06218905472636816,0.8629353233830845,0.13681592039800994,0.8618905472636816,0.06467661691542288,knn_gain,margin,0.8467164179104479,0.20149253731343283,15,gain_threshold
0.02,block3_h48_seed10,"3-block, H=48",0.8532338308457711,0.8207960199004974,0.914179104477612,0.06218905472636816,0.8629353233830845,0.13681592039800994,0.8618905472636816,0.06467661691542288,rescue_harm,margin,0.8530348258706468,0.25870646766169153,25,"thr=0.0200,cap=0.2000"
0.02,block3_h48_seed10,"3-block, H=48",0.8532338308457711,0.8207960199004974,0.914179104477612,0.06218905472636816,0.8629353233830845,0.13681592039800994,0.8618905472636816,0.06467661691542288,knn_gain,context,0.8662189054726369,0.09701492537313433,15,gain_threshold
0.02,block3_h48_seed10,"3-block, H=48",0.8532338308457711,0.8207960199004974,0.914179104477612,0.06218905472636816,0.8629353233830845,0.13681592039800994,0.8618905472636816,0.06467661691542288,rescue_harm,context,0.8709452736318408,0.10945273631840796,25,"thr=0.0400,cap=0.2000"
0.02,block3_h48_seed10,"3-block, H=48",0.8532338308457711,0.8207960199004974,0.914179104477612,0.06218905472636816,0.8629353233830845,0.13681592039800994,0.8618905472636816,0.06467661691542288,knn_gain,latent_only,0.8623880597014927,0.4129353233830846,15,gain_threshold
0.02,block3_h48_seed10,"3-block, H=48",0.8532338308457711,0.8207960199004974,0.914179104477612,0.06218905472636816,0.8629353233830845,0.13681592039800994,0.8618905472636816,0.06467661691542288,rescue_harm,latent_only,0.846268656716418,0.3482587064676617,50,"thr=0.0400,cap=0.0600"
0.02,block3_h48_seed10,"3-block, H=48",0.8532338308457711,0.8207960199004974,0.914179104477612,0.06218905472636816,0.8629353233830845,0.13681592039800994,0.8618905472636816,0.06467661691542288,knn_gain,context_latent,0.8659203980099504,0.236318407960199,15,gain_threshold
0.02,block3_h48_seed10,"3-block, H=48",0.8532338308457711,0.8207960199004974,0.914179104477612,0.06218905472636816,0.8629353233830845,0.13681592039800994,0.8618905472636816,0.06467661691542288,rescue_harm,context_latent,0.8686069651741295,0.2263681592039801,15,"thr=0.0200,cap=0.2000"
0.05,block3_h48_seed10,"3-block, H=48",0.8532338308457711,0.7907960199004974,0.9123134328358209,0.06218905472636816,0.8681592039800995,0.09950248756218906,0.8599502487562188,0.06467661691542288,knn_gain,uncertainty,0.833084577114428,0.3034825870646766,15,gain_threshold
0.05,block3_h48_seed10,"3-block, H=48",0.8532338308457711,0.7907960199004974,0.9123134328358209,0.06218905472636816,0.8681592039800995,0.09950248756218906,0.8599502487562188,0.06467661691542288,rescue_harm,uncertainty,0.8660447761194029,0.09203980099502487,200,"thr=0.0500,cap=0.1600"
0.05,block3_h48_seed10,"3-block, H=48",0.8532338308457711,0.7907960199004974,0.9123134328358209,0.06218905472636816,0.8681592039800995,0.09950248756218906,0.8599502487562188,0.06467661691542288,knn_gain,margin,0.8406716417910447,0.20149253731343283,15,gain_threshold
0.05,block3_h48_seed10,"3-block, H=48",0.8532338308457711,0.7907960199004974,0.9123134328358209,0.06218905472636816,0.8681592039800995,0.09950248756218906,0.8599502487562188,0.06467661691542288,rescue_harm,margin,0.8629353233830845,0.1044776119402985,50,"thr=0.1200,cap=0.2000"
0.05,block3_h48_seed10,"3-block, H=48",0.8532338308457711,0.7907960199004974,0.9123134328358209,0.06218905472636816,0.8681592039800995,0.09950248756218906,0.8599502487562188,0.06467661691542288,knn_gain,context,0.8633084577114428,0.09701492537313433,15,gain_threshold
0.05,block3_h48_seed10,"3-block, H=48",0.8532338308457711,0.7907960199004974,0.9123134328358209,0.06218905472636816,0.8681592039800995,0.09950248756218906,0.8599502487562188,0.06467661691542288,rescue_harm,context,0.8664179104477612,0.0845771144278607,25,"thr=0.0400,cap=0.2000"
0.05,block3_h48_seed10,"3-block, H=48",0.8532338308457711,0.7907960199004974,0.9123134328358209,0.06218905472636816,0.8681592039800995,0.09950248756218906,0.8599502487562188,0.06467661691542288,knn_gain,latent_only,0.8628109452736318,0.2562189054726368,15,tuned_threshold
0.05,block3_h48_seed10,"3-block, H=48",0.8532338308457711,0.7907960199004974,0.9123134328358209,0.06218905472636816,0.8681592039800995,0.09950248756218906,0.8599502487562188,0.06467661691542288,rescue_harm,latent_only,0.8544776119402985,0.22388059701492538,25,"thr=0.1200,cap=0.0800"
0.05,block3_h48_seed10,"3-block, H=48",0.8532338308457711,0.7907960199004974,0.9123134328358209,0.06218905472636816,0.8681592039800995,0.09950248756218906,0.8599502487562188,0.06467661691542288,knn_gain,context_latent,0.8667910447761193,0.12686567164179105,15,tuned_threshold
0.05,block3_h48_seed10,"3-block, H=48",0.8532338308457711,0.7907960199004974,0.9123134328358209,0.06218905472636816,0.8681592039800995,0.09950248756218906,0.8599502487562188,0.06467661691542288,rescue_harm,context_latent,0.8635572139303483,0.1417910447761194,25,"thr=0.0800,cap=0.3500"
0.1,block3_h48_seed10,"3-block, H=48",0.8532338308457711,0.7407960199004975,0.9092039800995025,0.06218905472636816,0.8619402985074627,0.08706467661691543,0.8567164179104477,0.06467661691542288,knn_gain,uncertainty,0.8420398009950248,0.11194029850746269,25,gain_threshold
0.1,block3_h48_seed10,"3-block, H=48",0.8532338308457711,0.7407960199004975,0.9092039800995025,0.06218905472636816,0.8619402985074627,0.08706467661691543,0.8567164179104477,0.06467661691542288,rescue_harm,uncertainty,0.8614427860696517,0.09203980099502487,200,"thr=0.0450,cap=0.1600"
0.1,block3_h48_seed10,"3-block, H=48",0.8532338308457711,0.7407960199004975,0.9092039800995025,0.06218905472636816,0.8619402985074627,0.08706467661691543,0.8567164179104477,0.06467661691542288,knn_gain,margin,0.8305970149253732,0.20149253731343283,15,tuned_threshold
0.1,block3_h48_seed10,"3-block, H=48",0.8532338308457711,0.7407960199004975,0.9092039800995025,0.06218905472636816,0.8619402985074627,0.08706467661691543,0.8567164179104477,0.06467661691542288,rescue_harm,margin,0.8577114427860697,0.1044776119402985,50,"thr=0.1200,cap=0.2000"
0.1,block3_h48_seed10,"3-block, H=48",0.8532338308457711,0.7407960199004975,0.9092039800995025,0.06218905472636816,0.8619402985074627,0.08706467661691543,0.8567164179104477,0.06467661691542288,knn_gain,context,0.8512437810945274,0.04477611940298507,15,gain_threshold
0.1,block3_h48_seed10,"3-block, H=48",0.8532338308457711,0.7407960199004975,0.9092039800995025,0.06218905472636816,0.8619402985074627,0.08706467661691543,0.8567164179104477,0.06467661691542288,rescue_harm,context,0.8507462686567164,0.024875621890547265,15,"thr=0.1333,cap=0.1333"
0.1,block3_h48_seed10,"3-block, H=48",0.8532338308457711,0.7407960199004975,0.9092039800995025,0.06218905472636816,0.8619402985074627,0.08706467661691543,0.8567164179104477,0.06467661691542288,knn_gain,latent_only,0.8500000000000001,0.2562189054726368,15,gain_threshold
0.1,block3_h48_seed10,"3-block, H=48",0.8532338308457711,0.7407960199004975,0.9092039800995025,0.06218905472636816,0.8619402985074627,0.08706467661691543,0.8567164179104477,0.06467661691542288,rescue_harm,latent_only,0.8569651741293532,0.13681592039800994,15,"thr=0.2000,cap=0.1333"
0.1,block3_h48_seed10,"3-block, H=48",0.8532338308457711,0.7407960199004975,0.9092039800995025,0.06218905472636816,0.8619402985074627,0.08706467661691543,0.8567164179104477,0.06467661691542288,knn_gain,context_latent,0.8604477611940299,0.12686567164179105,15,gain_threshold
0.1,block3_h48_seed10,"3-block, H=48",0.8532338308457711,0.7407960199004975,0.9092039800995025,0.06218905472636816,0.8619402985074627,0.08706467661691543,0.8567164179104477,0.06467661691542288,rescue_harm,context_latent,0.8557213930348259,0.09950248756218906,25,"thr=0.1000,cap=0.3500"
0.2,block3_h48_seed10,"3-block, H=48",0.8532338308457711,0.6407960199004974,0.9029850746268657,0.06218905472636816,0.8492537313432836,0.04477611940298507,0.8502487562189055,0.06467661691542288,knn_gain,uncertainty,0.8482587064676617,0.03731343283582089,50,gain_threshold
0.2,block3_h48_seed10,"3-block, H=48",0.8532338308457711,0.6407960199004974,0.9029850746268657,0.06218905472636816,0.8492537313432836,0.04477611940298507,0.8502487562189055,0.06467661691542288,rescue_harm,uncertainty,0.8522388059701493,0.017412935323383085,25,"thr=0.2000,cap=0.0000"
0.2,block3_h48_seed10,"3-block, H=48",0.8532338308457711,0.6407960199004974,0.9029850746268657,0.06218905472636816,0.8492537313432836,0.04477611940298507,0.8502487562189055,0.06467661691542288,knn_gain,margin,0.8432835820895522,0.04975124378109453,15,gain_threshold
0.2,block3_h48_seed10,"3-block, H=48",0.8532338308457711,0.6407960199004974,0.9029850746268657,0.06218905472636816,0.8492537313432836,0.04477611940298507,0.8502487562189055,0.06467661691542288,rescue_harm,margin,0.844776119402985,0.017412935323383085,25,"thr=0.2800,cap=0.0400"
0.2,block3_h48_seed10,"3-block, H=48",0.8532338308457711,0.6407960199004974,0.9029850746268657,0.06218905472636816,0.8492537313432836,0.04477611940298507,0.8502487562189055,0.06467661691542288,knn_gain,context,0.854228855721393,0.007462686567164179,15,tuned_threshold
0.2,block3_h48_seed10,"3-block, H=48",0.8532338308457711,0.6407960199004974,0.9029850746268657,0.06218905472636816,0.8492537313432836,0.04477611940298507,0.8502487562189055,0.06467661691542288,rescue_harm,context,0.853731343283582,0.009950248756218905,15,"thr=0.2667,cap=0.1333"
0.2,block3_h48_seed10,"3-block, H=48",0.8532338308457711,0.6407960199004974,0.9029850746268657,0.06218905472636816,0.8492537313432836,0.04477611940298507,0.8502487562189055,0.06467661691542288,knn_gain,latent_only,0.845771144278607,0.06218905472636816,15,gain_threshold
0.2,block3_h48_seed10,"3-block, H=48",0.8532338308457711,0.6407960199004974,0.9029850746268657,0.06218905472636816,0.8492537313432836,0.04477611940298507,0.8502487562189055,0.06467661691542288,rescue_harm,latent_only,0.8532338308457711,0.0,15,"thr=0.4667,cap=0.0000"
0.2,block3_h48_seed10,"3-block, H=48",0.8532338308457711,0.6407960199004974,0.9029850746268657,0.06218905472636816,0.8492537313432836,0.04477611940298507,0.8502487562189055,0.06467661691542288,knn_gain,context_latent,0.8477611940298507,0.12686567164179105,15,tuned_threshold
0.2,block3_h48_seed10,"3-block, H=48",0.8532338308457711,0.6407960199004974,0.9029850746268657,0.06218905472636816,0.8492537313432836,0.04477611940298507,0.8502487562189055,0.06467661691542288,rescue_harm,context_latent,0.8477611940298506,0.05223880597014925,25,"thr=0.1600,cap=0.1600"
0.3,block3_h48_seed10,"3-block, H=48",0.8532338308457711,0.5407960199004975,0.8967661691542289,0.06218905472636816,0.8532338308457711,0.0,0.845771144278607,0.04975124378109453,knn_gain,uncertainty,0.8485074626865672,0.007462686567164179,15,tuned_threshold
0.3,block3_h48_seed10,"3-block, H=48",0.8532338308457711,0.5407960199004975,0.8967661691542289,0.06218905472636816,0.8532338308457711,0.0,0.845771144278607,0.04975124378109453,rescue_harm,uncertainty,0.8504975124378109,0.017412935323383085,25,"thr=0.2000,cap=0.0000"
0.3,block3_h48_seed10,"3-block, H=48",0.8532338308457711,0.5407960199004975,0.8967661691542289,0.06218905472636816,0.8532338308457711,0.0,0.845771144278607,0.04975124378109453,knn_gain,margin,0.8375621890547263,0.02736318407960199,15,gain_threshold
0.3,block3_h48_seed10,"3-block, H=48",0.8532338308457711,0.5407960199004975,0.8967661691542289,0.06218905472636816,0.8532338308457711,0.0,0.845771144278607,0.04975124378109453,rescue_harm,margin,0.8532338308457711,0.0,200,"thr=0.0750,cap=0.0900"
0.3,block3_h48_seed10,"3-block, H=48",0.8532338308457711,0.5407960199004975,0.8967661691542289,0.06218905472636816,0.8532338308457711,0.0,0.845771144278607,0.04975124378109453,knn_gain,context,0.8534825870646767,0.007462686567164179,15,gain_threshold
0.3,block3_h48_seed10,"3-block, H=48",0.8532338308457711,0.5407960199004975,0.8967661691542289,0.06218905472636816,0.8532338308457711,0.0,0.845771144278607,0.04975124378109453,rescue_harm,context,0.8517412935323383,0.004975124378109453,25,"thr=0.2000,cap=0.0800"
0.3,block3_h48_seed10,"3-block, H=48",0.8532338308457711,0.5407960199004975,0.8967661691542289,0.06218905472636816,0.8532338308457711,0.0,0.845771144278607,0.04975124378109453,knn_gain,latent_only,0.8395522388059702,0.06218905472636816,15,tuned_threshold
0.3,block3_h48_seed10,"3-block, H=48",0.8532338308457711,0.5407960199004975,0.8967661691542289,0.06218905472636816,0.8532338308457711,0.0,0.845771144278607,0.04975124378109453,rescue_harm,latent_only,0.8532338308457711,0.0,15,"thr=0.4667,cap=0.0000"
0.3,block3_h48_seed10,"3-block, H=48",0.8532338308457711,0.5407960199004975,0.8967661691542289,0.06218905472636816,0.8532338308457711,0.0,0.845771144278607,0.04975124378109453,knn_gain,context_latent,0.8517412935323383,0.029850746268656716,15,tuned_threshold
0.3,block3_h48_seed10,"3-block, H=48",0.8532338308457711,0.5407960199004975,0.8967661691542289,0.06218905472636816,0.8532338308457711,0.0,0.845771144278607,0.04975124378109453,rescue_harm,context_latent,0.8532338308457711,0.024875621890547265,50,"thr=0.1600,cap=0.1600"
0.5,block3_h48_seed10,"3-block, H=48",0.8532338308457711,0.34079601990049746,0.8843283582089553,0.06218905472636816,0.8532338308457711,0.0,0.8395522388059702,0.04228855721393035,knn_gain,uncertainty,0.8470149253731343,0.007462686567164179,15,gain_threshold
0.5,block3_h48_seed10,"3-block, H=48",0.8532338308457711,0.34079601990049746,0.8843283582089553,0.06218905472636816,0.8532338308457711,0.0,0.8395522388059702,0.04228855721393035,rescue_harm,uncertainty,0.8470149253731343,0.017412935323383085,25,"thr=0.2000,cap=0.0000"
0.5,block3_h48_seed10,"3-block, H=48",0.8532338308457711,0.34079601990049746,0.8843283582089553,0.06218905472636816,0.8532338308457711,0.0,0.8395522388059702,0.04228855721393035,knn_gain,margin,0.8532338308457711,0.0,15,tuned_threshold
0.5,block3_h48_seed10,"3-block, H=48",0.8532338308457711,0.34079601990049746,0.8843283582089553,0.06218905472636816,0.8532338308457711,0.0,0.8395522388059702,0.04228855721393035,rescue_harm,margin,0.8532338308457711,0.0,200,"thr=0.0750,cap=0.0900"
0.5,block3_h48_seed10,"3-block, H=48",0.8532338308457711,0.34079601990049746,0.8843283582089553,0.06218905472636816,0.8532338308457711,0.0,0.8395522388059702,0.04228855721393035,knn_gain,context,0.8532338308457711,0.0,15,gain_threshold
0.5,block3_h48_seed10,"3-block, H=48",0.8532338308457711,0.34079601990049746,0.8843283582089553,0.06218905472636816,0.8532338308457711,0.0,0.8395522388059702,0.04228855721393035,rescue_harm,context,0.8532338308457711,0.0,50,"thr=0.3400,cap=0.0800"
0.5,block3_h48_seed10,"3-block, H=48",0.8532338308457711,0.34079601990049746,0.8843283582089553,0.06218905472636816,0.8532338308457711,0.0,0.8395522388059702,0.04228855721393035,knn_gain,latent_only,0.8532338308457711,0.0,15,gain_threshold
0.5,block3_h48_seed10,"3-block, H=48",0.8532338308457711,0.34079601990049746,0.8843283582089553,0.06218905472636816,0.8532338308457711,0.0,0.8395522388059702,0.04228855721393035,rescue_harm,latent_only,0.8532338308457711,0.0,15,"thr=0.4667,cap=0.0000"
0.5,block3_h48_seed10,"3-block, H=48",0.8532338308457711,0.34079601990049746,0.8843283582089553,0.06218905472636816,0.8532338308457711,0.0,0.8395522388059702,0.04228855721393035,knn_gain,context_latent,0.849502487562189,0.022388059701492536,15,tuned_threshold
0.5,block3_h48_seed10,"3-block, H=48",0.8532338308457711,0.34079601990049746,0.8843283582089553,0.06218905472636816,0.8532338308457711,0.0,0.8395522388059702,0.04228855721393035,rescue_harm,context_latent,0.8544776119402985,0.007462686567164179,25,"thr=0.3467,cap=0.1600"
0.02,block3_h72_seed14,"3-block, H=72",0.7312348668280871,0.7984019370460048,0.892590799031477,0.16464891041162227,0.7759322033898306,0.1864406779661017,0.7699273607748185,0.1234866828087167,knn_gain,uncertainty,0.7702663438256658,0.22760290556900725,15,gain_threshold
0.02,block3_h72_seed14,"3-block, H=72",0.7312348668280871,0.7984019370460048,0.892590799031477,0.16464891041162227,0.7759322033898306,0.1864406779661017,0.7699273607748185,0.1234866828087167,rescue_harm,uncertainty,0.7756900726392252,0.19854721549636803,100,"thr=0.0200,cap=0.2000"
0.02,block3_h72_seed14,"3-block, H=72",0.7312348668280871,0.7984019370460048,0.892590799031477,0.16464891041162227,0.7759322033898306,0.1864406779661017,0.7699273607748185,0.1234866828087167,knn_gain,margin,0.752493946731235,0.2687651331719128,15,gain_threshold
0.02,block3_h72_seed14,"3-block, H=72",0.7312348668280871,0.7984019370460048,0.892590799031477,0.16464891041162227,0.7759322033898306,0.1864406779661017,0.7699273607748185,0.1234866828087167,rescue_harm,margin,0.7692009685230026,0.15980629539951574,100,"thr=0.0700,cap=0.2000"
0.02,block3_h72_seed14,"3-block, H=72",0.7312348668280871,0.7984019370460048,0.892590799031477,0.16464891041162227,0.7759322033898306,0.1864406779661017,0.7699273607748185,0.1234866828087167,knn_gain,context,0.8065375302663439,0.4721549636803874,15,gain_threshold
0.02,block3_h72_seed14,"3-block, H=72",0.7312348668280871,0.7984019370460048,0.892590799031477,0.16464891041162227,0.7759322033898306,0.1864406779661017,0.7699273607748185,0.1234866828087167,rescue_harm,context,0.8018401937046007,0.4648910411622276,15,"thr=0.0200,cap=0.1333"
0.02,block3_h72_seed14,"3-block, H=72",0.7312348668280871,0.7984019370460048,0.892590799031477,0.16464891041162227,0.7759322033898306,0.1864406779661017,0.7699273607748185,0.1234866828087167,knn_gain,latent_only,0.774866828087167,0.2397094430992736,15,gain_threshold
0.02,block3_h72_seed14,"3-block, H=72",0.7312348668280871,0.7984019370460048,0.892590799031477,0.16464891041162227,0.7759322033898306,0.1864406779661017,0.7699273607748185,0.1234866828087167,rescue_harm,latent_only,0.7444552058111381,0.06537530266343826,100,"thr=0.0300,cap=0.0200"
0.02,block3_h72_seed14,"3-block, H=72",0.7312348668280871,0.7984019370460048,0.892590799031477,0.16464891041162227,0.7759322033898306,0.1864406779661017,0.7699273607748185,0.1234866828087167,knn_gain,context_latent,0.8057627118644068,0.2687651331719128,15,gain_threshold
0.02,block3_h72_seed14,"3-block, H=72",0.7312348668280871,0.7984019370460048,0.892590799031477,0.16464891041162227,0.7759322033898306,0.1864406779661017,0.7699273607748185,0.1234866828087167,rescue_harm,context_latent,0.7963680387409202,0.2542372881355932,15,"thr=0.0667,cap=0.2000"
0.05,block3_h72_seed14,"3-block, H=72",0.7312348668280871,0.7684019370460048,0.8876513317191284,0.16464891041162227,0.7703389830508474,0.1864406779661017,0.7662227602905569,0.1234866828087167,knn_gain,uncertainty,0.7634382566585958,0.22760290556900725,15,gain_threshold
0.05,block3_h72_seed14,"3-block, H=72",0.7312348668280871,0.7684019370460048,0.8876513317191284,0.16464891041162227,0.7703389830508474,0.1864406779661017,0.7662227602905569,0.1234866828087167,rescue_harm,uncertainty,0.7697336561743341,0.19854721549636803,100,"thr=0.0200,cap=0.2000"
0.05,block3_h72_seed14,"3-block, H=72",0.7312348668280871,0.7684019370460048,0.8876513317191284,0.16464891041162227,0.7703389830508474,0.1864406779661017,0.7662227602905569,0.1234866828087167,knn_gain,margin,0.7444309927360776,0.2687651331719128,15,gain_threshold
0.05,block3_h72_seed14,"3-block, H=72",0.7312348668280871,0.7684019370460048,0.8876513317191284,0.16464891041162227,0.7703389830508474,0.1864406779661017,0.7662227602905569,0.1234866828087167,rescue_harm,margin,0.7296610169491526,0.07990314769975787,50,"thr=0.0400,cap=0.1200"
0.05,block3_h72_seed14,"3-block, H=72",0.7312348668280871,0.7684019370460048,0.8876513317191284,0.16464891041162227,0.7703389830508474,0.1864406779661017,0.7662227602905569,0.1234866828087167,knn_gain,context,0.7796610169491526,0.3389830508474576,15,tuned_threshold
0.05,block3_h72_seed14,"3-block, H=72",0.7312348668280871,0.7684019370460048,0.8876513317191284,0.16464891041162227,0.7703389830508474,0.1864406779661017,0.7662227602905569,0.1234866828087167,rescue_harm,context,0.7878934624697336,0.4648910411622276,15,"thr=0.0500,cap=0.1333"
0.05,block3_h72_seed14,"3-block, H=72",0.7312348668280871,0.7684019370460048,0.8876513317191284,0.16464891041162227,0.7703389830508474,0.1864406779661017,0.7662227602905569,0.1234866828087167,knn_gain,latent_only,0.7676755447941888,0.2397094430992736,15,gain_threshold
0.05,block3_h72_seed14,"3-block, H=72",0.7312348668280871,0.7684019370460048,0.8876513317191284,0.16464891041162227,0.7703389830508474,0.1864406779661017,0.7662227602905569,0.1234866828087167,rescue_harm,latent_only,0.733414043583535,0.004842615012106538,50,"thr=0.1000,cap=0.0000"
0.05,block3_h72_seed14,"3-block, H=72",0.7312348668280871,0.7684019370460048,0.8876513317191284,0.16464891041162227,0.7703389830508474,0.1864406779661017,0.7662227602905569,0.1234866828087167,knn_gain,context_latent,0.7976997578692494,0.2687651331719128,15,gain_threshold
0.05,block3_h72_seed14,"3-block, H=72",0.7312348668280871,0.7684019370460048,0.8876513317191284,0.16464891041162227,0.7703389830508474,0.1864406779661017,0.7662227602905569,0.1234866828087167,rescue_harm,context_latent,0.7938256658595643,0.24939467312348668,50,"thr=0.0400,cap=0.3500"
0.1,block3_h72_seed14,"3-block, H=72",0.7312348668280871,0.7184019370460049,0.8794188861985474,0.16464891041162227,0.7561743341404358,0.13801452784503632,0.7547215496368039,0.10411622276029056,knn_gain,uncertainty,0.7421307506053268,0.0847457627118644,50,tuned_threshold
0.1,block3_h72_seed14,"3-block, H=72",0.7312348668280871,0.7184019370460049,0.8794188861985474,0.16464891041162227,0.7561743341404358,0.13801452784503632,0.7547215496368039,0.10411622276029056,rescue_harm,uncertainty,0.7476997578692495,0.0774818401937046,50,"thr=0.1000,cap=0.1500"
0.1,block3_h72_seed14,"3-block, H=72",0.7312348668280871,0.7184019370460049,0.8794188861985474,0.16464891041162227,0.7561743341404358,0.13801452784503632,0.7547215496368039,0.10411622276029056,knn_gain,margin,0.748910411622276,0.162227602905569,15,gain_threshold
0.1,block3_h72_seed14,"3-block, H=72",0.7312348668280871,0.7184019370460049,0.8794188861985474,0.16464891041162227,0.7561743341404358,0.13801452784503632,0.7547215496368039,0.10411622276029056,rescue_harm,margin,0.739951573849879,0.03389830508474576,50,"thr=0.1400,cap=0.1200"
0.1,block3_h72_seed14,"3-block, H=72",0.7312348668280871,0.7184019370460049,0.8794188861985474,0.16464891041162227,0.7561743341404358,0.13801452784503632,0.7547215496368039,0.10411622276029056,knn_gain,context,0.7627118644067796,0.3389830508474576,15,gain_threshold
0.1,block3_h72_seed14,"3-block, H=72",0.7312348668280871,0.7184019370460049,0.8794188861985474,0.16464891041162227,0.7561743341404358,0.13801452784503632,0.7547215496368039,0.10411622276029056,rescue_harm,context,0.7602905569007264,0.31476997578692495,100,"thr=0.0500,cap=0.1800"
0.1,block3_h72_seed14,"3-block, H=72",0.7312348668280871,0.7184019370460049,0.8794188861985474,0.16464891041162227,0.7561743341404358,0.13801452784503632,0.7547215496368039,0.10411622276029056,knn_gain,latent_only,0.7414043583535108,0.043583535108958835,15,gain_threshold
0.1,block3_h72_seed14,"3-block, H=72",0.7312348668280871,0.7184019370460049,0.8794188861985474,0.16464891041162227,0.7561743341404358,0.13801452784503632,0.7547215496368039,0.10411622276029056,rescue_harm,latent_only,0.7331719128329298,0.004842615012106538,50,"thr=0.1000,cap=0.0000"
0.1,block3_h72_seed14,"3-block, H=72",0.7312348668280871,0.7184019370460049,0.8794188861985474,0.16464891041162227,0.7561743341404358,0.13801452784503632,0.7547215496368039,0.10411622276029056,knn_gain,context_latent,0.7803874092009685,0.162227602905569,15,gain_threshold
0.1,block3_h72_seed14,"3-block, H=72",0.7312348668280871,0.7184019370460049,0.8794188861985474,0.16464891041162227,0.7561743341404358,0.13801452784503632,0.7547215496368039,0.10411622276029056,rescue_harm,context_latent,0.78135593220339,0.24939467312348668,50,"thr=0.0400,cap=0.3500"
0.2,block3_h72_seed14,"3-block, H=72",0.7312348668280871,0.6184019370460048,0.8629539951573849,0.16464891041162227,0.7312348668280871,0.0,0.7443099273607747,0.10411622276029056,knn_gain,uncertainty,0.7360774818401937,0.024213075060532687,50,tuned_threshold
0.2,block3_h72_seed14,"3-block, H=72",0.7312348668280871,0.6184019370460048,0.8629539951573849,0.16464891041162227,0.7312348668280871,0.0,0.7443099273607747,0.10411622276029056,rescue_harm,uncertainty,0.7360774818401937,0.012106537530266344,50,"thr=0.2000,cap=0.0800"
0.2,block3_h72_seed14,"3-block, H=72",0.7312348668280871,0.6184019370460048,0.8629539951573849,0.16464891041162227,0.7312348668280871,0.0,0.7443099273607747,0.10411622276029056,knn_gain,margin,0.7433414043583535,0.06053268765133172,50,tuned_threshold
0.2,block3_h72_seed14,"3-block, H=72",0.7312348668280871,0.6184019370460048,0.8629539951573849,0.16464891041162227,0.7312348668280871,0.0,0.7443099273607747,0.10411622276029056,rescue_harm,margin,0.7263922518159807,0.012106537530266344,50,"thr=0.1800,cap=0.1200"
0.2,block3_h72_seed14,"3-block, H=72",0.7312348668280871,0.6184019370460048,0.8629539951573849,0.16464891041162227,0.7312348668280871,0.0,0.7443099273607747,0.10411622276029056,knn_gain,context,0.7288135593220338,0.3389830508474576,15,tuned_threshold
0.2,block3_h72_seed14,"3-block, H=72",0.7312348668280871,0.6184019370460048,0.8629539951573849,0.16464891041162227,0.7312348668280871,0.0,0.7443099273607747,0.10411622276029056,rescue_harm,context,0.7278450363196126,0.162227602905569,100,"thr=0.0900,cap=0.1800"
0.2,block3_h72_seed14,"3-block, H=72",0.7312348668280871,0.6184019370460048,0.8629539951573849,0.16464891041162227,0.7312348668280871,0.0,0.7443099273607747,0.10411622276029056,knn_gain,latent_only,0.7312348668280871,0.0,15,gain_threshold
0.2,block3_h72_seed14,"3-block, H=72",0.7312348668280871,0.6184019370460048,0.8629539951573849,0.16464891041162227,0.7312348668280871,0.0,0.7443099273607747,0.10411622276029056,rescue_harm,latent_only,0.7312348668280871,0.0,15,"thr=1000000000.0000,cap=0.0000"
0.2,block3_h72_seed14,"3-block, H=72",0.7312348668280871,0.6184019370460048,0.8629539951573849,0.16464891041162227,0.7312348668280871,0.0,0.7443099273607747,0.10411622276029056,knn_gain,context_latent,0.7457627118644068,0.0847457627118644,15,tuned_threshold
0.2,block3_h72_seed14,"3-block, H=72",0.7312348668280871,0.6184019370460048,0.8629539951573849,0.16464891041162227,0.7312348668280871,0.0,0.7443099273607747,0.10411622276029056,rescue_harm,context_latent,0.7341404358353512,0.05811138014527845,200,"thr=0.0524,cap=0.1200"
0.3,block3_h72_seed14,"3-block, H=72",0.7312348668280871,0.5184019370460049,0.8464891041162228,0.16464891041162227,0.7312348668280871,0.0,0.7278450363196126,0.09200968523002422,knn_gain,uncertainty,0.7305084745762711,0.002421307506053269,50,tuned_threshold
0.3,block3_h72_seed14,"3-block, H=72",0.7312348668280871,0.5184019370460049,0.8464891041162228,0.16464891041162227,0.7312348668280871,0.0,0.7278450363196126,0.09200968523002422,rescue_harm,uncertainty,0.7312348668280871,0.0,15,"thr=0.3333,cap=0.0000"
0.3,block3_h72_seed14,"3-block, H=72",0.7312348668280871,0.5184019370460049,0.8464891041162228,0.16464891041162227,0.7312348668280871,0.0,0.7278450363196126,0.09200968523002422,knn_gain,margin,0.725181598062954,0.012106537530266344,25,gain_threshold
0.3,block3_h72_seed14,"3-block, H=72",0.7312348668280871,0.5184019370460049,0.8464891041162228,0.16464891041162227,0.7312348668280871,0.0,0.7278450363196126,0.09200968523002422,rescue_harm,margin,0.7273607748184019,0.004842615012106538,25,"thr=0.3000,cap=0.0000"
0.3,block3_h72_seed14,"3-block, H=72",0.7312348668280871,0.5184019370460049,0.8464891041162228,0.16464891041162227,0.7312348668280871,0.0,0.7278450363196126,0.09200968523002422,knn_gain,context,0.7249394673123486,0.15012106537530268,15,tuned_threshold
0.3,block3_h72_seed14,"3-block, H=72",0.7312348668280871,0.5184019370460049,0.8464891041162228,0.16464891041162227,0.7312348668280871,0.0,0.7278450363196126,0.09200968523002422,rescue_harm,context,0.712590799031477,0.14285714285714285,100,"thr=0.0900,cap=0.1500"
0.3,block3_h72_seed14,"3-block, H=72",0.7312348668280871,0.5184019370460049,0.8464891041162228,0.16464891041162227,0.7312348668280871,0.0,0.7278450363196126,0.09200968523002422,knn_gain,latent_only,0.7312348668280871,0.0,50,tuned_threshold
0.3,block3_h72_seed14,"3-block, H=72",0.7312348668280871,0.5184019370460049,0.8464891041162228,0.16464891041162227,0.7312348668280871,0.0,0.7278450363196126,0.09200968523002422,rescue_harm,latent_only,0.7312348668280871,0.0,15,"thr=1000000000.0000,cap=0.0000"
0.3,block3_h72_seed14,"3-block, H=72",0.7312348668280871,0.5184019370460049,0.8464891041162228,0.16464891041162227,0.7312348668280871,0.0,0.7278450363196126,0.09200968523002422,knn_gain,context_latent,0.7372881355932204,0.0847457627118644,15,tuned_threshold
0.3,block3_h72_seed14,"3-block, H=72",0.7312348668280871,0.5184019370460049,0.8464891041162228,0.16464891041162227,0.7312348668280871,0.0,0.7278450363196126,0.09200968523002422,rescue_harm,context_latent,0.7329297820823244,0.002421307506053269,50,"thr=0.2600,cap=0.0800"
0.5,block3_h72_seed14,"3-block, H=72",0.7312348668280871,0.31840193704600483,0.8135593220338984,0.16464891041162227,0.7312348668280871,0.0,0.7094430992736077,0.09200968523002422,knn_gain,uncertainty,0.7300242130750605,0.002421307506053269,50,tuned_threshold
0.5,block3_h72_seed14,"3-block, H=72",0.7312348668280871,0.31840193704600483,0.8135593220338984,0.16464891041162227,0.7312348668280871,0.0,0.7094430992736077,0.09200968523002422,rescue_harm,uncertainty,0.7312348668280871,0.0,15,"thr=0.3333,cap=0.0000"
0.5,block3_h72_seed14,"3-block, H=72",0.7312348668280871,0.31840193704600483,0.8135593220338984,0.16464891041162227,0.7312348668280871,0.0,0.7094430992736077,0.09200968523002422,knn_gain,margin,0.7288135593220338,0.004842615012106538,25,tuned_threshold
0.5,block3_h72_seed14,"3-block, H=72",0.7312348668280871,0.31840193704600483,0.8135593220338984,0.16464891041162227,0.7312348668280871,0.0,0.7094430992736077,0.09200968523002422,rescue_harm,margin,0.7312348668280871,0.0,15,"thr=0.5000,cap=0.0000"
0.5,block3_h72_seed14,"3-block, H=72",0.7312348668280871,0.31840193704600483,0.8135593220338984,0.16464891041162227,0.7312348668280871,0.0,0.7094430992736077,0.09200968523002422,knn_gain,context,0.7324455205811138,0.002421307506053269,15,gain_threshold
0.5,block3_h72_seed14,"3-block, H=72",0.7312348668280871,0.31840193704600483,0.8135593220338984,0.16464891041162227,0.7312348668280871,0.0,0.7094430992736077,0.09200968523002422,rescue_harm,context,0.7324455205811138,0.002421307506053269,15,"thr=0.5000,cap=0.0667"
0.5,block3_h72_seed14,"3-block, H=72",0.7312348668280871,0.31840193704600483,0.8135593220338984,0.16464891041162227,0.7312348668280871,0.0,0.7094430992736077,0.09200968523002422,knn_gain,latent_only,0.7312348668280871,0.0,15,gain_threshold
0.5,block3_h72_seed14,"3-block, H=72",0.7312348668280871,0.31840193704600483,0.8135593220338984,0.16464891041162227,0.7312348668280871,0.0,0.7094430992736077,0.09200968523002422,rescue_harm,latent_only,0.7312348668280871,0.0,15,"thr=0.5000,cap=0.0000"
0.5,block3_h72_seed14,"3-block, H=72",0.7312348668280871,0.31840193704600483,0.8135593220338984,0.16464891041162227,0.7312348668280871,0.0,0.7094430992736077,0.09200968523002422,knn_gain,context_latent,0.7215496368038741,0.048426150121065374,15,tuned_threshold
0.5,block3_h72_seed14,"3-block, H=72",0.7312348668280871,0.31840193704600483,0.8135593220338984,0.16464891041162227,0.7312348668280871,0.0,0.7094430992736077,0.09200968523002422,rescue_harm,context_latent,0.7312348668280871,0.0,50,"thr=0.2600,cap=0.0400"
