lambda,heldout,variant_label,method,utility,ci95_low,ci95_high,route_rate,n
0.02,block3_h36_seed13,"3-block, H=36",cheap,0.8973105134474327,0.8679095354523227,0.9266503667481663,0.0,409
0.02,block3_h36_seed13,"3-block, H=36",full,0.8088508557457214,0.7721760391198045,0.8455256723716382,1.0,409
0.02,block3_h36_seed13,"3-block, H=36",confidence,0.8525672371638143,0.8172066014669928,0.8867518337408313,0.28117359413202936,409
0.02,block3_h36_seed13,"3-block, H=36",context_cls,0.8869437652811736,0.8572616136919315,0.9165281173594132,0.029339853300733496,409
0.02,block3_h36_seed13,"3-block, H=36",knn_context,0.8561858190709049,0.8224755501222494,0.8905635696821517,0.22249388753056235,409
0.02,block3_h36_seed13,"3-block, H=36",rh_context,0.8650855745721273,0.8323227383863082,0.8975061124694378,0.2665036674816626,409
0.02,block3_h36_seed13,"3-block, H=36",knn_context_latent,0.8750122249388754,0.8425892420537898,0.9048899755501223,0.2591687041564792,409
0.02,block3_h36_seed13,"3-block, H=36",rh_context_latent,0.8767726161369194,0.8440012224938876,0.9087530562347188,0.17114914425427874,409
0.02,block3_h36_seed13,"3-block, H=36",oracle,0.940440097799511,0.9162799511002445,0.9624938875305624,0.044009779951100246,409
0.02,block3_h36_seed13,"3-block, H=36",DELTA:knn_context_latent-knn_context,0.01882640586797066,-0.0038141809290953557,0.042940097799511016,,409
0.02,block3_h36_seed13,"3-block, H=36",DELTA:rh_context_latent-rh_context,0.011687041564792179,-0.010612469437652811,0.033889975550122256,,409
0.02,block3_h36_seed13,"3-block, H=36",DELTA:knn_context_latent-confidence,0.02244498777506113,-0.004157701711491442,0.04968337408312959,,409
0.02,block3_h36_seed13,"3-block, H=36",DELTA:rh_context_latent-confidence,0.02420537897310514,-0.0027872860635696803,0.051540342298288515,,409
0.02,block3_h36_seed13,"3-block, H=36",DELTA:knn_context_latent-context_cls,-0.011931540342298293,-0.03643031784841076,0.01291075794621027,,409
0.02,block3_h36_seed13,"3-block, H=36",DELTA:rh_context_latent-context_cls,-0.010171149144254281,-0.03462224938875306,0.013940097799511013,,409
0.02,block3_h36_seed13,"3-block, H=36",DELTA:knn_context_latent-cheap,-0.02229828850855746,-0.0470440097799511,0.0022982885085574526,,409
0.02,block3_h36_seed13,"3-block, H=36",DELTA:rh_context_latent-cheap,-0.020537897310513448,-0.044699266503667484,0.0038166259168704213,,409
0.05,block3_h36_seed13,"3-block, H=36",cheap,0.8973105134474327,0.8679706601466992,0.9242053789731052,0.0,409
0.05,block3_h36_seed13,"3-block, H=36",full,0.7788508557457212,0.7421760391198043,0.815525672371638,1.0,409
0.05,block3_h36_seed13,"3-block, H=36",confidence,0.8441320293398533,0.8078239608801957,0.8781173594132029,0.28117359413202936,409
0.05,block3_h36_seed13,"3-block, H=36",context_cls,0.8860635696821517,0.8543948655256723,0.9157732273838631,0.029339853300733496,409
0.05,block3_h36_seed13,"3-block, H=36",knn_context,0.8495110024449878,0.8144254278728607,0.8833771393643033,0.22249388753056235,409
0.05,block3_h36_seed13,"3-block, H=36",rh_context,0.8612469437652812,0.8279951100244498,0.8922982885085574,0.23227383863080683,409
0.05,block3_h36_seed13,"3-block, H=36",knn_context_latent,0.8832518337408313,0.8504889975550123,0.9127139364303177,0.13447432762836187,409
0.05,block3_h36_seed13,"3-block, H=36",rh_context_latent,0.871638141809291,0.8381387530562348,0.9019559902200488,0.17114914425427874,409
0.05,block3_h36_seed13,"3-block, H=36",oracle,0.9391198044009781,0.9149144254278728,0.9605165036674818,0.044009779951100246,409
0.05,block3_h36_seed13,"3-block, H=36",DELTA:knn_context_latent-knn_context,0.03374083129584353,0.010513447432762838,0.058071515892420544,,409
0.05,block3_h36_seed13,"3-block, H=36",DELTA:rh_context_latent-rh_context,0.010391198044009783,-0.011980440097799508,0.03398838630806847,,409
0.05,block3_h36_seed13,"3-block, H=36",DELTA:knn_context_latent-confidence,0.039119804400977995,0.01136613691931541,0.06882946210268952,,409
0.05,block3_h36_seed13,"3-block, H=36",DELTA:rh_context_latent-confidence,0.027506112469437658,0.0006081907090464574,0.0547677261613692,,409
0.05,block3_h36_seed13,"3-block, H=36",DELTA:knn_context_latent-context_cls,-0.002811735941320298,-0.023716381418092916,0.018099022004889994,,409
0.05,block3_h36_seed13,"3-block, H=36",DELTA:rh_context_latent-context_cls,-0.01442542787286064,-0.03875611246943766,0.008435207823960874,,409
0.05,block3_h36_seed13,"3-block, H=36",DELTA:knn_context_latent-cheap,-0.014058679706601471,-0.036558679706601475,0.008068459657701707,,409
0.05,block3_h36_seed13,"3-block, H=36",DELTA:rh_context_latent-cheap,-0.025672371638141817,-0.05134474327628363,-0.0023227383863080753,,409
0.1,block3_h36_seed13,"3-block, H=36",cheap,0.8973105134474327,0.8679706601466992,0.9266503667481663,0.0,409
0.1,block3_h36_seed13,"3-block, H=36",full,0.7288508557457215,0.6897310513447437,0.7630806845965773,1.0,409
0.1,block3_h36_seed13,"3-block, H=36",confidence,0.8689486552567237,0.8354523227383864,0.9024449877750612,0.13691931540342298,409
0.1,block3_h36_seed13,"3-block, H=36",context_cls,0.8845965770171148,0.8542787286063569,0.9149144254278728,0.029339853300733496,409
0.1,block3_h36_seed13,"3-block, H=36",knn_context,0.8679706601466992,0.8339853300733497,0.9,0.1466992665036675,409
0.1,block3_h36_seed13,"3-block, H=36",rh_context,0.8841075794621027,0.8520782396088019,0.9129584352078239,0.10757946210268948,409
0.1,block3_h36_seed13,"3-block, H=36",knn_context_latent,0.8765281173594132,0.843276283618582,0.9070904645476773,0.13447432762836187,409
0.1,block3_h36_seed13,"3-block, H=36",rh_context_latent,0.8841075794621027,0.8530562347188265,0.9144315403422983,0.10757946210268948,409
0.1,block3_h36_seed13,"3-block, H=36",oracle,0.9369193154034231,0.91320293398533,0.9574572127139365,0.044009779951100246,409
0.1,block3_h36_seed13,"3-block, H=36",DELTA:knn_context_latent-knn_context,0.008557457212713938,-0.013447432762836185,0.02935207823960885,,409
0.1,block3_h36_seed13,"3-block, H=36",DELTA:rh_context_latent-rh_context,-5.428963445599787e-19,-0.019804400977995115,0.019559902200488994,,409
0.1,block3_h36_seed13,"3-block, H=36",DELTA:knn_context_latent-confidence,0.007579462102689489,-0.012469437652811735,0.028606356968215157,,409
0.1,block3_h36_seed13,"3-block, H=36",DELTA:rh_context_latent-confidence,0.015158924205378975,-0.0070965770171149125,0.03765281173594132,,409
0.1,block3_h36_seed13,"3-block, H=36",DELTA:knn_context_latent-context_cls,-0.008068459657701713,-0.029590464547677265,0.012720048899755525,,409
0.1,block3_h36_seed13,"3-block, H=36",DELTA:rh_context_latent-context_cls,-0.0004889975550122253,-0.019077017114914427,0.018337408312958436,,409
0.1,block3_h36_seed13,"3-block, H=36",DELTA:knn_context_latent-cheap,-0.02078239608801956,-0.043282396088019565,0.0009779951100244474,,409
0.1,block3_h36_seed13,"3-block, H=36",DELTA:rh_context_latent-cheap,-0.013202933985330075,-0.0332518337408313,0.00684596577017115,,409
0.2,block3_h36_seed13,"3-block, H=36",cheap,0.8973105134474327,0.8655256723716381,0.9242053789731052,0.0,409
0.2,block3_h36_seed13,"3-block, H=36",full,0.6288508557457212,0.5921760391198043,0.663080684596577,1.0,409
0.2,block3_h36_seed13,"3-block, H=36",confidence,0.8552567237163814,0.8195599022004891,0.8894865525672372,0.13691931540342298,409
0.2,block3_h36_seed13,"3-block, H=36",context_cls,0.8836185819070904,0.849877750611247,0.9144254278728606,0.019559902200488997,409
0.2,block3_h36_seed13,"3-block, H=36",knn_context,0.8801955990220048,0.8459657701711492,0.9114914425427874,0.08557457212713937,409
0.2,block3_h36_seed13,"3-block, H=36",rh_context,0.8777506112469438,0.8440097799511004,0.9095354523227384,0.03667481662591687,409
0.2,block3_h36_seed13,"3-block, H=36",knn_context_latent,0.8816625916870416,0.8493887530562348,0.9134474327628362,0.07823960880195599,409
0.2,block3_h36_seed13,"3-block, H=36",rh_context_latent,0.8787286063569681,0.8464547677261615,0.9090586797066015,0.09290953545232274,409
0.2,block3_h36_seed13,"3-block, H=36",oracle,0.9325183374083129,0.9080684596577018,0.954523227383863,0.044009779951100246,409
0.2,block3_h36_seed13,"3-block, H=36",DELTA:knn_context_latent-knn_context,0.0014669926650366742,-0.01613691931540342,0.019559902200488997,,409
0.2,block3_h36_seed13,"3-block, H=36",DELTA:rh_context_latent-rh_context,0.0009779951100244524,-0.01515892420537897,0.018092909535452322,,409
0.2,block3_h36_seed13,"3-block, H=36",DELTA:knn_context_latent-confidence,0.02640586797066014,0.002444987775061124,0.051833740831295834,,409
0.2,block3_h36_seed13,"3-block, H=36",DELTA:rh_context_latent-confidence,0.02347188264058679,-0.0024449877750611247,0.04938875305623471,,409
0.2,block3_h36_seed13,"3-block, H=36",DELTA:knn_context_latent-context_cls,-0.001955990220048896,-0.02200488997555012,0.019083129584352126,,409
0.2,block3_h36_seed13,"3-block, H=36",DELTA:rh_context_latent-context_cls,-0.004889975550122246,-0.025427872860635692,0.015158924205378973,,409
0.2,block3_h36_seed13,"3-block, H=36",DELTA:knn_context_latent-cheap,-0.015647921760391193,-0.035207823960880194,0.002444987775061127,,409
0.2,block3_h36_seed13,"3-block, H=36",DELTA:rh_context_latent-cheap,-0.018581907090464544,-0.03814180929095354,-0.0009779951100244468,,409
0.3,block3_h36_seed13,"3-block, H=36",cheap,0.8973105134474327,0.8679706601466992,0.9242053789731052,0.0,409
0.3,block3_h36_seed13,"3-block, H=36",full,0.5288508557457213,0.49211491442542793,0.5655256723716382,1.0,409
0.3,block3_h36_seed13,"3-block, H=36",confidence,0.8877750611246944,0.8555012224938876,0.9171149144254279,0.007334963325183374,409
0.3,block3_h36_seed13,"3-block, H=36",context_cls,0.8816625916870416,0.8486491442542788,0.9119926650366749,0.019559902200488997,409
0.3,block3_h36_seed13,"3-block, H=36",knn_context,0.8872860635696821,0.8542726161369193,0.9166381418092909,0.017114914425427872,409
0.3,block3_h36_seed13,"3-block, H=36",rh_context,0.8833740831295844,0.8506112469437652,0.9151650366748167,0.022004889975550123,409
0.3,block3_h36_seed13,"3-block, H=36",knn_context_latent,0.8738386308068459,0.8400977995110025,0.9053850855745722,0.07823960880195599,409
0.3,block3_h36_seed13,"3-block, H=36",rh_context_latent,0.882640586797066,0.8493887530562346,0.9129584352078239,0.0488997555012225,409
0.3,block3_h36_seed13,"3-block, H=36",oracle,0.928117359413203,0.9046454767726161,0.9498777506112469,0.044009779951100246,409
0.3,block3_h36_seed13,"3-block, H=36",DELTA:knn_context_latent-knn_context,-0.013447432762836189,-0.03252444987775061,0.00415647921760391,,409
0.3,block3_h36_seed13,"3-block, H=36",DELTA:rh_context_latent-rh_context,-0.0007334963325183392,-0.019315403422982887,0.018581907090464547,,409
0.3,block3_h36_seed13,"3-block, H=36",DELTA:knn_context_latent-confidence,-0.01393643031784841,-0.03496332518337408,0.006845965770171146,,409
0.3,block3_h36_seed13,"3-block, H=36",DELTA:rh_context_latent-confidence,-0.0051344743276283645,-0.023477995110024453,0.012964547677261637,,409
0.3,block3_h36_seed13,"3-block, H=36",DELTA:knn_context_latent-context_cls,-0.007823960880195602,-0.0293398533007335,0.012720048899755525,,409
0.3,block3_h36_seed13,"3-block, H=36",DELTA:rh_context_latent-context_cls,0.0009779951100244494,-0.01687041564792176,0.018337408312958436,,409
0.3,block3_h36_seed13,"3-block, H=36",DELTA:knn_context_latent-cheap,-0.023471882640586802,-0.04451100244498778,-0.005378973105134478,,409
0.3,block3_h36_seed13,"3-block, H=36",DELTA:rh_context_latent-cheap,-0.014669926650366748,-0.030562347188264057,-0.0007334963325183403,,409
0.5,block3_h36_seed13,"3-block, H=36",cheap,0.8973105134474327,0.8655256723716381,0.9266503667481663,0.0,409
0.5,block3_h36_seed13,"3-block, H=36",full,0.32885085574572126,0.2921760391198044,0.363080684596577,1.0,409
0.5,block3_h36_seed13,"3-block, H=36",confidence,0.8973105134474327,0.8655256723716381,0.9242053789731052,0.0,409
0.5,block3_h36_seed13,"3-block, H=36",context_cls,0.8838630806845966,0.8520782396088019,0.9144254278728606,0.012224938875305624,409
0.5,block3_h36_seed13,"3-block, H=36",knn_context,0.8973105134474327,0.8679706601466992,0.9266503667481663,0.0,409
0.5,block3_h36_seed13,"3-block, H=36",rh_context,0.8973105134474327,0.8679706601466992,0.924266503667482,0.0,409
0.5,block3_h36_seed13,"3-block, H=36",knn_context_latent,0.8838630806845966,0.8520782396088019,0.9144254278728606,0.02689486552567237,409
0.5,block3_h36_seed13,"3-block, H=36",rh_context_latent,0.8838630806845966,0.8520782396088019,0.9144254278728606,0.02689486552567237,409
0.5,block3_h36_seed13,"3-block, H=36",oracle,0.9193154034229829,0.8948655256723717,0.9425427872860636,0.044009779951100246,409
0.5,block3_h36_seed13,"3-block, H=36",DELTA:knn_context_latent-knn_context,-0.013447432762836185,-0.028117359413202935,-0.0024449877750611247,,409
0.5,block3_h36_seed13,"3-block, H=36",DELTA:rh_context_latent-rh_context,-0.013447432762836185,-0.02689486552567237,-0.0024449877750611247,,409
0.5,block3_h36_seed13,"3-block, H=36",DELTA:knn_context_latent-confidence,-0.013447432762836185,-0.02689486552567237,-0.0024449877750611247,,409
0.5,block3_h36_seed13,"3-block, H=36",DELTA:rh_context_latent-confidence,-0.013447432762836185,-0.028117359413202935,-0.0024449877750611247,,409
0.5,block3_h36_seed13,"3-block, H=36",DELTA:knn_context_latent-context_cls,0.0,-0.017114914425427872,0.018337408312958436,,409
0.5,block3_h36_seed13,"3-block, H=36",DELTA:rh_context_latent-context_cls,0.0,-0.017114914425427872,0.018337408312958436,,409
0.5,block3_h36_seed13,"3-block, H=36",DELTA:knn_context_latent-cheap,-0.013447432762836185,-0.02689486552567237,-0.0024449877750611247,,409
0.5,block3_h36_seed13,"3-block, H=36",DELTA:rh_context_latent-cheap,-0.013447432762836185,-0.02689486552567237,-0.0024449877750611247,,409
0.02,block3_h48_seed10,"3-block, H=48",cheap,0.8532338308457711,0.8159203980099502,0.8855721393034826,0.0,402
0.02,block3_h48_seed10,"3-block, H=48",full,0.8207960199004976,0.7834825870646767,0.8556218905472638,1.0,402
0.02,block3_h48_seed10,"3-block, H=48",confidence,0.8629353233830845,0.8300995024875623,0.8955721393034826,0.13681592039800994,402
0.02,block3_h48_seed10,"3-block, H=48",context_cls,0.8618905472636816,0.8272636815920398,0.8942288557213931,0.06467661691542288,402
0.02,block3_h48_seed10,"3-block, H=48",knn_context,0.8662189054726369,0.8335310945273633,0.8966691542288557,0.09701492537313433,402
0.02,block3_h48_seed10,"3-block, H=48",rh_context,0.8709452736318408,0.8380559701492537,0.9030858208955224,0.10945273631840796,402
0.02,block3_h48_seed10,"3-block, H=48",knn_context_latent,0.8659203980099504,0.8309937810945275,0.8987077114427862,0.236318407960199,402
0.02,block3_h48_seed10,"3-block, H=48",rh_context_latent,0.8686069651741295,0.8353109452736318,0.8993557213930348,0.2263681592039801,402
0.02,block3_h48_seed10,"3-block, H=48",oracle,0.914179104477612,0.8866666666666668,0.9411467661691543,0.06218905472636816,402
0.02,block3_h48_seed10,"3-block, H=48",DELTA:knn_context_latent-knn_context,-0.00029850746268656966,-0.01527363184079602,0.01612313432835822,,402
0.02,block3_h48_seed10,"3-block, H=48",DELTA:rh_context_latent-rh_context,-0.002338308457711445,-0.019950248756218904,0.015327114427860711,,402
0.02,block3_h48_seed10,"3-block, H=48",DELTA:knn_context_latent-confidence,0.00298507462686567,-0.014677860696517414,0.020598258706467663,,402
0.02,block3_h48_seed10,"3-block, H=48",DELTA:rh_context_latent-confidence,0.005671641791044775,-0.012842039800995025,0.025175373134328365,,402
0.02,block3_h48_seed10,"3-block, H=48",DELTA:knn_context_latent-context_cls,0.0040298507462686525,-0.018110696517412938,0.025722636815920397,,402
0.02,block3_h48_seed10,"3-block, H=48",DELTA:rh_context_latent-context_cls,0.006716417910447757,-0.015324626865671645,0.028757462686567165,,402
0.02,block3_h48_seed10,"3-block, H=48",DELTA:knn_context_latent-cheap,0.012686567164179098,-0.009900497512437816,0.037315920398009954,,402
0.02,block3_h48_seed10,"3-block, H=48",DELTA:rh_context_latent-cheap,0.015373134328358204,-0.006866915422885576,0.03781094527363184,,402
0.05,block3_h48_seed10,"3-block, H=48",cheap,0.8532338308457711,0.818407960199005,0.8855721393034826,0.0,402
0.05,block3_h48_seed10,"3-block, H=48",full,0.7907960199004974,0.7534825870646765,0.8256218905472636,1.0,402
0.05,block3_h48_seed10,"3-block, H=48",confidence,0.8681592039800995,0.8340764925373133,0.9014925373134328,0.09950248756218906,402
0.05,block3_h48_seed10,"3-block, H=48",context_cls,0.8599502487562188,0.8274875621890546,0.8940360696517413,0.06467661691542288,402
0.05,block3_h48_seed10,"3-block, H=48",knn_context,0.8633084577114428,0.8298507462686567,0.8961473880597015,0.09701492537313433,402
0.05,block3_h48_seed10,"3-block, H=48",rh_context,0.8664179104477612,0.8315889303482586,0.8983830845771144,0.0845771144278607,402
0.05,block3_h48_seed10,"3-block, H=48",knn_context_latent,0.8667910447761193,0.8338308457711443,0.8996268656716417,0.12686567164179105,402
0.05,block3_h48_seed10,"3-block, H=48",rh_context_latent,0.8635572139303483,0.8287313432835822,0.8970180348258707,0.1417910447761194,402
0.05,block3_h48_seed10,"3-block, H=48",oracle,0.9123134328358209,0.8844527363184078,0.9376896766169155,0.06218905472636816,402
0.05,block3_h48_seed10,"3-block, H=48",DELTA:knn_context_latent-knn_context,0.0034825870646766157,-0.012064676616915421,0.020522388059701493,,402
0.05,block3_h48_seed10,"3-block, H=48",DELTA:rh_context_latent-rh_context,-0.002860696517412937,-0.01902985074626866,0.014179104477611936,,402
0.05,block3_h48_seed10,"3-block, H=48",DELTA:knn_context_latent-confidence,-0.0013681592039801016,-0.01953047263681592,0.01766169154228855,,402
0.05,block3_h48_seed10,"3-block, H=48",DELTA:rh_context_latent-confidence,-0.004601990049751246,-0.019281716417910454,0.009825870646766167,,402
0.05,block3_h48_seed10,"3-block, H=48",DELTA:knn_context_latent-context_cls,0.006840796019900495,-0.01293532338308458,0.02661691542288557,,402
0.05,block3_h48_seed10,"3-block, H=48",DELTA:rh_context_latent-context_cls,0.0036069651741293513,-0.015923507462686573,0.024004975124378103,,402
0.05,block3_h48_seed10,"3-block, H=48",DELTA:knn_context_latent-cheap,0.013557213930348255,-0.005351368159203984,0.03296330845771145,,402
0.05,block3_h48_seed10,"3-block, H=48",DELTA:rh_context_latent-cheap,0.01032338308457711,-0.008706467661691548,0.03022699004975125,,402
0.1,block3_h48_seed10,"3-block, H=48",cheap,0.8532338308457711,0.8159203980099502,0.8880597014925373,0.0,402
0.1,block3_h48_seed10,"3-block, H=48",full,0.7407960199004977,0.7059701492537315,0.7756218905472638,1.0,402
0.1,block3_h48_seed10,"3-block, H=48",confidence,0.8619402985074627,0.827860696517413,0.8942848258706468,0.08706467661691543,402
0.1,block3_h48_seed10,"3-block, H=48",context_cls,0.8567164179104477,0.8233768656716418,0.8893034825870647,0.06467661691542288,402
0.1,block3_h48_seed10,"3-block, H=48",knn_context,0.8512437810945274,0.8159203980099502,0.8860758706467662,0.04477611940298507,402
0.1,block3_h48_seed10,"3-block, H=48",rh_context,0.8507462686567164,0.8146766169154229,0.884832089552239,0.024875621890547265,402
0.1,block3_h48_seed10,"3-block, H=48",knn_context_latent,0.8604477611940299,0.8268594527363184,0.8932835820895523,0.12686567164179105,402
0.1,block3_h48_seed10,"3-block, H=48",rh_context_latent,0.8557213930348259,0.8201492537313434,0.889060945273632,0.09950248756218906,402
0.1,block3_h48_seed10,"3-block, H=48",oracle,0.9092039800995025,0.8818345771144279,0.9353233830845771,0.06218905472636816,402
0.1,block3_h48_seed10,"3-block, H=48",DELTA:knn_context_latent-knn_context,0.009203980099502488,-0.008955223880597014,0.02786069651741294,,402
0.1,block3_h48_seed10,"3-block, H=48",DELTA:rh_context_latent-rh_context,0.004975124378109453,-0.01218905472636816,0.021896766169154255,,402
0.1,block3_h48_seed10,"3-block, H=48",DELTA:knn_context_latent-confidence,-0.001492537313432836,-0.01766791044776119,0.01417910447761194,,402
0.1,block3_h48_seed10,"3-block, H=48",DELTA:rh_context_latent-confidence,-0.006218905472636817,-0.018656716417910446,0.0052238805970149255,,402
0.1,block3_h48_seed10,"3-block, H=48",DELTA:knn_context_latent-context_cls,0.0037313432835820895,-0.01616915422885572,0.0236318407960199,,402
0.1,block3_h48_seed10,"3-block, H=48",DELTA:rh_context_latent-context_cls,-0.0009950248756218892,-0.0194092039800995,0.017164179104477612,,402
0.1,block3_h48_seed10,"3-block, H=48",DELTA:knn_context_latent-cheap,0.007213930348258706,-0.011194029850746271,0.025870646766169157,,402
0.1,block3_h48_seed10,"3-block, H=48",DELTA:rh_context_latent-cheap,0.0024875621890547263,-0.014676616915422887,0.019900497512437807,,402
0.2,block3_h48_seed10,"3-block, H=48",cheap,0.8532338308457711,0.8159203980099502,0.8855721393034826,0.0,402
0.2,block3_h48_seed10,"3-block, H=48",full,0.6407960199004974,0.6034825870646765,0.6756218905472636,1.0,402
0.2,block3_h48_seed10,"3-block, H=48",confidence,0.8492537313432836,0.8129228855721393,0.8845771144278608,0.04477611940298507,402
0.2,block3_h48_seed10,"3-block, H=48",context_cls,0.8502487562189055,0.8144278606965175,0.8835820895522388,0.06467661691542288,402
0.2,block3_h48_seed10,"3-block, H=48",knn_context,0.854228855721393,0.818905472636816,0.8870646766169155,0.007462686567164179,402
0.2,block3_h48_seed10,"3-block, H=48",rh_context,0.853731343283582,0.818407960199005,0.8870646766169153,0.009950248756218905,402
0.2,block3_h48_seed10,"3-block, H=48",knn_context_latent,0.8477611940298507,0.8109452736318408,0.8810945273631842,0.12686567164179105,402
0.2,block3_h48_seed10,"3-block, H=48",rh_context_latent,0.8477611940298506,0.8124378109452737,0.8825995024875624,0.05223880597014925,402
0.2,block3_h48_seed10,"3-block, H=48",oracle,0.9029850746268657,0.8756218905472637,0.928855721393035,0.06218905472636816,402
0.2,block3_h48_seed10,"3-block, H=48",DELTA:knn_context_latent-knn_context,-0.006467661691542286,-0.023893034825870636,0.012437810945273636,,402
0.2,block3_h48_seed10,"3-block, H=48",DELTA:rh_context_latent-rh_context,-0.005970149253731343,-0.01890547263681592,0.00646766169154229,,402
0.2,block3_h48_seed10,"3-block, H=48",DELTA:knn_context_latent-confidence,-0.0014925373134328335,-0.01991293532338308,0.016927860696517465,,402
0.2,block3_h48_seed10,"3-block, H=48",DELTA:rh_context_latent-confidence,-0.001492537313432836,-0.014925373134328358,0.012935323383084575,,402
0.2,block3_h48_seed10,"3-block, H=48",DELTA:knn_context_latent-context_cls,-0.002487562189054724,-0.022885572139303482,0.016915422885572143,,402
0.2,block3_h48_seed10,"3-block, H=48",DELTA:rh_context_latent-context_cls,-0.0024875621890547268,-0.01990049751243781,0.01343283582089552,,402
0.2,block3_h48_seed10,"3-block, H=48",DELTA:knn_context_latent-cheap,-0.005472636815920394,-0.024875621890547258,0.012935323383084582,,402
0.2,block3_h48_seed10,"3-block, H=48",DELTA:rh_context_latent-cheap,-0.0054726368159203976,-0.017412935323383085,0.00646766169154229,,402
0.3,block3_h48_seed10,"3-block, H=48",cheap,0.8532338308457711,0.818407960199005,0.8880597014925373,0.0,402
0.3,block3_h48_seed10,"3-block, H=48",full,0.5407960199004976,0.5059701492537314,0.5756218905472638,1.0,402
0.3,block3_h48_seed10,"3-block, H=48",confidence,0.8532338308457711,0.818407960199005,0.8855721393034826,0.0,402
0.3,block3_h48_seed10,"3-block, H=48",context_cls,0.845771144278607,0.8111940298507463,0.881592039800995,0.04975124378109453,402
0.3,block3_h48_seed10,"3-block, H=48",knn_context,0.8534825870646767,0.8181529850746269,0.8865733830845771,0.007462686567164179,402
0.3,block3_h48_seed10,"3-block, H=48",rh_context,0.8517412935323383,0.8169154228855721,0.8865671641791044,0.004975124378109453,402
0.3,block3_h48_seed10,"3-block, H=48",knn_context_latent,0.8517412935323383,0.8171641791044776,0.8853296019900497,0.029850746268656716,402
0.3,block3_h48_seed10,"3-block, H=48",rh_context_latent,0.8532338308457711,0.817910447761194,0.8888059701492538,0.024875621890547265,402
0.3,block3_h48_seed10,"3-block, H=48",oracle,0.8967661691542289,0.8686567164179104,0.923134328358209,0.06218905472636816,402
0.3,block3_h48_seed10,"3-block, H=48",DELTA:knn_context_latent-knn_context,-0.0017412935323383094,-0.01293532338308458,0.008955223880597014,,402
0.3,block3_h48_seed10,"3-block, H=48",DELTA:rh_context_latent-rh_context,0.001492537313432835,-0.007711442786069652,0.012935323383084578,,402
0.3,block3_h48_seed10,"3-block, H=48",DELTA:knn_context_latent-confidence,-0.0014925373134328365,-0.011691542288557217,0.009203980099502487,,402
0.3,block3_h48_seed10,"3-block, H=48",DELTA:rh_context_latent-confidence,-5.523497634951027e-19,-0.00646766169154229,0.007462686567164178,,402
0.3,block3_h48_seed10,"3-block, H=48",DELTA:knn_context_latent-context_cls,0.005970149253731344,-0.008457711442786068,0.020895522388059702,,402
0.3,block3_h48_seed10,"3-block, H=48",DELTA:rh_context_latent-context_cls,0.007462686567164179,-0.004228855721393034,0.020895522388059702,,402
0.3,block3_h48_seed10,"3-block, H=48",DELTA:knn_context_latent-cheap,-0.0014925373134328365,-0.01218905472636816,0.008457711442786068,,402
0.3,block3_h48_seed10,"3-block, H=48",DELTA:rh_context_latent-cheap,-5.523497634951027e-19,-0.006716417910447762,0.007462686567164179,,402
0.5,block3_h48_seed10,"3-block, H=48",cheap,0.8532338308457711,0.818407960199005,0.8855721393034826,0.0,402
0.5,block3_h48_seed10,"3-block, H=48",full,0.3407960199004975,0.3034825870646766,0.3781094527363184,1.0,402
0.5,block3_h48_seed10,"3-block, H=48",confidence,0.8532338308457711,0.8159203980099502,0.8880597014925373,0.0,402
0.5,block3_h48_seed10,"3-block, H=48",context_cls,0.8395522388059702,0.8034514925373134,0.8756218905472637,0.04228855721393035,402
0.5,block3_h48_seed10,"3-block, H=48",knn_context,0.8532338308457711,0.8159203980099502,0.8855721393034826,0.0,402
0.5,block3_h48_seed10,"3-block, H=48",rh_context,0.8532338308457711,0.818407960199005,0.8880597014925373,0.0,402
0.5,block3_h48_seed10,"3-block, H=48",knn_context_latent,0.849502487562189,0.8134328358208955,0.8830845771144279,0.022388059701492536,402
0.5,block3_h48_seed10,"3-block, H=48",rh_context_latent,0.8544776119402985,0.8208955223880597,0.8855721393034826,0.007462686567164179,402
0.5,block3_h48_seed10,"3-block, H=48",oracle,0.8843283582089553,0.8557213930348259,0.9129353233830846,0.06218905472636816,402
0.5,block3_h48_seed10,"3-block, H=48",DELTA:knn_context_latent-knn_context,-0.0037313432835820895,-0.014925373134328358,0.004975124378109453,,402
0.5,block3_h48_seed10,"3-block, H=48",DELTA:rh_context_latent-rh_context,0.0012437810945273632,-0.0024875621890547263,0.006218905472636816,,402
0.5,block3_h48_seed10,"3-block, H=48",DELTA:knn_context_latent-confidence,-0.0037313432835820895,-0.014925373134328358,0.004975124378109453,,402
0.5,block3_h48_seed10,"3-block, H=48",DELTA:rh_context_latent-confidence,0.0012437810945273632,-0.0024875621890547263,0.004975124378109453,,402
0.5,block3_h48_seed10,"3-block, H=48",DELTA:knn_context_latent-context_cls,0.009950248756218905,-0.004975124378109453,0.026119402985074626,,402
0.5,block3_h48_seed10,"3-block, H=48",DELTA:rh_context_latent-context_cls,0.014925373134328358,0.003700248756218916,0.029850746268656716,,402
0.5,block3_h48_seed10,"3-block, H=48",DELTA:knn_context_latent-cheap,-0.0037313432835820895,-0.014925373134328358,0.004975124378109453,,402
0.5,block3_h48_seed10,"3-block, H=48",DELTA:rh_context_latent-cheap,0.0012437810945273632,-0.0024875621890547263,0.006218905472636816,,402
0.02,block3_h72_seed14,"3-block, H=72",cheap,0.7312348668280871,0.6876513317191283,0.7723970944309927,0.0,413
0.02,block3_h72_seed14,"3-block, H=72",full,0.7984019370460052,0.7620823244552061,0.8347215496368041,1.0,413
0.02,block3_h72_seed14,"3-block, H=72",confidence,0.7759322033898306,0.7366089588377724,0.8146283292978208,0.1864406779661017,413
0.02,block3_h72_seed14,"3-block, H=72",context_cls,0.7699273607748185,0.7291029055690073,0.8103716707021793,0.1234866828087167,413
0.02,block3_h72_seed14,"3-block, H=72",knn_context,0.8065375302663439,0.7691973365617435,0.8426646489104117,0.4721549636803874,413
0.02,block3_h72_seed14,"3-block, H=72",rh_context,0.8018401937046007,0.7647941888619855,0.8404382566585957,0.4648910411622276,413
0.02,block3_h72_seed14,"3-block, H=72",knn_context_latent,0.8057627118644068,0.7670217917675546,0.8440702179176756,0.2687651331719128,413
0.02,block3_h72_seed14,"3-block, H=72",rh_context_latent,0.7963680387409202,0.7555411622276029,0.8330278450363197,0.2542372881355932,413
0.02,block3_h72_seed14,"3-block, H=72",oracle,0.892590799031477,0.8612566585956417,0.9192748184019373,0.16464891041162227,413
0.02,block3_h72_seed14,"3-block, H=72",DELTA:knn_context_latent-knn_context,-0.0007748184019370424,-0.02697457627118643,0.0250859564164649,,413
0.02,block3_h72_seed14,"3-block, H=72",DELTA:rh_context_latent-rh_context,-0.0054721549636803845,-0.034237288135593215,0.02387409200968523,,413
0.02,block3_h72_seed14,"3-block, H=72",DELTA:knn_context_latent-confidence,0.029830508474576273,0.0010641646489104107,0.05820823244552058,,413
0.02,block3_h72_seed14,"3-block, H=72",DELTA:rh_context_latent-confidence,0.020435835351089587,-0.010992736077481842,0.05123849878934625,,413
0.02,block3_h72_seed14,"3-block, H=72",DELTA:knn_context_latent-context_cls,0.03583535108958837,0.00677966101694915,0.06654116222760292,,413
0.02,block3_h72_seed14,"3-block, H=72",DELTA:rh_context_latent-context_cls,0.02644067796610169,-0.0018898305084745766,0.05554479418886198,,413
0.02,block3_h72_seed14,"3-block, H=72",DELTA:knn_context_latent-cheap,0.07452784503631961,0.04295399515738498,0.10629661016949152,,413
0.02,block3_h72_seed14,"3-block, H=72",DELTA:rh_context_latent-cheap,0.06513317191283292,0.03622276029055689,0.0942869249394673,,413
0.05,block3_h72_seed14,"3-block, H=72",cheap,0.7312348668280871,0.6876513317191283,0.7724576271186443,0.0,413
0.05,block3_h72_seed14,"3-block, H=72",full,0.7684019370460048,0.7296610169491526,0.8047215496368036,1.0,413
0.05,block3_h72_seed14,"3-block, H=72",confidence,0.7703389830508474,0.7290556900726393,0.809203995157385,0.1864406779661017,413
0.05,block3_h72_seed14,"3-block, H=72",context_cls,0.7662227602905569,0.7239558111380145,0.8050847457627118,0.1234866828087167,413
0.05,block3_h72_seed14,"3-block, H=72",knn_context,0.7796610169491526,0.7375302663438257,0.8188922518159807,0.3389830508474576,413
0.05,block3_h72_seed14,"3-block, H=72",rh_context,0.7878934624697336,0.7508474576271187,0.8267584745762713,0.4648910411622276,413
0.05,block3_h72_seed14,"3-block, H=72",knn_context_latent,0.7976997578692494,0.7594370460048425,0.8346246973365617,0.2687651331719128,413
0.05,block3_h72_seed14,"3-block, H=72",rh_context_latent,0.7938256658595643,0.7547215496368038,0.8314860774818401,0.24939467312348668,413
0.05,block3_h72_seed14,"3-block, H=72",oracle,0.8876513317191284,0.8570217917675546,0.9136834140435836,0.16464891041162227,413
0.05,block3_h72_seed14,"3-block, H=72",DELTA:knn_context_latent-knn_context,0.018038740920096854,-0.008840799031476995,0.04539951573849879,,413
0.05,block3_h72_seed14,"3-block, H=72",DELTA:rh_context_latent-rh_context,0.005932203389830511,-0.021552663438256646,0.035596246973365636,,413
0.05,block3_h72_seed14,"3-block, H=72",DELTA:knn_context_latent-confidence,0.027360774818401937,-0.0003662227602905578,0.05556900726392252,,413
0.05,block3_h72_seed14,"3-block, H=72",DELTA:rh_context_latent-confidence,0.023486682808716706,-0.0009715496368038771,0.04939769975786926,,413
0.05,block3_h72_seed14,"3-block, H=72",DELTA:knn_context_latent-context_cls,0.03147699757869248,0.002657384987893454,0.06065677966101695,,413
0.05,block3_h72_seed14,"3-block, H=72",DELTA:rh_context_latent-context_cls,0.02760290556900725,-0.002787530266343828,0.05859866828087167,,413
0.05,block3_h72_seed14,"3-block, H=72",DELTA:knn_context_latent-cheap,0.06646489104116221,0.035469128329297814,0.0972185230024213,,413
0.05,block3_h72_seed14,"3-block, H=72",DELTA:rh_context_latent-cheap,0.06259079903147699,0.034261501210653744,0.09213075060532687,,413
0.1,block3_h72_seed14,"3-block, H=72",cheap,0.7312348668280871,0.6900726392251816,0.7723970944309927,0.0,413
0.1,block3_h72_seed14,"3-block, H=72",full,0.7184019370460051,0.6796610169491529,0.7547215496368042,1.0,413
0.1,block3_h72_seed14,"3-block, H=72",confidence,0.7561743341404358,0.714043583535109,0.7973426150121066,0.13801452784503632,413
0.1,block3_h72_seed14,"3-block, H=72",context_cls,0.7547215496368039,0.713311138014528,0.7946731234866827,0.10411622276029056,413
0.1,block3_h72_seed14,"3-block, H=72",knn_context,0.7627118644067796,0.7237288135593222,0.8014648910411624,0.3389830508474576,413
0.1,block3_h72_seed14,"3-block, H=72",rh_context,0.7602905569007264,0.7188801452784505,0.7992857142857144,0.31476997578692495,413
0.1,block3_h72_seed14,"3-block, H=72",knn_context_latent,0.7803874092009685,0.7394673123486682,0.81840799031477,0.162227602905569,413
0.1,block3_h72_seed14,"3-block, H=72",rh_context_latent,0.78135593220339,0.7433414043583535,0.816949152542373,0.24939467312348668,413
0.1,block3_h72_seed14,"3-block, H=72",oracle,0.8794188861985474,0.8491525423728815,0.9079903147699758,0.16464891041162227,413
0.1,block3_h72_seed14,"3-block, H=72",DELTA:knn_context_latent-knn_context,0.017675544794188865,-0.010169491525423726,0.046737288135593254,,413
0.1,block3_h72_seed14,"3-block, H=72",DELTA:rh_context_latent-rh_context,0.021065375302663437,-0.00460048426150121,0.0486682808716707,,413
0.1,block3_h72_seed14,"3-block, H=72",DELTA:knn_context_latent-confidence,0.024213075060532687,-0.002179176755447942,0.04939467312348668,,413
0.1,block3_h72_seed14,"3-block, H=72",DELTA:rh_context_latent-confidence,0.025181598062954,0.0007263922518159826,0.050127118644067825,,413
0.1,block3_h72_seed14,"3-block, H=72",DELTA:knn_context_latent-context_cls,0.025665859564164648,-0.0012106537530266344,0.05230024213075061,,413
0.1,block3_h72_seed14,"3-block, H=72",DELTA:rh_context_latent-context_cls,0.02663438256658596,-0.0009685230024213084,0.05423728813559322,,413
0.1,block3_h72_seed14,"3-block, H=72",DELTA:knn_context_latent-cheap,0.04915254237288136,0.023970944309927363,0.07506658595641649,,413
0.1,block3_h72_seed14,"3-block, H=72",DELTA:rh_context_latent-cheap,0.05012106537530267,0.021791767554479417,0.07990920096852304,,413
0.2,block3_h72_seed14,"3-block, H=72",cheap,0.7312348668280871,0.6876513317191283,0.774818401937046,0.0,413
0.2,block3_h72_seed14,"3-block, H=72",full,0.6184019370460048,0.5796610169491525,0.6547215496368038,1.0,413
0.2,block3_h72_seed14,"3-block, H=72",confidence,0.7312348668280871,0.6876513317191283,0.774818401937046,0.0,413
0.2,block3_h72_seed14,"3-block, H=72",context_cls,0.7443099273607747,0.7031476997578692,0.7864406779661017,0.10411622276029056,413
0.2,block3_h72_seed14,"3-block, H=72",knn_context,0.7288135593220338,0.6871670702179176,0.7690072639225181,0.3389830508474576,413
0.2,block3_h72_seed14,"3-block, H=72",rh_context,0.7278450363196126,0.683777239709443,0.7690072639225182,0.162227602905569,413
0.2,block3_h72_seed14,"3-block, H=72",knn_context_latent,0.7457627118644068,0.7031476997578692,0.7859564164648911,0.0847457627118644,413
0.2,block3_h72_seed14,"3-block, H=72",rh_context_latent,0.7341404358353512,0.6900726392251816,0.7767554479418887,0.05811138014527845,413
0.2,block3_h72_seed14,"3-block, H=72",oracle,0.8629539951573849,0.8329297820823246,0.8915254237288135,0.16464891041162227,413
0.2,block3_h72_seed14,"3-block, H=72",DELTA:knn_context_latent-knn_context,0.016949152542372874,-0.015012106537530273,0.04842615012106537,,413
0.2,block3_h72_seed14,"3-block, H=72",DELTA:rh_context_latent-rh_context,0.0062953995157384954,-0.017917675544794193,0.029055690072639227,,413
0.2,block3_h72_seed14,"3-block, H=72",DELTA:knn_context_latent-confidence,0.014527845036319617,-0.0014648910411622215,0.031476997578692496,,413
0.2,block3_h72_seed14,"3-block, H=72",DELTA:rh_context_latent-confidence,0.002905569007263926,-0.011138014527845033,0.016464891041162232,,413
0.2,block3_h72_seed14,"3-block, H=72",DELTA:knn_context_latent-context_cls,0.0014527845036319605,-0.021307506053268768,0.024697336561743343,,413
0.2,block3_h72_seed14,"3-block, H=72",DELTA:rh_context_latent-context_cls,-0.010169491525423732,-0.03099273607748184,0.011138014527845035,,413
0.2,block3_h72_seed14,"3-block, H=72",DELTA:knn_context_latent-cheap,0.014527845036319617,-0.0033898305084745727,0.03196125907990315,,413
0.2,block3_h72_seed14,"3-block, H=72",DELTA:rh_context_latent-cheap,0.002905569007263926,-0.011138014527845033,0.01646489104116223,,413
0.3,block3_h72_seed14,"3-block, H=72",cheap,0.7312348668280871,0.6900726392251816,0.7723970944309927,0.0,413
0.3,block3_h72_seed14,"3-block, H=72",full,0.518401937046005,0.47966101694915264,0.554721549636804,1.0,413
0.3,block3_h72_seed14,"3-block, H=72",confidence,0.7312348668280871,0.6876513317191283,0.774818401937046,0.0,413
0.3,block3_h72_seed14,"3-block, H=72",context_cls,0.7278450363196126,0.6820823244552059,0.7707082324455204,0.09200968523002422,413
0.3,block3_h72_seed14,"3-block, H=72",knn_context,0.7249394673123486,0.6815980629539952,0.7687651331719129,0.15012106537530268,413
0.3,block3_h72_seed14,"3-block, H=72",rh_context,0.712590799031477,0.6677905569007264,0.7566646489104117,0.14285714285714285,413
0.3,block3_h72_seed14,"3-block, H=72",knn_context_latent,0.7372881355932204,0.6932203389830509,0.7787046004842615,0.0847457627118644,413
0.3,block3_h72_seed14,"3-block, H=72",rh_context_latent,0.7329297820823244,0.6893462469733656,0.774818401937046,0.002421307506053269,413
0.3,block3_h72_seed14,"3-block, H=72",oracle,0.8464891041162228,0.8164648910411624,0.8760290556900727,0.16464891041162227,413
0.3,block3_h72_seed14,"3-block, H=72",DELTA:knn_context_latent-knn_context,0.012348668280871673,-0.012112590799031474,0.03631961259079903,,413
0.3,block3_h72_seed14,"3-block, H=72",DELTA:rh_context_latent-rh_context,0.020338983050847463,-0.001943099273607742,0.0440677966101695,,413
0.3,block3_h72_seed14,"3-block, H=72",DELTA:knn_context_latent-confidence,0.006053268765133167,-0.010653753026634386,0.02227602905569007,,413
0.3,block3_h72_seed14,"3-block, H=72",DELTA:rh_context_latent-confidence,0.001694915254237288,0.0,0.005084745762711863,,413
0.3,block3_h72_seed14,"3-block, H=72",DELTA:knn_context_latent-context_cls,0.009443099273607748,-0.010901937046004843,0.030992736077481837,,413
0.3,block3_h72_seed14,"3-block, H=72",DELTA:rh_context_latent-context_cls,0.005084745762711866,-0.013075060532687645,0.023728813559322035,,413
0.3,block3_h72_seed14,"3-block, H=72",DELTA:knn_context_latent-cheap,0.006053268765133167,-0.010653753026634388,0.023002421307506054,,413
0.3,block3_h72_seed14,"3-block, H=72",DELTA:rh_context_latent-cheap,0.001694915254237288,0.0,0.005084745762711863,,413
0.5,block3_h72_seed14,"3-block, H=72",cheap,0.7312348668280871,0.6852300242130751,0.774818401937046,0.0,413
0.5,block3_h72_seed14,"3-block, H=72",full,0.31840193704600483,0.2820823244552058,0.35472154963680386,1.0,413
0.5,block3_h72_seed14,"3-block, H=72",confidence,0.7312348668280871,0.6876513317191283,0.774818401937046,0.0,413
0.5,block3_h72_seed14,"3-block, H=72",context_cls,0.7094430992736077,0.6646489104116223,0.7542372881355932,0.09200968523002422,413
0.5,block3_h72_seed14,"3-block, H=72",knn_context,0.7324455205811138,0.6912530266343826,0.774818401937046,0.002421307506053269,413
0.5,block3_h72_seed14,"3-block, H=72",rh_context,0.7324455205811138,0.6900726392251816,0.7736077481840193,0.002421307506053269,413
0.5,block3_h72_seed14,"3-block, H=72",knn_context_latent,0.7215496368038741,0.6755447941888619,0.7639225181598063,0.048426150121065374,413
0.5,block3_h72_seed14,"3-block, H=72",rh_context_latent,0.7312348668280871,0.6900726392251816,0.7723970944309927,0.0,413
0.5,block3_h72_seed14,"3-block, H=72",oracle,0.8135593220338984,0.7808716707021792,0.8450363196125908,0.16464891041162227,413
0.5,block3_h72_seed14,"3-block, H=72",DELTA:knn_context_latent-knn_context,-0.010895883777239709,-0.024213075060532687,0.0012106537530266344,,413
0.5,block3_h72_seed14,"3-block, H=72",DELTA:rh_context_latent-rh_context,-0.0012106537530266344,-0.0036319612590799033,0.0,,413
0.5,block3_h72_seed14,"3-block, H=72",DELTA:knn_context_latent-confidence,-0.009685230024213076,-0.023002421307506054,0.0012106537530266344,,413
0.5,block3_h72_seed14,"3-block, H=72",DELTA:rh_context_latent-confidence,0.0,0.0,0.0,,413
0.5,block3_h72_seed14,"3-block, H=72",DELTA:knn_context_latent-context_cls,0.012106537530266344,-0.007263922518159807,0.03268765133171913,,413
0.5,block3_h72_seed14,"3-block, H=72",DELTA:rh_context_latent-context_cls,0.021791767554479417,0.0036319612590799033,0.0423728813559322,,413
0.5,block3_h72_seed14,"3-block, H=72",DELTA:knn_context_latent-cheap,-0.009685230024213076,-0.023002421307506054,0.002421307506053269,,413
0.5,block3_h72_seed14,"3-block, H=72",DELTA:rh_context_latent-cheap,0.0,0.0,0.0,,413
