lambda,heldout,variant_label,utility,top1,relative_latency,select_Tiny,select_Small,select_Medium,select_Full,method
0.0,block3_h36_seed13,"3-block, H=36",0.8948655256723717,0.8948655256723717,0.18631239428236,1.0,0.0,0.0,0.0,fixed_Tiny
0.0,block3_h36_seed13,"3-block, H=36",0.8973105134474327,0.8973105134474327,0.2010189189360956,0.0,1.0,0.0,0.0,fixed_Small
0.0,block3_h36_seed13,"3-block, H=36",0.863080684596577,0.863080684596577,0.38263710857006406,0.0,0.0,1.0,0.0,fixed_Medium
0.0,block3_h36_seed13,"3-block, H=36",0.8288508557457213,0.8288508557457213,1.0,0.0,0.0,0.0,1.0,fixed_Full
0.0,block3_h36_seed13,"3-block, H=36",0.9584352078239609,0.9584352078239609,0.18946755464707138,0.9364303178484108,0.05134474327628362,0.012224938875305624,0.0,oracle_multicapacity
0.0,block3_h36_seed13,"3-block, H=36",0.8850855745721271,0.8850855745721271,0.2479141144081568,0.28361858190709044,0.4352078239608802,0.28117359413202936,0.0,ridge_expected_utility
0.0,block3_h36_seed13,"3-block, H=36",0.8801955990220048,0.8801955990220048,0.29942785544586176,0.687041564792176,0.05623471882640587,0.15647921760391198,0.10024449877750612,rf_expected_utility
0.0,block3_h36_seed13,"3-block, H=36",0.8948655256723717,0.8948655256723717,0.2527638717290966,0.7506112469437652,0.03667481662591687,0.17359413202933985,0.039119804400977995,logreg_oracle_label
0.0,block3_h36_seed13,"3-block, H=36",0.8973105134474327,0.8973105134474327,0.2290584218390739,0.726161369193154,0.1271393643031785,0.1271393643031785,0.019559902200488997,rf_oracle_label
0.01,block3_h36_seed13,"3-block, H=36",0.8930024017295479,0.8948655256723717,0.18631239428236,1.0,0.0,0.0,0.0,fixed_Tiny
0.01,block3_h36_seed13,"3-block, H=36",0.8953003242580715,0.8973105134474327,0.2010189189360956,0.0,1.0,0.0,0.0,fixed_Small
0.01,block3_h36_seed13,"3-block, H=36",0.8592543135108763,0.863080684596577,0.38263710857006406,0.0,0.0,1.0,0.0,fixed_Medium
0.01,block3_h36_seed13,"3-block, H=36",0.8188508557457214,0.8288508557457213,1.0,0.0,0.0,0.0,1.0,fixed_Full
0.01,block3_h36_seed13,"3-block, H=36",0.95654053227749,0.9584352078239609,0.18946755464707138,0.9364303178484108,0.05134474327628362,0.012224938875305624,0.0,oracle_multicapacity
0.01,block3_h36_seed13,"3-block, H=36",0.8826389555167021,0.8850855745721271,0.24466190554250222,0.293398533007335,0.44254278728606355,0.26405867970660146,0.0,ridge_expected_utility
0.01,block3_h36_seed13,"3-block, H=36",0.8773045146770552,0.8801955990220048,0.2891084344949701,0.6943765281173594,0.06356968215158924,0.15403422982885084,0.08801955990220049,rf_expected_utility
0.01,block3_h36_seed13,"3-block, H=36",0.8923378869550807,0.8948655256723717,0.2527638717290966,0.7506112469437652,0.03667481662591687,0.17359413202933985,0.039119804400977995,logreg_oracle_label
0.01,block3_h36_seed13,"3-block, H=36",0.8950199292290419,0.8973105134474327,0.2290584218390739,0.726161369193154,0.1271393643031785,0.1271393643031785,0.019559902200488997,rf_oracle_label
0.02,block3_h36_seed13,"3-block, H=36",0.8911392777867244,0.8948655256723717,0.18631239428236,1.0,0.0,0.0,0.0,fixed_Tiny
0.02,block3_h36_seed13,"3-block, H=36",0.8932901350687106,0.8973105134474327,0.2010189189360956,0.0,1.0,0.0,0.0,fixed_Small
0.02,block3_h36_seed13,"3-block, H=36",0.8554279424251757,0.863080684596577,0.38263710857006406,0.0,0.0,1.0,0.0,fixed_Medium
0.02,block3_h36_seed13,"3-block, H=36",0.8088508557457214,0.8288508557457213,1.0,0.0,0.0,0.0,1.0,fixed_Full
0.02,block3_h36_seed13,"3-block, H=36",0.9546458567310195,0.9584352078239609,0.18946755464707138,0.9364303178484108,0.05134474327628362,0.012224938875305624,0.0,oracle_multicapacity
0.02,block3_h36_seed13,"3-block, H=36",0.8777843113174063,0.882640586797066,0.24281377398298307,0.2982885085574572,0.4474327628361858,0.254278728606357,0.0,ridge_expected_utility
0.02,block3_h36_seed13,"3-block, H=36",0.8770957646541466,0.882640586797066,0.2772411071459749,0.7163814180929096,0.06356968215158924,0.14425427872860636,0.07579462102689487,rf_expected_utility
0.02,block3_h36_seed13,"3-block, H=36",0.8898102482377898,0.8948655256723717,0.2527638717290966,0.7506112469437652,0.03667481662591687,0.17359413202933985,0.039119804400977995,logreg_oracle_label
0.02,block3_h36_seed13,"3-block, H=36",0.8927293450106514,0.8973105134474327,0.2290584218390739,0.726161369193154,0.1271393643031785,0.1271393643031785,0.019559902200488997,rf_oracle_label
0.05,block3_h36_seed13,"3-block, H=36",0.8855499059582536,0.8948655256723717,0.18631239428236,1.0,0.0,0.0,0.0,fixed_Tiny
0.05,block3_h36_seed13,"3-block, H=36",0.887259567500628,0.8973105134474327,0.2010189189360956,0.0,1.0,0.0,0.0,fixed_Small
0.05,block3_h36_seed13,"3-block, H=36",0.843948829168074,0.863080684596577,0.38263710857006406,0.0,0.0,1.0,0.0,fixed_Medium
0.05,block3_h36_seed13,"3-block, H=36",0.7788508557457212,0.8288508557457213,1.0,0.0,0.0,0.0,1.0,fixed_Full
0.05,block3_h36_seed13,"3-block, H=36",0.9489618300916073,0.9584352078239609,0.18946755464707138,0.9364303178484108,0.05134474327628362,0.012224938875305624,0.0,oracle_multicapacity
0.05,block3_h36_seed13,"3-block, H=36",0.8707363081338055,0.882640586797066,0.23808557326520904,0.31784841075794623,0.45232273838630804,0.22982885085574573,0.0,ridge_expected_utility
0.05,block3_h36_seed13,"3-block, H=36",0.8768594782481429,0.8899755501222494,0.26232143748213144,0.7286063569682152,0.06601466992665037,0.1491442542787286,0.05623471882640587,rf_expected_utility
0.05,block3_h36_seed13,"3-block, H=36",0.8822273320859169,0.8948655256723717,0.2527638717290966,0.7506112469437652,0.03667481662591687,0.17359413202933985,0.039119804400977995,logreg_oracle_label
0.05,block3_h36_seed13,"3-block, H=36",0.8858575923554791,0.8973105134474327,0.2290584218390739,0.726161369193154,0.1271393643031785,0.1271393643031785,0.019559902200488997,rf_oracle_label
0.1,block3_h36_seed13,"3-block, H=36",0.8762342862441355,0.8948655256723717,0.18631239428236,1.0,0.0,0.0,0.0,fixed_Tiny
0.1,block3_h36_seed13,"3-block, H=36",0.8772086215538231,0.8973105134474327,0.2010189189360956,0.0,1.0,0.0,0.0,fixed_Small
0.1,block3_h36_seed13,"3-block, H=36",0.8248169737395707,0.863080684596577,0.38263710857006406,0.0,0.0,1.0,0.0,fixed_Medium
0.1,block3_h36_seed13,"3-block, H=36",0.7288508557457215,0.8288508557457213,1.0,0.0,0.0,0.0,1.0,fixed_Full
0.1,block3_h36_seed13,"3-block, H=36",0.9394884523592535,0.9584352078239609,0.18946755464707138,0.9364303178484108,0.05134474327628362,0.012224938875305624,0.0,oracle_multicapacity
0.1,block3_h36_seed13,"3-block, H=36",0.856723049763947,0.8801955990220048,0.23472549258057843,0.33496332518337407,0.45232273838630804,0.21271393643031786,0.0,ridge_expected_utility
0.1,block3_h36_seed13,"3-block, H=36",0.871743090238065,0.8948655256723717,0.23122435434306607,0.7359413202933985,0.08801955990220049,0.16136919315403422,0.014669926650366748,rf_expected_utility
0.1,block3_h36_seed13,"3-block, H=36",0.8695891384994618,0.8948655256723717,0.2527638717290966,0.7506112469437652,0.03667481662591687,0.17359413202933985,0.039119804400977995,logreg_oracle_label
0.1,block3_h36_seed13,"3-block, H=36",0.8744046712635253,0.8973105134474327,0.2290584218390739,0.726161369193154,0.1271393643031785,0.1271393643031785,0.019559902200488997,rf_oracle_label
0.15,block3_h36_seed13,"3-block, H=36",0.8669186665300177,0.8948655256723717,0.18631239428236,1.0,0.0,0.0,0.0,fixed_Tiny
0.15,block3_h36_seed13,"3-block, H=36",0.8671576756070184,0.8973105134474327,0.2010189189360956,0.0,1.0,0.0,0.0,fixed_Small
0.15,block3_h36_seed13,"3-block, H=36",0.8056851183110677,0.863080684596577,0.38263710857006406,0.0,0.0,1.0,0.0,fixed_Medium
0.15,block3_h36_seed13,"3-block, H=36",0.6788508557457211,0.8288508557457213,1.0,0.0,0.0,0.0,1.0,fixed_Full
0.15,block3_h36_seed13,"3-block, H=36",0.9300150746269004,0.9584352078239609,0.18946755464707138,0.9364303178484108,0.05134474327628362,0.012224938875305624,0.0,oracle_multicapacity
0.15,block3_h36_seed13,"3-block, H=36",0.8500873622809607,0.8850855745721271,0.23332141527444303,0.33985330073349634,0.4547677261613692,0.20537897310513448,0.0,ridge_expected_utility
0.15,block3_h36_seed13,"3-block, H=36",0.8610559291294492,0.8948655256723717,0.22539731028615012,0.7457212713936431,0.09290953545232274,0.15158924205378974,0.009779951100244499,rf_expected_utility
0.15,block3_h36_seed13,"3-block, H=36",0.8569509449130073,0.8948655256723717,0.2527638717290966,0.7506112469437652,0.03667481662591687,0.17359413202933985,0.039119804400977995,logreg_oracle_label
0.15,block3_h36_seed13,"3-block, H=36",0.8629517501715719,0.8973105134474327,0.2290584218390739,0.726161369193154,0.1271393643031785,0.1271393643031785,0.019559902200488997,rf_oracle_label
0.2,block3_h36_seed13,"3-block, H=36",0.8576030468158993,0.8948655256723717,0.18631239428236,1.0,0.0,0.0,0.0,fixed_Tiny
0.2,block3_h36_seed13,"3-block, H=36",0.8571067296602135,0.8973105134474327,0.2010189189360956,0.0,1.0,0.0,0.0,fixed_Small
0.2,block3_h36_seed13,"3-block, H=36",0.7865532628825641,0.863080684596577,0.38263710857006406,0.0,0.0,1.0,0.0,fixed_Medium
0.2,block3_h36_seed13,"3-block, H=36",0.6288508557457212,0.8288508557457213,1.0,0.0,0.0,0.0,1.0,fixed_Full
0.2,block3_h36_seed13,"3-block, H=36",0.9205416968945463,0.9584352078239609,0.18946755464707138,0.9364303178484108,0.05134474327628362,0.012224938875305624,0.0,oracle_multicapacity
0.2,block3_h36_seed13,"3-block, H=36",0.8390861161995662,0.8850855745721271,0.22999729186280443,0.3545232273838631,0.4572127139364303,0.1882640586797066,0.0,ridge_expected_utility
0.2,block3_h36_seed13,"3-block, H=36",0.8515408674062568,0.8948655256723717,0.21662329133057306,0.7506112469437652,0.10268948655256724,0.1466992665036675,0.0,rf_expected_utility
0.2,block3_h36_seed13,"3-block, H=36",0.8443127513265521,0.8948655256723717,0.2527638717290966,0.7506112469437652,0.03667481662591687,0.17359413202933985,0.039119804400977995,logreg_oracle_label
0.2,block3_h36_seed13,"3-block, H=36",0.8514988290796178,0.8973105134474327,0.2290584218390739,0.726161369193154,0.1271393643031785,0.1271393643031785,0.019559902200488997,rf_oracle_label
0.3,block3_h36_seed13,"3-block, H=36",0.8389718073876636,0.8948655256723717,0.18631239428236,1.0,0.0,0.0,0.0,fixed_Tiny
0.3,block3_h36_seed13,"3-block, H=36",0.8370048377666042,0.8973105134474327,0.2010189189360956,0.0,1.0,0.0,0.0,fixed_Small
0.3,block3_h36_seed13,"3-block, H=36",0.7482895520255578,0.863080684596577,0.38263710857006406,0.0,0.0,1.0,0.0,fixed_Medium
0.3,block3_h36_seed13,"3-block, H=36",0.5288508557457213,0.8288508557457213,1.0,0.0,0.0,0.0,1.0,fixed_Full
0.3,block3_h36_seed13,"3-block, H=36",0.9015949414298395,0.9584352078239609,0.18946755464707138,0.9364303178484108,0.05134474327628362,0.012224938875305624,0.0,oracle_multicapacity
0.3,block3_h36_seed13,"3-block, H=36",0.8297945091953093,0.8973105134474327,0.22505334750707828,0.38875305623471884,0.4474327628361858,0.16381418092909536,0.0,ridge_expected_utility
0.3,block3_h36_seed13,"3-block, H=36",0.8304437649229531,0.8948655256723717,0.21473920249806186,0.7579462102689487,0.10513447432762836,0.13691931540342298,0.0,rf_expected_utility
0.3,block3_h36_seed13,"3-block, H=36",0.8190363641536427,0.8948655256723717,0.2527638717290966,0.7506112469437652,0.03667481662591687,0.17359413202933985,0.039119804400977995,logreg_oracle_label
0.3,block3_h36_seed13,"3-block, H=36",0.8285929868957107,0.8973105134474327,0.2290584218390739,0.726161369193154,0.1271393643031785,0.1271393643031785,0.019559902200488997,rf_oracle_label
0.0,block3_h48_seed10,"3-block, H=48",0.8681592039800995,0.8681592039800995,0.18631239428236002,1.0,0.0,0.0,0.0,fixed_Tiny
0.0,block3_h48_seed10,"3-block, H=48",0.8532338308457711,0.8532338308457711,0.20101891893609564,0.0,1.0,0.0,0.0,fixed_Small
0.0,block3_h48_seed10,"3-block, H=48",0.8830845771144279,0.8830845771144279,0.382637108570064,0.0,0.0,1.0,0.0,fixed_Medium
0.0,block3_h48_seed10,"3-block, H=48",0.8407960199004975,0.8407960199004975,1.0,0.0,0.0,0.0,1.0,fixed_Full
0.0,block3_h48_seed10,"3-block, H=48",0.9527363184079602,0.9527363184079602,0.20119914628533558,0.9154228855721394,0.03482587064676617,0.04228855721393035,0.007462686567164179,oracle_multicapacity
0.0,block3_h48_seed10,"3-block, H=48",0.917910447761194,0.917910447761194,0.2792132547413341,0.6666666666666666,0.07711442786069651,0.1890547263681592,0.06716417910447761,ridge_expected_utility
0.0,block3_h48_seed10,"3-block, H=48",0.8855721393034826,0.8855721393034826,0.2291144066504745,0.7189054726368159,0.1865671641791045,0.05970149253731343,0.03482587064676617,rf_expected_utility
0.0,block3_h48_seed10,"3-block, H=48",0.8781094527363185,0.8781094527363185,0.19268145299673153,0.7512437810945274,0.23383084577114427,0.014925373134328358,0.0,logreg_oracle_label
0.0,block3_h48_seed10,"3-block, H=48",0.8805970149253731,0.8805970149253731,0.19538962423320708,0.763681592039801,0.21393034825870647,0.01990049751243781,0.0024875621890547263,rf_oracle_label
0.01,block3_h48_seed10,"3-block, H=48",0.8662960800372758,0.8681592039800995,0.18631239428236002,1.0,0.0,0.0,0.0,fixed_Tiny
0.01,block3_h48_seed10,"3-block, H=48",0.85122364165641,0.8532338308457711,0.20101891893609564,0.0,1.0,0.0,0.0,fixed_Small
0.01,block3_h48_seed10,"3-block, H=48",0.8792582060287273,0.8830845771144279,0.382637108570064,0.0,0.0,1.0,0.0,fixed_Medium
0.01,block3_h48_seed10,"3-block, H=48",0.8307960199004976,0.8407960199004975,1.0,0.0,0.0,0.0,1.0,fixed_Full
0.01,block3_h48_seed10,"3-block, H=48",0.9507243269451068,0.9527363184079602,0.20119914628533558,0.9154228855721394,0.03482587064676617,0.04228855721393035,0.007462686567164179,oracle_multicapacity
0.01,block3_h48_seed10,"3-block, H=48",0.9128815575961979,0.9154228855721394,0.2541327975941257,0.6766169154228856,0.0945273631840796,0.19402985074626866,0.03482587064676617,ridge_expected_utility
0.01,block3_h48_seed10,"3-block, H=48",0.8833506260654014,0.8855721393034826,0.22215132380810707,0.7562189054726368,0.15920398009950248,0.05721393034825871,0.02736318407960199,rf_expected_utility
0.01,block3_h48_seed10,"3-block, H=48",0.876182638206351,0.8781094527363185,0.19268145299673153,0.7512437810945274,0.23383084577114427,0.014925373134328358,0.0,logreg_oracle_label
0.01,block3_h48_seed10,"3-block, H=48",0.878643118683041,0.8805970149253731,0.19538962423320708,0.763681592039801,0.21393034825870647,0.01990049751243781,0.0024875621890547263,rf_oracle_label
0.02,block3_h48_seed10,"3-block, H=48",0.8644329560944524,0.8681592039800995,0.18631239428236002,1.0,0.0,0.0,0.0,fixed_Tiny
0.02,block3_h48_seed10,"3-block, H=48",0.8492134524670489,0.8532338308457711,0.20101891893609564,0.0,1.0,0.0,0.0,fixed_Small
0.02,block3_h48_seed10,"3-block, H=48",0.8754318349430266,0.8830845771144279,0.382637108570064,0.0,0.0,1.0,0.0,fixed_Medium
0.02,block3_h48_seed10,"3-block, H=48",0.8207960199004976,0.8407960199004975,1.0,0.0,0.0,0.0,1.0,fixed_Full
0.02,block3_h48_seed10,"3-block, H=48",0.9487123354822535,0.9527363184079602,0.20119914628533558,0.9154228855721394,0.03482587064676617,0.04228855721393035,0.007462686567164179,oracle_multicapacity
0.02,block3_h48_seed10,"3-block, H=48",0.910469247926599,0.9154228855721394,0.24768188227701277,0.6791044776119403,0.10199004975124377,0.19154228855721392,0.02736318407960199,ridge_expected_utility
0.02,block3_h48_seed10,"3-block, H=48",0.8811396118939343,0.8855721393034826,0.22162637047740696,0.7611940298507462,0.15671641791044777,0.05472636815920398,0.02736318407960199,rf_expected_utility
0.02,block3_h48_seed10,"3-block, H=48",0.8742558236763838,0.8781094527363185,0.19268145299673153,0.7512437810945274,0.23383084577114427,0.014925373134328358,0.0,logreg_oracle_label
0.02,block3_h48_seed10,"3-block, H=48",0.8766892224407089,0.8805970149253731,0.19538962423320708,0.763681592039801,0.21393034825870647,0.01990049751243781,0.0024875621890547263,rf_oracle_label
0.05,block3_h48_seed10,"3-block, H=48",0.8588435842659816,0.8681592039800995,0.18631239428236002,1.0,0.0,0.0,0.0,fixed_Tiny
0.05,block3_h48_seed10,"3-block, H=48",0.8431828848989663,0.8532338308457711,0.20101891893609564,0.0,1.0,0.0,0.0,fixed_Small
0.05,block3_h48_seed10,"3-block, H=48",0.8639527216859249,0.8830845771144279,0.382637108570064,0.0,0.0,1.0,0.0,fixed_Medium
0.05,block3_h48_seed10,"3-block, H=48",0.7907960199004974,0.8407960199004975,1.0,0.0,0.0,0.0,1.0,fixed_Full
0.05,block3_h48_seed10,"3-block, H=48",0.9426763610936936,0.9527363184079602,0.20119914628533558,0.9154228855721394,0.03482587064676617,0.04228855721393035,0.007462686567164179,oracle_multicapacity
0.05,block3_h48_seed10,"3-block, H=48",0.9063478621658676,0.917910447761194,0.23125171190653024,0.7089552238805971,0.10945273631840796,0.1691542288557214,0.012437810945273632,ridge_expected_utility
0.05,block3_h48_seed10,"3-block, H=48",0.8748451017212021,0.8855721393034826,0.21454075164561076,0.7761194029850746,0.15422885572139303,0.04975124378109453,0.01990049751243781,rf_expected_utility
0.05,block3_h48_seed10,"3-block, H=48",0.868475380086482,0.8781094527363185,0.19268145299673153,0.7512437810945274,0.23383084577114427,0.014925373134328358,0.0,logreg_oracle_label
0.05,block3_h48_seed10,"3-block, H=48",0.8708275337137128,0.8805970149253731,0.19538962423320708,0.763681592039801,0.21393034825870647,0.01990049751243781,0.0024875621890547263,rf_oracle_label
0.1,block3_h48_seed10,"3-block, H=48",0.8495279645518633,0.8681592039800995,0.18631239428236002,1.0,0.0,0.0,0.0,fixed_Tiny
0.1,block3_h48_seed10,"3-block, H=48",0.8331319389521614,0.8532338308457711,0.20101891893609564,0.0,1.0,0.0,0.0,fixed_Small
0.1,block3_h48_seed10,"3-block, H=48",0.8448208662574214,0.8830845771144279,0.382637108570064,0.0,0.0,1.0,0.0,fixed_Medium
0.1,block3_h48_seed10,"3-block, H=48",0.7407960199004977,0.8407960199004975,1.0,0.0,0.0,0.0,1.0,fixed_Full
0.1,block3_h48_seed10,"3-block, H=48",0.9326164037794266,0.9527363184079602,0.20119914628533558,0.9154228855721394,0.03482587064676617,0.04228855721393035,0.007462686567164179,oracle_multicapacity
0.1,block3_h48_seed10,"3-block, H=48",0.8941668794904026,0.9154228855721394,0.21256006081736492,0.7512437810945274,0.12437810945273632,0.12437810945273632,0.0,ridge_expected_utility
0.1,block3_h48_seed10,"3-block, H=48",0.8654228805602084,0.8855721393034826,0.20149258743274068,0.7910447761194029,0.15920398009950248,0.04477611940298507,0.004975124378109453,rf_expected_utility
0.1,block3_h48_seed10,"3-block, H=48",0.8588413074366451,0.8781094527363185,0.19268145299673153,0.7512437810945274,0.23383084577114427,0.014925373134328358,0.0,logreg_oracle_label
0.1,block3_h48_seed10,"3-block, H=48",0.8610580525020521,0.8805970149253731,0.19538962423320708,0.763681592039801,0.21393034825870647,0.01990049751243781,0.0024875621890547263,rf_oracle_label
0.15,block3_h48_seed10,"3-block, H=48",0.8402123448377457,0.8681592039800995,0.18631239428236002,1.0,0.0,0.0,0.0,fixed_Tiny
0.15,block3_h48_seed10,"3-block, H=48",0.8230809930053568,0.8532338308457711,0.20101891893609564,0.0,1.0,0.0,0.0,fixed_Small
0.15,block3_h48_seed10,"3-block, H=48",0.8256890108289185,0.8830845771144279,0.382637108570064,0.0,0.0,1.0,0.0,fixed_Medium
0.15,block3_h48_seed10,"3-block, H=48",0.6907960199004973,0.8407960199004975,1.0,0.0,0.0,0.0,1.0,fixed_Full
0.15,block3_h48_seed10,"3-block, H=48",0.9225564464651599,0.9527363184079602,0.20119914628533558,0.9154228855721394,0.03482587064676617,0.04228855721393035,0.007462686567164179,oracle_multicapacity
0.15,block3_h48_seed10,"3-block, H=48",0.8842714313535932,0.9154228855721394,0.20767636145697427,0.7761194029850746,0.12437810945273632,0.09950248756218906,0.0,ridge_expected_utility
0.15,block3_h48_seed10,"3-block, H=48",0.8511946353289862,0.8805970149253731,0.19601586397591314,0.8009950248756219,0.16169154228855723,0.03731343283582089,0.0,rf_expected_utility
0.15,block3_h48_seed10,"3-block, H=48",0.8492072347868087,0.8781094527363185,0.19268145299673153,0.7512437810945274,0.23383084577114427,0.014925373134328358,0.0,logreg_oracle_label
0.15,block3_h48_seed10,"3-block, H=48",0.8512885712903921,0.8805970149253731,0.19538962423320708,0.763681592039801,0.21393034825870647,0.01990049751243781,0.0024875621890547263,rf_oracle_label
0.2,block3_h48_seed10,"3-block, H=48",0.8308967251236271,0.8681592039800995,0.18631239428236002,1.0,0.0,0.0,0.0,fixed_Tiny
0.2,block3_h48_seed10,"3-block, H=48",0.8130300470585521,0.8532338308457711,0.20101891893609564,0.0,1.0,0.0,0.0,fixed_Small
0.2,block3_h48_seed10,"3-block, H=48",0.806557155400415,0.8830845771144279,0.382637108570064,0.0,0.0,1.0,0.0,fixed_Medium
0.2,block3_h48_seed10,"3-block, H=48",0.6407960199004974,0.8407960199004975,1.0,0.0,0.0,0.0,1.0,fixed_Full
0.2,block3_h48_seed10,"3-block, H=48",0.9124964891508929,0.9527363184079602,0.20119914628533558,0.9154228855721394,0.03482587064676617,0.04228855721393035,0.007462686567164179,oracle_multicapacity
0.2,block3_h48_seed10,"3-block, H=48",0.8626902974534433,0.9029850746268657,0.20147388586711054,0.7985074626865671,0.13432835820895522,0.06716417910447761,0.0,ridge_expected_utility
0.2,block3_h48_seed10,"3-block, H=48",0.8417552713632929,0.8805970149253731,0.19420871781040103,0.8009950248756219,0.17164179104477612,0.02736318407960199,0.0,rf_expected_utility
0.2,block3_h48_seed10,"3-block, H=48",0.8395731621369719,0.8781094527363185,0.19268145299673153,0.7512437810945274,0.23383084577114427,0.014925373134328358,0.0,logreg_oracle_label
0.2,block3_h48_seed10,"3-block, H=48",0.8415190900787315,0.8805970149253731,0.19538962423320708,0.763681592039801,0.21393034825870647,0.01990049751243781,0.0024875621890547263,rf_oracle_label
0.3,block3_h48_seed10,"3-block, H=48",0.8122654856953914,0.8681592039800995,0.18631239428236002,1.0,0.0,0.0,0.0,fixed_Tiny
0.3,block3_h48_seed10,"3-block, H=48",0.7929281551649426,0.8532338308457711,0.20101891893609564,0.0,1.0,0.0,0.0,fixed_Small
0.3,block3_h48_seed10,"3-block, H=48",0.7682934445434088,0.8830845771144279,0.382637108570064,0.0,0.0,1.0,0.0,fixed_Medium
0.3,block3_h48_seed10,"3-block, H=48",0.5407960199004976,0.8407960199004975,1.0,0.0,0.0,0.0,1.0,fixed_Full
0.3,block3_h48_seed10,"3-block, H=48",0.8923765745223596,0.9527363184079602,0.20119914628533558,0.9154228855721394,0.03482587064676617,0.04228855721393035,0.007462686567164179,oracle_multicapacity
0.3,block3_h48_seed10,"3-block, H=48",0.8417476283370285,0.900497512437811,0.19583294700260798,0.8134328358208955,0.14925373134328357,0.03731343283582089,0.0,ridge_expected_utility
0.3,block3_h48_seed10,"3-block, H=48",0.8203999562612501,0.8781094527363185,0.19236498825022788,0.8034825870646766,0.1791044776119403,0.017412935323383085,0.0,rf_expected_utility
0.3,block3_h48_seed10,"3-block, H=48",0.820305016837299,0.8781094527363185,0.19268145299673153,0.7512437810945274,0.23383084577114427,0.014925373134328358,0.0,logreg_oracle_label
0.3,block3_h48_seed10,"3-block, H=48",0.8219801276554112,0.8805970149253731,0.19538962423320708,0.763681592039801,0.21393034825870647,0.01990049751243781,0.0024875621890547263,rf_oracle_label
0.0,block3_h72_seed14,"3-block, H=72",0.8159806295399515,0.8159806295399515,0.18631239428236002,1.0,0.0,0.0,0.0,fixed_Tiny
0.0,block3_h72_seed14,"3-block, H=72",0.7312348668280871,0.7312348668280871,0.2010189189360956,0.0,1.0,0.0,0.0,fixed_Small
0.0,block3_h72_seed14,"3-block, H=72",0.8426150121065376,0.8426150121065376,0.38263710857006406,0.0,0.0,1.0,0.0,fixed_Medium
0.0,block3_h72_seed14,"3-block, H=72",0.8184019370460048,0.8184019370460048,1.0,0.0,0.0,0.0,1.0,fixed_Full
0.0,block3_h72_seed14,"3-block, H=72",0.9418886198547215,0.9418886198547215,0.2107653737235873,0.87409200968523,0.05084745762711865,0.06053268765133172,0.014527845036319613,oracle_multicapacity
0.0,block3_h72_seed14,"3-block, H=72",0.8426150121065376,0.8426150121065376,0.37788348352677825,0.024213075060532687,0.0,0.9757869249394673,0.0,ridge_expected_utility
0.0,block3_h72_seed14,"3-block, H=72",0.8523002421307506,0.8523002421307506,0.29337162504046155,0.6150121065375302,0.06537530266343826,0.24939467312348668,0.07021791767554479,rf_expected_utility
0.0,block3_h72_seed14,"3-block, H=72",0.8232445520581114,0.8232445520581114,0.8657522707431796,0.13559322033898305,0.0,0.0387409200968523,0.8256658595641646,logreg_oracle_label
0.0,block3_h72_seed14,"3-block, H=72",0.8232445520581114,0.8232445520581114,0.27674217573359755,0.6513317191283293,0.12590799031476999,0.15012106537530268,0.07263922518159806,rf_oracle_label
0.01,block3_h72_seed14,"3-block, H=72",0.8141175055971279,0.8159806295399515,0.18631239428236002,1.0,0.0,0.0,0.0,fixed_Tiny
0.01,block3_h72_seed14,"3-block, H=72",0.7292246776387261,0.7312348668280871,0.2010189189360956,0.0,1.0,0.0,0.0,fixed_Small
0.01,block3_h72_seed14,"3-block, H=72",0.8387886410208368,0.8426150121065376,0.38263710857006406,0.0,0.0,1.0,0.0,fixed_Medium
0.01,block3_h72_seed14,"3-block, H=72",0.8084019370460048,0.8184019370460048,1.0,0.0,0.0,0.0,1.0,fixed_Full
0.01,block3_h72_seed14,"3-block, H=72",0.9397809661174856,0.9418886198547215,0.2107653737235873,0.87409200968523,0.05084745762711865,0.06053268765133172,0.014527845036319613,oracle_multicapacity
0.01,block3_h72_seed14,"3-block, H=72",0.8388551917714429,0.8426150121065376,0.3759820335094639,0.03389830508474576,0.0,0.9661016949152542,0.0,ridge_expected_utility
0.01,block3_h72_seed14,"3-block, H=72",0.8494286294931526,0.8523002421307506,0.2871612637598015,0.6246973365617433,0.07263922518159806,0.23728813559322035,0.06537530266343826,rf_expected_utility
0.01,block3_h72_seed14,"3-block, H=72",0.8145870293506797,0.8232445520581114,0.8657522707431796,0.13559322033898305,0.0,0.0387409200968523,0.8256658595641646,logreg_oracle_label
0.01,block3_h72_seed14,"3-block, H=72",0.8204771303007753,0.8232445520581114,0.27674217573359755,0.6513317191283293,0.12590799031476999,0.15012106537530268,0.07263922518159806,rf_oracle_label
0.02,block3_h72_seed14,"3-block, H=72",0.8122543816543043,0.8159806295399515,0.18631239428236002,1.0,0.0,0.0,0.0,fixed_Tiny
0.02,block3_h72_seed14,"3-block, H=72",0.7272144884493652,0.7312348668280871,0.2010189189360956,0.0,1.0,0.0,0.0,fixed_Small
0.02,block3_h72_seed14,"3-block, H=72",0.8349622699351362,0.8426150121065376,0.38263710857006406,0.0,0.0,1.0,0.0,fixed_Medium
0.02,block3_h72_seed14,"3-block, H=72",0.7984019370460052,0.8184019370460048,1.0,0.0,0.0,0.0,1.0,fixed_Full
0.02,block3_h72_seed14,"3-block, H=72",0.9376733123802496,0.9418886198547215,0.2107653737235873,0.87409200968523,0.05084745762711865,0.06053268765133172,0.014527845036319613,oracle_multicapacity
0.02,block3_h72_seed14,"3-block, H=72",0.8351429076867811,0.8426150121065376,0.373605220987821,0.04600484261501211,0.0,0.9539951573849879,0.0,ridge_expected_utility
0.02,block3_h72_seed14,"3-block, H=72",0.8490424400628922,0.8547215496368039,0.28395547869558135,0.6513317191283293,0.053268765133171914,0.2324455205811138,0.06295399515738499,rf_expected_utility
0.02,block3_h72_seed14,"3-block, H=72",0.8059295066432478,0.8232445520581114,0.8657522707431796,0.13559322033898305,0.0,0.0387409200968523,0.8256658595641646,logreg_oracle_label
0.02,block3_h72_seed14,"3-block, H=72",0.8177097085434395,0.8232445520581114,0.27674217573359755,0.6513317191283293,0.12590799031476999,0.15012106537530268,0.07263922518159806,rf_oracle_label
0.05,block3_h72_seed14,"3-block, H=72",0.8066650098258337,0.8159806295399515,0.18631239428236002,1.0,0.0,0.0,0.0,fixed_Tiny
0.05,block3_h72_seed14,"3-block, H=72",0.7211839208812824,0.7312348668280871,0.2010189189360956,0.0,1.0,0.0,0.0,fixed_Small
0.05,block3_h72_seed14,"3-block, H=72",0.8234831566780345,0.8426150121065376,0.38263710857006406,0.0,0.0,1.0,0.0,fixed_Medium
0.05,block3_h72_seed14,"3-block, H=72",0.7684019370460048,0.8184019370460048,1.0,0.0,0.0,0.0,1.0,fixed_Full
0.05,block3_h72_seed14,"3-block, H=72",0.9313503511685424,0.9418886198547215,0.2107653737235873,0.87409200968523,0.05084745762711865,0.06053268765133172,0.014527845036319613,oracle_multicapacity
0.05,block3_h72_seed14,"3-block, H=72",0.8241486641840946,0.8426150121065376,0.36932695844886376,0.06779661016949153,0.0,0.9322033898305084,0.0,ridge_expected_utility
0.05,block3_h72_seed14,"3-block, H=72",0.8316027287081643,0.8450363196125908,0.26867181808852864,0.6561743341404358,0.05811138014527845,0.24455205811138014,0.04116222760290557,rf_expected_utility
0.05,block3_h72_seed14,"3-block, H=72",0.7799569385209524,0.8232445520581114,0.8657522707431796,0.13559322033898305,0.0,0.0387409200968523,0.8256658595641646,logreg_oracle_label
0.05,block3_h72_seed14,"3-block, H=72",0.8094074432714315,0.8232445520581114,0.27674217573359755,0.6513317191283293,0.12590799031476999,0.15012106537530268,0.07263922518159806,rf_oracle_label
0.1,block3_h72_seed14,"3-block, H=72",0.7973493901117155,0.8159806295399515,0.18631239428236002,1.0,0.0,0.0,0.0,fixed_Tiny
0.1,block3_h72_seed14,"3-block, H=72",0.7111329749344776,0.7312348668280871,0.2010189189360956,0.0,1.0,0.0,0.0,fixed_Small
0.1,block3_h72_seed14,"3-block, H=72",0.804351301249531,0.8426150121065376,0.38263710857006406,0.0,0.0,1.0,0.0,fixed_Medium
0.1,block3_h72_seed14,"3-block, H=72",0.7184019370460051,0.8184019370460048,1.0,0.0,0.0,0.0,1.0,fixed_Full
0.1,block3_h72_seed14,"3-block, H=72",0.9208120824823627,0.9418886198547215,0.2107653737235873,0.87409200968523,0.05084745762711865,0.06053268765133172,0.014527845036319613,oracle_multicapacity
0.1,block3_h72_seed14,"3-block, H=72",0.8110478300285191,0.847457627118644,0.36409797090124935,0.09443099273607748,0.0,0.9055690072639225,0.0,ridge_expected_utility
0.1,block3_h72_seed14,"3-block, H=72",0.8125413251231715,0.837772397094431,0.25231071971259533,0.6803874092009685,0.07263922518159806,0.22033898305084745,0.026634382566585957,rf_expected_utility
0.1,block3_h72_seed14,"3-block, H=72",0.7366693249837937,0.8232445520581114,0.8657522707431796,0.13559322033898305,0.0,0.0387409200968523,0.8256658595641646,logreg_oracle_label
0.1,block3_h72_seed14,"3-block, H=72",0.7955703344847515,0.8232445520581114,0.27674217573359755,0.6513317191283293,0.12590799031476999,0.15012106537530268,0.07263922518159806,rf_oracle_label
0.15,block3_h72_seed14,"3-block, H=72",0.7880337703975976,0.8159806295399515,0.18631239428236002,1.0,0.0,0.0,0.0,fixed_Tiny
0.15,block3_h72_seed14,"3-block, H=72",0.7010820289876728,0.7312348668280871,0.2010189189360956,0.0,1.0,0.0,0.0,fixed_Small
0.15,block3_h72_seed14,"3-block, H=72",0.7852194458210281,0.8426150121065376,0.38263710857006406,0.0,0.0,1.0,0.0,fixed_Medium
0.15,block3_h72_seed14,"3-block, H=72",0.6684019370460046,0.8184019370460048,1.0,0.0,0.0,0.0,1.0,fixed_Full
0.15,block3_h72_seed14,"3-block, H=72",0.9102738137961836,0.9418886198547215,0.2107653737235873,0.87409200968523,0.05084745762711865,0.06053268765133172,0.014527845036319613,oracle_multicapacity
0.15,block3_h72_seed14,"3-block, H=72",0.7984698946277056,0.8523002421307506,0.358868983353635,0.12106537530266344,0.0,0.8789346246973365,0.0,ridge_expected_utility
0.15,block3_h72_seed14,"3-block, H=72",0.8019681516983755,0.837772397094431,0.23869496930703732,0.6973365617433414,0.07990314769975787,0.2106537530266344,0.012106537530266344,rf_expected_utility
0.15,block3_h72_seed14,"3-block, H=72",0.6933817114466342,0.8232445520581114,0.8657522707431796,0.13559322033898305,0.0,0.0387409200968523,0.8256658595641646,logreg_oracle_label
0.15,block3_h72_seed14,"3-block, H=72",0.7817332256980718,0.8232445520581114,0.27674217573359755,0.6513317191283293,0.12590799031476999,0.15012106537530268,0.07263922518159806,rf_oracle_label
0.2,block3_h72_seed14,"3-block, H=72",0.7787181506834794,0.8159806295399515,0.18631239428236002,1.0,0.0,0.0,0.0,fixed_Tiny
0.2,block3_h72_seed14,"3-block, H=72",0.691031083040868,0.7312348668280871,0.2010189189360956,0.0,1.0,0.0,0.0,fixed_Small
0.2,block3_h72_seed14,"3-block, H=72",0.7660875903925245,0.8426150121065376,0.38263710857006406,0.0,0.0,1.0,0.0,fixed_Medium
0.2,block3_h72_seed14,"3-block, H=72",0.6184019370460048,0.8184019370460048,1.0,0.0,0.0,0.0,1.0,fixed_Full
0.2,block3_h72_seed14,"3-block, H=72",0.8997355451100039,0.9418886198547215,0.2107653737235873,0.87409200968523,0.05084745762711865,0.06053268765133172,0.014527845036319613,oracle_multicapacity
0.2,block3_h72_seed14,"3-block, H=72",0.7810018079643521,0.8523002421307506,0.35649217083199203,0.13317191283292978,0.0,0.8668280871670703,0.0,ridge_expected_utility
0.2,block3_h72_seed14,"3-block, H=72",0.7863520315835958,0.8329297820823245,0.23288875249364177,0.7094430992736077,0.08232445520581114,0.2009685230024213,0.007263922518159807,rf_expected_utility
0.2,block3_h72_seed14,"3-block, H=72",0.6500940979094754,0.8232445520581114,0.8657522707431796,0.13559322033898305,0.0,0.0387409200968523,0.8256658595641646,logreg_oracle_label
0.2,block3_h72_seed14,"3-block, H=72",0.7678961169113916,0.8232445520581114,0.27674217573359755,0.6513317191283293,0.12590799031476999,0.15012106537530268,0.07263922518159806,rf_oracle_label
0.3,block3_h72_seed14,"3-block, H=72",0.7600869112552435,0.8159806295399515,0.18631239428236002,1.0,0.0,0.0,0.0,fixed_Tiny
0.3,block3_h72_seed14,"3-block, H=72",0.6709291911472587,0.7312348668280871,0.2010189189360956,0.0,1.0,0.0,0.0,fixed_Small
0.3,block3_h72_seed14,"3-block, H=72",0.7278238795355183,0.8426150121065376,0.38263710857006406,0.0,0.0,1.0,0.0,fixed_Medium
0.3,block3_h72_seed14,"3-block, H=72",0.518401937046005,0.8184019370460048,1.0,0.0,0.0,0.0,1.0,fixed_Full
0.3,block3_h72_seed14,"3-block, H=72",0.8786590077376454,0.9418886198547215,0.2107653737235873,0.87409200968523,0.05084745762711865,0.06053268765133172,0.014527845036319613,oracle_multicapacity
0.3,block3_h72_seed14,"3-block, H=72",0.7553291209400081,0.8571428571428571,0.3393791206761631,0.22033898305084745,0.0,0.7796610169491526,0.0,ridge_expected_utility
0.3,block3_h72_seed14,"3-block, H=72",0.7608287415794952,0.8280871670702179,0.22419475163574268,0.738498789346247,0.08232445520581114,0.17675544794188863,0.002421307506053269,rf_expected_utility
0.3,block3_h72_seed14,"3-block, H=72",0.5635188708351575,0.8232445520581114,0.8657522707431796,0.13559322033898305,0.0,0.0387409200968523,0.8256658595641646,logreg_oracle_label
0.3,block3_h72_seed14,"3-block, H=72",0.7402218993380322,0.8232445520581114,0.27674217573359755,0.6513317191283293,0.12590799031476999,0.15012106537530268,0.07263922518159806,rf_oracle_label
