lambda,heldout,variant_label,method,fixed_model,utility,top1,latency,delta_vs_fixed,delta_ci95_low,delta_ci95_high,stable_positive_vs_fixed,oracle_utility,oracle_gap,select_Tiny,select_Small,select_Medium,select_Full,n
0.0,block3_h36_seed13,"3-block, H=36",oracle_multicapacity,Medium,0.9470252648736756,0.9470252648736756,0.1946963992028307,0.0684596577017114,0.0407497962510187,0.097799511002445,True,0.9470252648736756,0.0,0.9290953545232272,0.0415647921760391,0.0260798696006519,0.0032599837000814,1227
0.05,block3_h36_seed13,"3-block, H=36",oracle_multicapacity,Tiny,0.9372904449135342,0.9470252648736756,0.1946963992028307,0.070485445230749,0.0559000186267836,0.0866031571763621,True,0.9372904449135342,0.0,0.9290953545232272,0.0415647921760391,0.0260798696006519,0.0032599837000814,1227
0.1,block3_h36_seed13,"3-block, H=36",oracle_multicapacity,Tiny,0.9275556249533924,0.9470252648736756,0.1946963992028307,0.0700662449847255,0.0554206533988793,0.0866886675159302,True,0.9275556249533924,0.0,0.9290953545232272,0.0415647921760391,0.0260798696006519,0.0032599837000814,1227
0.2,block3_h36_seed13,"3-block, H=36",oracle_multicapacity,Tiny,0.9080859850331092,0.9470252648736756,0.1946963992028307,0.0692278444926784,0.0540133287835261,0.0852505486305372,True,0.9080859850331092,0.0,0.9290953545232272,0.0415647921760391,0.0260798696006519,0.0032599837000814,1227
0.3,block3_h36_seed13,"3-block, H=36",oracle_multicapacity,Tiny,0.8886163451128264,0.9470252648736756,0.1946963992028307,0.0683894440006313,0.0534986083578664,0.0829574684904392,True,0.8886163451128264,0.0,0.9290953545232272,0.0415647921760391,0.0260798696006519,0.0032599837000814,1227
0.0,block3_h48_seed10,"3-block, H=48",oracle_multicapacity,Medium,0.9494195688225538,0.9494195688225538,0.2042603809118032,0.0655058043117744,0.0514096185737976,0.0796019900497512,True,0.9494195688225538,0.0,0.9038142620232172,0.0530679933665008,0.0290215588723051,0.0140961857379767,1206
0.05,block3_h48_seed10,"3-block, H=48",oracle_multicapacity,Medium,0.9392065497769636,0.9494195688225538,0.2042603809118032,0.0744246406946874,0.0604538553832951,0.0894057934335188,True,0.9392065497769636,0.0,0.9038142620232172,0.0530679933665008,0.0290215588723051,0.0140961857379767,1206
0.1,block3_h48_seed10,"3-block, H=48",oracle_multicapacity,Small,0.9289935307313736,0.9494195688225538,0.2042603809118032,0.0817654060412352,0.0598083325296696,0.1043178959085536,True,0.9289935307313736,0.0,0.9038142620232172,0.0530679933665008,0.0290215588723051,0.0140961857379767,1206
0.2,block3_h48_seed10,"3-block, H=48",oracle_multicapacity,Small,0.9085674926401932,0.9494195688225538,0.2042603809118032,0.0814412598436644,0.0590865675961245,0.1049176818186153,True,0.9085674926401932,0.0,0.9038142620232172,0.0530679933665008,0.0290215588723051,0.0140961857379767,1206
0.3,block3_h48_seed10,"3-block, H=48",oracle_multicapacity,Small,0.8881414545490128,0.9494195688225538,0.2042603809118032,0.0811171136460936,0.0587594692073393,0.1052918780066414,True,0.8881414545490128,0.0,0.9038142620232172,0.0530679933665008,0.0290215588723051,0.0140961857379767,1206
0.0,block3_h72_seed14,"3-block, H=72",oracle_multicapacity,Medium,0.9354317998385796,0.9354317998385796,0.2070717808916266,0.1065375302663438,0.0871670702179176,0.129136400322841,True,0.9354317998385796,0.0,0.87409200968523,0.0629539951573849,0.0508474576271186,0.0121065375302663,1239
0.05,block3_h72_seed14,"3-block, H=72",oracle_multicapacity,Medium,0.925078210793998,0.9354317998385796,0.2070717808916266,0.1153157966502656,0.0959380219727008,0.1365523067913342,True,0.925078210793998,0.0,0.87409200968523,0.0629539951573849,0.0508474576271186,0.0121065375302663,1239
0.1,block3_h72_seed14,"3-block, H=72",oracle_multicapacity,Tiny,0.9147246217494168,0.9354317998385796,0.2070717808916266,0.1238320516538433,0.0912429913637128,0.1573705854030261,True,0.9147246217494168,0.0,0.87409200968523,0.0629539951573849,0.0508474576271186,0.0121065375302663,1239
0.2,block3_h72_seed14,"3-block, H=72",oracle_multicapacity,Tiny,0.8940174436602544,0.9354317998385796,0.2070717808916266,0.1217561129929166,0.0894912425396271,0.1571383414520464,True,0.8940174436602544,0.0,0.87409200968523,0.0629539951573849,0.0508474576271186,0.0121065375302663,1239
0.3,block3_h72_seed14,"3-block, H=72",oracle_multicapacity,Tiny,0.8733102655710914,0.9354317998385796,0.2070717808916266,0.11968017433199,0.0877230477863679,0.1545199693606701,True,0.8733102655710914,0.0,0.87409200968523,0.0629539951573849,0.0508474576271186,0.0121065375302663,1239
