lambda,variant,variant_label,cheap_util,full_util,oracle_util,oracle_route,conf_util,conf_route,context_util,context_route,geometry_util,geometry_route,geometry_acc,geometry_minus_context,geometry_minus_cheap,geometry_minus_full,heldout,heldout_label,train_variants
0.02,block3_h36_seed13,"3-block, H=36",0.8973105134474327,0.8088508557457212,0.940440097799511,0.044009779951100246,0.8525672371638143,0.28117359413202936,0.8869437652811736,0.029339853300733496,0.8970171149144254,0.014669926650366748,0.8973105134474327,0.010073349633251794,-0.00029339853300736074,0.08816625916870413,block3_h36_seed13,"3-block, H=36","id_block2_h36_seed0,block2_h72_seed11,block2_v18_seed12,block3_h48_seed10,block3_h72_seed14"
0.05,block3_h36_seed13,"3-block, H=36",0.8973105134474327,0.7788508557457212,0.9391198044009781,0.044009779951100246,0.8441320293398533,0.28117359413202936,0.8860635696821517,0.029339853300733496,0.8965770171149146,0.014669926650366748,0.8973105134474327,0.010513447432762835,-0.0007334963325181798,0.11772616136919334,block3_h36_seed13,"3-block, H=36","id_block2_h36_seed0,block2_h72_seed11,block2_v18_seed12,block3_h48_seed10,block3_h72_seed14"
0.1,block3_h36_seed13,"3-block, H=36",0.8973105134474327,0.7288508557457213,0.9369193154034231,0.044009779951100246,0.8689486552567237,0.13691931540342298,0.8845965770171148,0.029339853300733496,0.895843520782396,0.014669926650366748,0.8973105134474327,0.011246943765281237,-0.0014669926650366927,0.16699266503667476,block3_h36_seed13,"3-block, H=36","id_block2_h36_seed0,block2_h72_seed11,block2_v18_seed12,block3_h48_seed10,block3_h72_seed14"
0.2,block3_h36_seed13,"3-block, H=36",0.8973105134474327,0.6288508557457213,0.9325183374083129,0.044009779951100246,0.8552567237163814,0.13691931540342298,0.8836185819070904,0.019559902200488997,0.8943765281173593,0.014669926650366748,0.8973105134474327,0.010757946210268932,-0.0029339853300733854,0.26552567237163804,block3_h36_seed13,"3-block, H=36","id_block2_h36_seed0,block2_h72_seed11,block2_v18_seed12,block3_h48_seed10,block3_h72_seed14"
0.3,block3_h36_seed13,"3-block, H=36",0.8973105134474327,0.5288508557457212,0.928117359413203,0.044009779951100246,0.8877750611246944,0.007334963325183374,0.8816625916870416,0.019559902200488997,0.8951100244498779,0.007334963325183374,0.8973105134474327,0.01344743276283622,-0.0022004889975548725,0.36625916870415665,block3_h36_seed13,"3-block, H=36","id_block2_h36_seed0,block2_h72_seed11,block2_v18_seed12,block3_h48_seed10,block3_h72_seed14"
0.5,block3_h36_seed13,"3-block, H=36",0.8973105134474327,0.32885085574572126,0.9193154034229829,0.044009779951100246,0.8973105134474327,0.0,0.8838630806845966,0.012224938875305624,0.8936430317848411,0.007334963325183374,0.8973105134474327,0.009779951100244433,-0.003667481662591676,0.5647921760391198,block3_h36_seed13,"3-block, H=36","id_block2_h36_seed0,block2_h72_seed11,block2_v18_seed12,block3_h48_seed10,block3_h72_seed14"
0.02,block3_h48_seed10,"3-block, H=48",0.8532338308457711,0.8207960199004974,0.914179104477612,0.06218905472636816,0.8629353233830845,0.13681592039800994,0.8618905472636816,0.06467661691542288,0.8550248756218907,0.03482587064676617,0.8557213930348259,-0.006865671641790971,0.001791044776119577,0.034228855721393225,block3_h48_seed10,"3-block, H=48","id_block2_h36_seed0,block2_h72_seed11,block2_v18_seed12,block3_h36_seed13,block3_h72_seed14"
0.05,block3_h48_seed10,"3-block, H=48",0.8532338308457711,0.7907960199004974,0.9123134328358209,0.06218905472636816,0.8681592039800995,0.09950248756218906,0.8599502487562188,0.06467661691542288,0.8539800995024875,0.03482587064676617,0.8557213930348259,-0.005970149253731294,0.0007462686567164534,0.06318407960199013,block3_h48_seed10,"3-block, H=48","id_block2_h36_seed0,block2_h72_seed11,block2_v18_seed12,block3_h36_seed13,block3_h72_seed14"
0.1,block3_h48_seed10,"3-block, H=48",0.8532338308457711,0.7407960199004975,0.9092039800995025,0.06218905472636816,0.8619402985074627,0.08706467661691543,0.8567164179104477,0.06467661691542288,0.8522388059701493,0.03482587064676617,0.8557213930348259,-0.004477611940298387,-0.0009950248756217528,0.11144278606965186,block3_h48_seed10,"3-block, H=48","id_block2_h36_seed0,block2_h72_seed11,block2_v18_seed12,block3_h36_seed13,block3_h72_seed14"
0.2,block3_h48_seed10,"3-block, H=48",0.8532338308457711,0.6407960199004974,0.9029850746268657,0.06218905472636816,0.8492537313432836,0.04477611940298507,0.8502487562189055,0.06467661691542288,0.854228855721393,0.007462686567164179,0.8557213930348259,0.003980099502487455,0.0009950248756218638,0.21343283582089556,block3_h48_seed10,"3-block, H=48","id_block2_h36_seed0,block2_h72_seed11,block2_v18_seed12,block3_h36_seed13,block3_h72_seed14"
0.3,block3_h48_seed10,"3-block, H=48",0.8532338308457711,0.5407960199004975,0.8967661691542289,0.06218905472636816,0.8532338308457711,0.0,0.845771144278607,0.04975124378109453,0.8534825870646767,0.007462686567164179,0.8557213930348259,0.007711442786069722,0.0002487562189056325,0.3126865671641792,block3_h48_seed10,"3-block, H=48","id_block2_h36_seed0,block2_h72_seed11,block2_v18_seed12,block3_h36_seed13,block3_h72_seed14"
0.5,block3_h48_seed10,"3-block, H=48",0.8532338308457711,0.34079601990049746,0.8843283582089553,0.06218905472636816,0.8532338308457711,0.0,0.8395522388059702,0.04228855721393035,0.8519900497512438,0.007462686567164179,0.8557213930348259,0.01243781094527363,-0.0012437810945272743,0.5111940298507464,block3_h48_seed10,"3-block, H=48","id_block2_h36_seed0,block2_h72_seed11,block2_v18_seed12,block3_h36_seed13,block3_h72_seed14"
0.02,block3_h72_seed14,"3-block, H=72",0.7312348668280871,0.7984019370460048,0.892590799031477,0.16464891041162227,0.7759322033898306,0.1864406779661017,0.7699273607748185,0.1234866828087167,0.7823244552058112,0.23002421307506055,0.7869249394673123,0.012397094430992683,0.05108958837772404,-0.01607748184019364,block3_h72_seed14,"3-block, H=72","id_block2_h36_seed0,block2_h72_seed11,block2_v18_seed12,block3_h36_seed13,block3_h48_seed10"
0.05,block3_h72_seed14,"3-block, H=72",0.7312348668280871,0.7684019370460048,0.8876513317191284,0.16464891041162227,0.7703389830508474,0.1864406779661017,0.7662227602905569,0.1234866828087167,0.7754237288135594,0.23002421307506055,0.7869249394673123,0.00920096852300245,0.04418886198547223,0.007021791767554575,block3_h72_seed14,"3-block, H=72","id_block2_h36_seed0,block2_h72_seed11,block2_v18_seed12,block3_h36_seed13,block3_h48_seed10"
0.1,block3_h72_seed14,"3-block, H=72",0.7312348668280871,0.7184019370460049,0.8794188861985474,0.16464891041162227,0.7561743341404358,0.13801452784503632,0.7547215496368039,0.10411622276029056,0.7639225181598063,0.23002421307506055,0.7869249394673123,0.00920096852300234,0.032687651331719136,0.04552058111380142,block3_h72_seed14,"3-block, H=72","id_block2_h36_seed0,block2_h72_seed11,block2_v18_seed12,block3_h36_seed13,block3_h48_seed10"
0.2,block3_h72_seed14,"3-block, H=72",0.7312348668280871,0.6184019370460048,0.8629539951573849,0.16464891041162227,0.7312348668280871,0.0,0.7443099273607747,0.10411622276029056,0.7409200968523002,0.23002421307506055,0.7869249394673123,-0.003389830508474523,0.009685230024213065,0.12251815980629543,block3_h72_seed14,"3-block, H=72","id_block2_h36_seed0,block2_h72_seed11,block2_v18_seed12,block3_h36_seed13,block3_h48_seed10"
0.3,block3_h72_seed14,"3-block, H=72",0.7312348668280871,0.5184019370460049,0.8464891041162228,0.16464891041162227,0.7312348668280871,0.0,0.7278450363196126,0.09200968523002422,0.7179176755447942,0.23002421307506055,0.7869249394673123,-0.009927360774818372,-0.013317191283292895,0.19951573849878934,block3_h72_seed14,"3-block, H=72","id_block2_h36_seed0,block2_h72_seed11,block2_v18_seed12,block3_h36_seed13,block3_h48_seed10"
0.5,block3_h72_seed14,"3-block, H=72",0.7312348668280871,0.31840193704600483,0.8135593220338984,0.16464891041162227,0.7312348668280871,0.0,0.7094430992736077,0.09200968523002422,0.6719128329297821,0.23002421307506055,0.7869249394673123,-0.03753026634382561,-0.05932203389830504,0.35351089588377727,block3_h72_seed14,"3-block, H=72","id_block2_h36_seed0,block2_h72_seed11,block2_v18_seed12,block3_h36_seed13,block3_h48_seed10"
