lambda,variant,variant_label,method,utility,top1,relative_latency,select_Tiny,select_Small,select_Medium,select_Full,n
0.0,block2_h72_seed11,"2-block, H=72",fixed_Tiny,0.953125,0.953125,0.18631239428236,1.0,0.0,0.0,0.0,416
0.0,block2_h72_seed11,"2-block, H=72",fixed_Small,0.9290865384615384,0.9290865384615384,0.2010189189360956,0.0,1.0,0.0,0.0,416
0.0,block2_h72_seed11,"2-block, H=72",fixed_Medium,0.9555288461538461,0.9555288461538461,0.382637108570064,0.0,0.0,1.0,0.0,416
0.0,block2_h72_seed11,"2-block, H=72",fixed_Full,0.9747596153846154,0.9747596153846154,1.0,0.0,0.0,0.0,1.0,416
0.0,block2_h72_seed11,"2-block, H=72",oracle_multicapacity,0.984375,0.984375,0.19620081231911496,0.96875,0.01201923076923077,0.009615384615384616,0.009615384615384616,416
0.0,block2_v18_seed12,"2-block, V=1.8",fixed_Tiny,0.9949238578680203,0.9949238578680203,0.18631239428236,1.0,0.0,0.0,0.0,394
0.0,block2_v18_seed12,"2-block, V=1.8",fixed_Small,0.9873096446700508,0.9873096446700508,0.2010189189360956,0.0,1.0,0.0,0.0,394
0.0,block2_v18_seed12,"2-block, V=1.8",fixed_Medium,0.9796954314720813,0.9796954314720813,0.382637108570064,0.0,0.0,1.0,0.0,394
0.0,block2_v18_seed12,"2-block, V=1.8",fixed_Full,0.9949238578680203,0.9949238578680203,1.0,0.0,0.0,0.0,1.0,394
0.0,block2_v18_seed12,"2-block, V=1.8",oracle_multicapacity,1.0,1.0,0.18684800656393724,0.9949238578680203,0.0025380710659898475,0.0025380710659898475,0.0,394
0.0,block3_h36_seed13,"3-block, H=36",fixed_Tiny,0.8948655256723717,0.8948655256723717,0.18631239428236,1.0,0.0,0.0,0.0,409
0.0,block3_h36_seed13,"3-block, H=36",fixed_Small,0.8973105134474327,0.8973105134474327,0.2010189189360956,0.0,1.0,0.0,0.0,409
0.0,block3_h36_seed13,"3-block, H=36",fixed_Medium,0.863080684596577,0.863080684596577,0.382637108570064,0.0,0.0,1.0,0.0,409
0.0,block3_h36_seed13,"3-block, H=36",fixed_Full,0.8288508557457213,0.8288508557457213,1.0,0.0,0.0,0.0,1.0,409
0.0,block3_h36_seed13,"3-block, H=36",oracle_multicapacity,0.9584352078239609,0.9584352078239609,0.18946755464707138,0.9364303178484108,0.05134474327628362,0.012224938875305624,0.0,409
0.0,block3_h48_seed10,"3-block, H=48",fixed_Tiny,0.8681592039800995,0.8681592039800995,0.18631239428236,1.0,0.0,0.0,0.0,402
0.0,block3_h48_seed10,"3-block, H=48",fixed_Small,0.8532338308457711,0.8532338308457711,0.2010189189360956,0.0,1.0,0.0,0.0,402
0.0,block3_h48_seed10,"3-block, H=48",fixed_Medium,0.8830845771144279,0.8830845771144279,0.382637108570064,0.0,0.0,1.0,0.0,402
0.0,block3_h48_seed10,"3-block, H=48",fixed_Full,0.8407960199004975,0.8407960199004975,1.0,0.0,0.0,0.0,1.0,402
0.0,block3_h48_seed10,"3-block, H=48",oracle_multicapacity,0.9527363184079602,0.9527363184079602,0.20119914628533558,0.9154228855721394,0.03482587064676617,0.04228855721393035,0.007462686567164179,402
0.0,block3_h72_seed14,"3-block, H=72",fixed_Tiny,0.8159806295399515,0.8159806295399515,0.18631239428236,1.0,0.0,0.0,0.0,413
0.0,block3_h72_seed14,"3-block, H=72",fixed_Small,0.7312348668280871,0.7312348668280871,0.2010189189360956,0.0,1.0,0.0,0.0,413
0.0,block3_h72_seed14,"3-block, H=72",fixed_Medium,0.8426150121065376,0.8426150121065376,0.382637108570064,0.0,0.0,1.0,0.0,413
0.0,block3_h72_seed14,"3-block, H=72",fixed_Full,0.8184019370460048,0.8184019370460048,1.0,0.0,0.0,0.0,1.0,413
0.0,block3_h72_seed14,"3-block, H=72",oracle_multicapacity,0.9418886198547215,0.9418886198547215,0.2107653737235873,0.87409200968523,0.05084745762711865,0.06053268765133172,0.014527845036319613,413
0.01,block2_h72_seed11,"2-block, H=72",fixed_Tiny,0.9512618760571763,0.953125,0.18631239428236,1.0,0.0,0.0,0.0,416
0.01,block2_h72_seed11,"2-block, H=72",fixed_Small,0.9270763492721772,0.9290865384615384,0.2010189189360956,0.0,1.0,0.0,0.0,416
0.01,block2_h72_seed11,"2-block, H=72",fixed_Medium,0.9517024750681455,0.9555288461538461,0.382637108570064,0.0,0.0,1.0,0.0,416
0.01,block2_h72_seed11,"2-block, H=72",fixed_Full,0.9647596153846154,0.9747596153846154,1.0,0.0,0.0,0.0,1.0,416
0.01,block2_h72_seed11,"2-block, H=72",oracle_multicapacity,0.9824129918768087,0.984375,0.19620081231911496,0.96875,0.01201923076923077,0.009615384615384616,0.009615384615384616,416
0.01,block2_v18_seed12,"2-block, V=1.8",fixed_Tiny,0.9930607339251967,0.9949238578680203,0.18631239428236,1.0,0.0,0.0,0.0,394
0.01,block2_v18_seed12,"2-block, V=1.8",fixed_Small,0.9852994554806895,0.9873096446700508,0.2010189189360956,0.0,1.0,0.0,0.0,394
0.01,block2_v18_seed12,"2-block, V=1.8",fixed_Medium,0.9758690603863804,0.9796954314720813,0.382637108570064,0.0,0.0,1.0,0.0,394
0.01,block2_v18_seed12,"2-block, V=1.8",fixed_Full,0.9849238578680205,0.9949238578680203,1.0,0.0,0.0,0.0,1.0,394
0.01,block2_v18_seed12,"2-block, V=1.8",oracle_multicapacity,0.9981315199343606,1.0,0.18684800656393724,0.9949238578680203,0.0025380710659898475,0.0025380710659898475,0.0,394
0.01,block3_h36_seed13,"3-block, H=36",fixed_Tiny,0.8930024017295479,0.8948655256723717,0.18631239428236,1.0,0.0,0.0,0.0,409
0.01,block3_h36_seed13,"3-block, H=36",fixed_Small,0.8953003242580715,0.8973105134474327,0.2010189189360956,0.0,1.0,0.0,0.0,409
0.01,block3_h36_seed13,"3-block, H=36",fixed_Medium,0.8592543135108763,0.863080684596577,0.382637108570064,0.0,0.0,1.0,0.0,409
0.01,block3_h36_seed13,"3-block, H=36",fixed_Full,0.8188508557457214,0.8288508557457213,1.0,0.0,0.0,0.0,1.0,409
0.01,block3_h36_seed13,"3-block, H=36",oracle_multicapacity,0.95654053227749,0.9584352078239609,0.18946755464707138,0.9364303178484108,0.05134474327628362,0.012224938875305624,0.0,409
0.01,block3_h48_seed10,"3-block, H=48",fixed_Tiny,0.8662960800372758,0.8681592039800995,0.18631239428236,1.0,0.0,0.0,0.0,402
0.01,block3_h48_seed10,"3-block, H=48",fixed_Small,0.85122364165641,0.8532338308457711,0.2010189189360956,0.0,1.0,0.0,0.0,402
0.01,block3_h48_seed10,"3-block, H=48",fixed_Medium,0.8792582060287273,0.8830845771144279,0.382637108570064,0.0,0.0,1.0,0.0,402
0.01,block3_h48_seed10,"3-block, H=48",fixed_Full,0.8307960199004976,0.8407960199004975,1.0,0.0,0.0,0.0,1.0,402
0.01,block3_h48_seed10,"3-block, H=48",oracle_multicapacity,0.9507243269451068,0.9527363184079602,0.20119914628533558,0.9154228855721394,0.03482587064676617,0.04228855721393035,0.007462686567164179,402
0.01,block3_h72_seed14,"3-block, H=72",fixed_Tiny,0.8141175055971279,0.8159806295399515,0.18631239428236,1.0,0.0,0.0,0.0,413
0.01,block3_h72_seed14,"3-block, H=72",fixed_Small,0.7292246776387261,0.7312348668280871,0.2010189189360956,0.0,1.0,0.0,0.0,413
0.01,block3_h72_seed14,"3-block, H=72",fixed_Medium,0.8387886410208368,0.8426150121065376,0.382637108570064,0.0,0.0,1.0,0.0,413
0.01,block3_h72_seed14,"3-block, H=72",fixed_Full,0.8084019370460048,0.8184019370460048,1.0,0.0,0.0,0.0,1.0,413
0.01,block3_h72_seed14,"3-block, H=72",oracle_multicapacity,0.9397809661174856,0.9418886198547215,0.2107653737235873,0.87409200968523,0.05084745762711865,0.06053268765133172,0.014527845036319613,413
0.02,block2_h72_seed11,"2-block, H=72",fixed_Tiny,0.9493987521143528,0.953125,0.18631239428236,1.0,0.0,0.0,0.0,416
0.02,block2_h72_seed11,"2-block, H=72",fixed_Small,0.9250661600828163,0.9290865384615384,0.2010189189360956,0.0,1.0,0.0,0.0,416
0.02,block2_h72_seed11,"2-block, H=72",fixed_Medium,0.9478761039824448,0.9555288461538461,0.382637108570064,0.0,0.0,1.0,0.0,416
0.02,block2_h72_seed11,"2-block, H=72",fixed_Full,0.9547596153846155,0.9747596153846154,1.0,0.0,0.0,0.0,1.0,416
0.02,block2_h72_seed11,"2-block, H=72",oracle_multicapacity,0.9804509837536177,0.984375,0.19620081231911496,0.96875,0.01201923076923077,0.009615384615384616,0.009615384615384616,416
0.02,block2_v18_seed12,"2-block, V=1.8",fixed_Tiny,0.9911976099823732,0.9949238578680203,0.18631239428236,1.0,0.0,0.0,0.0,394
0.02,block2_v18_seed12,"2-block, V=1.8",fixed_Small,0.9832892662913287,0.9873096446700508,0.2010189189360956,0.0,1.0,0.0,0.0,394
0.02,block2_v18_seed12,"2-block, V=1.8",fixed_Medium,0.9720426893006799,0.9796954314720813,0.382637108570064,0.0,0.0,1.0,0.0,394
0.02,block2_v18_seed12,"2-block, V=1.8",fixed_Full,0.9749238578680205,0.9949238578680203,1.0,0.0,0.0,0.0,1.0,394
0.02,block2_v18_seed12,"2-block, V=1.8",oracle_multicapacity,0.9962630398687213,1.0,0.18684800656393724,0.9949238578680203,0.0025380710659898475,0.0025380710659898475,0.0,394
0.02,block3_h36_seed13,"3-block, H=36",fixed_Tiny,0.8911392777867244,0.8948655256723717,0.18631239428236,1.0,0.0,0.0,0.0,409
0.02,block3_h36_seed13,"3-block, H=36",fixed_Small,0.8932901350687106,0.8973105134474327,0.2010189189360956,0.0,1.0,0.0,0.0,409
0.02,block3_h36_seed13,"3-block, H=36",fixed_Medium,0.8554279424251757,0.863080684596577,0.382637108570064,0.0,0.0,1.0,0.0,409
0.02,block3_h36_seed13,"3-block, H=36",fixed_Full,0.8088508557457214,0.8288508557457213,1.0,0.0,0.0,0.0,1.0,409
0.02,block3_h36_seed13,"3-block, H=36",oracle_multicapacity,0.9546458567310195,0.9584352078239609,0.18946755464707138,0.9364303178484108,0.05134474327628362,0.012224938875305624,0.0,409
0.02,block3_h48_seed10,"3-block, H=48",fixed_Tiny,0.8644329560944524,0.8681592039800995,0.18631239428236,1.0,0.0,0.0,0.0,402
0.02,block3_h48_seed10,"3-block, H=48",fixed_Small,0.8492134524670489,0.8532338308457711,0.2010189189360956,0.0,1.0,0.0,0.0,402
0.02,block3_h48_seed10,"3-block, H=48",fixed_Medium,0.8754318349430266,0.8830845771144279,0.382637108570064,0.0,0.0,1.0,0.0,402
0.02,block3_h48_seed10,"3-block, H=48",fixed_Full,0.8207960199004976,0.8407960199004975,1.0,0.0,0.0,0.0,1.0,402
0.02,block3_h48_seed10,"3-block, H=48",oracle_multicapacity,0.9487123354822535,0.9527363184079602,0.20119914628533558,0.9154228855721394,0.03482587064676617,0.04228855721393035,0.007462686567164179,402
0.02,block3_h72_seed14,"3-block, H=72",fixed_Tiny,0.8122543816543043,0.8159806295399515,0.18631239428236,1.0,0.0,0.0,0.0,413
0.02,block3_h72_seed14,"3-block, H=72",fixed_Small,0.7272144884493652,0.7312348668280871,0.2010189189360956,0.0,1.0,0.0,0.0,413
0.02,block3_h72_seed14,"3-block, H=72",fixed_Medium,0.8349622699351362,0.8426150121065376,0.382637108570064,0.0,0.0,1.0,0.0,413
0.02,block3_h72_seed14,"3-block, H=72",fixed_Full,0.7984019370460052,0.8184019370460048,1.0,0.0,0.0,0.0,1.0,413
0.02,block3_h72_seed14,"3-block, H=72",oracle_multicapacity,0.9376733123802496,0.9418886198547215,0.2107653737235873,0.87409200968523,0.05084745762711865,0.06053268765133172,0.014527845036319613,413
0.05,block2_h72_seed11,"2-block, H=72",fixed_Tiny,0.943809380285882,0.953125,0.18631239428236,1.0,0.0,0.0,0.0,416
0.05,block2_h72_seed11,"2-block, H=72",fixed_Small,0.9190355925147335,0.9290865384615384,0.2010189189360956,0.0,1.0,0.0,0.0,416
0.05,block2_h72_seed11,"2-block, H=72",fixed_Medium,0.9363969907253431,0.9555288461538461,0.382637108570064,0.0,0.0,1.0,0.0,416
0.05,block2_h72_seed11,"2-block, H=72",fixed_Full,0.9247596153846153,0.9747596153846154,1.0,0.0,0.0,0.0,1.0,416
0.05,block2_h72_seed11,"2-block, H=72",oracle_multicapacity,0.9745649593840444,0.984375,0.19620081231911496,0.96875,0.01201923076923077,0.009615384615384616,0.009615384615384616,416
0.05,block2_v18_seed12,"2-block, V=1.8",fixed_Tiny,0.9856082381539024,0.9949238578680203,0.18631239428236,1.0,0.0,0.0,0.0,394
0.05,block2_v18_seed12,"2-block, V=1.8",fixed_Small,0.977258698723246,0.9873096446700508,0.2010189189360956,0.0,1.0,0.0,0.0,394
0.05,block2_v18_seed12,"2-block, V=1.8",fixed_Medium,0.9605635760435781,0.9796954314720813,0.382637108570064,0.0,0.0,1.0,0.0,394
0.05,block2_v18_seed12,"2-block, V=1.8",fixed_Full,0.9449238578680201,0.9949238578680203,1.0,0.0,0.0,0.0,1.0,394
0.05,block2_v18_seed12,"2-block, V=1.8",oracle_multicapacity,0.9906575996718032,1.0,0.18684800656393724,0.9949238578680203,0.0025380710659898475,0.0025380710659898475,0.0,394
0.05,block3_h36_seed13,"3-block, H=36",fixed_Tiny,0.8855499059582536,0.8948655256723717,0.18631239428236,1.0,0.0,0.0,0.0,409
0.05,block3_h36_seed13,"3-block, H=36",fixed_Small,0.887259567500628,0.8973105134474327,0.2010189189360956,0.0,1.0,0.0,0.0,409
0.05,block3_h36_seed13,"3-block, H=36",fixed_Medium,0.843948829168074,0.863080684596577,0.382637108570064,0.0,0.0,1.0,0.0,409
0.05,block3_h36_seed13,"3-block, H=36",fixed_Full,0.7788508557457212,0.8288508557457213,1.0,0.0,0.0,0.0,1.0,409
0.05,block3_h36_seed13,"3-block, H=36",oracle_multicapacity,0.9489618300916073,0.9584352078239609,0.18946755464707138,0.9364303178484108,0.05134474327628362,0.012224938875305624,0.0,409
0.05,block3_h48_seed10,"3-block, H=48",fixed_Tiny,0.8588435842659816,0.8681592039800995,0.18631239428236,1.0,0.0,0.0,0.0,402
0.05,block3_h48_seed10,"3-block, H=48",fixed_Small,0.8431828848989663,0.8532338308457711,0.2010189189360956,0.0,1.0,0.0,0.0,402
0.05,block3_h48_seed10,"3-block, H=48",fixed_Medium,0.8639527216859249,0.8830845771144279,0.382637108570064,0.0,0.0,1.0,0.0,402
0.05,block3_h48_seed10,"3-block, H=48",fixed_Full,0.7907960199004974,0.8407960199004975,1.0,0.0,0.0,0.0,1.0,402
0.05,block3_h48_seed10,"3-block, H=48",oracle_multicapacity,0.9426763610936936,0.9527363184079602,0.20119914628533558,0.9154228855721394,0.03482587064676617,0.04228855721393035,0.007462686567164179,402
0.05,block3_h72_seed14,"3-block, H=72",fixed_Tiny,0.8066650098258337,0.8159806295399515,0.18631239428236,1.0,0.0,0.0,0.0,413
0.05,block3_h72_seed14,"3-block, H=72",fixed_Small,0.7211839208812824,0.7312348668280871,0.2010189189360956,0.0,1.0,0.0,0.0,413
0.05,block3_h72_seed14,"3-block, H=72",fixed_Medium,0.8234831566780345,0.8426150121065376,0.382637108570064,0.0,0.0,1.0,0.0,413
0.05,block3_h72_seed14,"3-block, H=72",fixed_Full,0.7684019370460048,0.8184019370460048,1.0,0.0,0.0,0.0,1.0,413
0.05,block3_h72_seed14,"3-block, H=72",oracle_multicapacity,0.9313503511685424,0.9418886198547215,0.2107653737235873,0.87409200968523,0.05084745762711865,0.06053268765133172,0.014527845036319613,413
0.1,block2_h72_seed11,"2-block, H=72",fixed_Tiny,0.9344937605717637,0.953125,0.18631239428236,1.0,0.0,0.0,0.0,416
0.1,block2_h72_seed11,"2-block, H=72",fixed_Small,0.9089846465679288,0.9290865384615384,0.2010189189360956,0.0,1.0,0.0,0.0,416
0.1,block2_h72_seed11,"2-block, H=72",fixed_Medium,0.9172651352968397,0.9555288461538461,0.382637108570064,0.0,0.0,1.0,0.0,416
0.1,block2_h72_seed11,"2-block, H=72",fixed_Full,0.8747596153846156,0.9747596153846154,1.0,0.0,0.0,0.0,1.0,416
0.1,block2_h72_seed11,"2-block, H=72",oracle_multicapacity,0.9647549187680883,0.984375,0.19620081231911496,0.96875,0.01201923076923077,0.009615384615384616,0.009615384615384616,416
0.1,block2_v18_seed12,"2-block, V=1.8",fixed_Tiny,0.9762926184397842,0.9949238578680203,0.18631239428236,1.0,0.0,0.0,0.0,394
0.1,block2_v18_seed12,"2-block, V=1.8",fixed_Small,0.9672077527764409,0.9873096446700508,0.2010189189360956,0.0,1.0,0.0,0.0,394
0.1,block2_v18_seed12,"2-block, V=1.8",fixed_Medium,0.9414317206150747,0.9796954314720813,0.382637108570064,0.0,0.0,1.0,0.0,394
0.1,block2_v18_seed12,"2-block, V=1.8",fixed_Full,0.8949238578680206,0.9949238578680203,1.0,0.0,0.0,0.0,1.0,394
0.1,block2_v18_seed12,"2-block, V=1.8",oracle_multicapacity,0.981315199343606,1.0,0.18684800656393724,0.9949238578680203,0.0025380710659898475,0.0025380710659898475,0.0,394
0.1,block3_h36_seed13,"3-block, H=36",fixed_Tiny,0.8762342862441355,0.8948655256723717,0.18631239428236,1.0,0.0,0.0,0.0,409
0.1,block3_h36_seed13,"3-block, H=36",fixed_Small,0.8772086215538231,0.8973105134474327,0.2010189189360956,0.0,1.0,0.0,0.0,409
0.1,block3_h36_seed13,"3-block, H=36",fixed_Medium,0.8248169737395707,0.863080684596577,0.382637108570064,0.0,0.0,1.0,0.0,409
0.1,block3_h36_seed13,"3-block, H=36",fixed_Full,0.7288508557457215,0.8288508557457213,1.0,0.0,0.0,0.0,1.0,409
0.1,block3_h36_seed13,"3-block, H=36",oracle_multicapacity,0.9394884523592535,0.9584352078239609,0.18946755464707138,0.9364303178484108,0.05134474327628362,0.012224938875305624,0.0,409
0.1,block3_h48_seed10,"3-block, H=48",fixed_Tiny,0.8495279645518633,0.8681592039800995,0.18631239428236,1.0,0.0,0.0,0.0,402
0.1,block3_h48_seed10,"3-block, H=48",fixed_Small,0.8331319389521614,0.8532338308457711,0.2010189189360956,0.0,1.0,0.0,0.0,402
0.1,block3_h48_seed10,"3-block, H=48",fixed_Medium,0.8448208662574214,0.8830845771144279,0.382637108570064,0.0,0.0,1.0,0.0,402
0.1,block3_h48_seed10,"3-block, H=48",fixed_Full,0.7407960199004977,0.8407960199004975,1.0,0.0,0.0,0.0,1.0,402
0.1,block3_h48_seed10,"3-block, H=48",oracle_multicapacity,0.9326164037794266,0.9527363184079602,0.20119914628533558,0.9154228855721394,0.03482587064676617,0.04228855721393035,0.007462686567164179,402
0.1,block3_h72_seed14,"3-block, H=72",fixed_Tiny,0.7973493901117155,0.8159806295399515,0.18631239428236,1.0,0.0,0.0,0.0,413
0.1,block3_h72_seed14,"3-block, H=72",fixed_Small,0.7111329749344776,0.7312348668280871,0.2010189189360956,0.0,1.0,0.0,0.0,413
0.1,block3_h72_seed14,"3-block, H=72",fixed_Medium,0.804351301249531,0.8426150121065376,0.382637108570064,0.0,0.0,1.0,0.0,413
0.1,block3_h72_seed14,"3-block, H=72",fixed_Full,0.7184019370460051,0.8184019370460048,1.0,0.0,0.0,0.0,1.0,413
0.1,block3_h72_seed14,"3-block, H=72",oracle_multicapacity,0.9208120824823627,0.9418886198547215,0.2107653737235873,0.87409200968523,0.05084745762711865,0.06053268765133172,0.014527845036319613,413
0.15,block2_h72_seed11,"2-block, H=72",fixed_Tiny,0.9251781408576462,0.953125,0.18631239428236,1.0,0.0,0.0,0.0,416
0.15,block2_h72_seed11,"2-block, H=72",fixed_Small,0.898933700621124,0.9290865384615384,0.2010189189360956,0.0,1.0,0.0,0.0,416
0.15,block2_h72_seed11,"2-block, H=72",fixed_Medium,0.8981332798683367,0.9555288461538461,0.382637108570064,0.0,0.0,1.0,0.0,416
0.15,block2_h72_seed11,"2-block, H=72",fixed_Full,0.8247596153846152,0.9747596153846154,1.0,0.0,0.0,0.0,1.0,416
0.15,block2_h72_seed11,"2-block, H=72",oracle_multicapacity,0.9549448781521329,0.984375,0.19620081231911496,0.96875,0.01201923076923077,0.009615384615384616,0.009615384615384616,416
0.15,block2_v18_seed12,"2-block, V=1.8",fixed_Tiny,0.9669769987256664,0.9949238578680203,0.18631239428236,1.0,0.0,0.0,0.0,394
0.15,block2_v18_seed12,"2-block, V=1.8",fixed_Small,0.9571568068296363,0.9873096446700508,0.2010189189360956,0.0,1.0,0.0,0.0,394
0.15,block2_v18_seed12,"2-block, V=1.8",fixed_Medium,0.9222998651865718,0.9796954314720813,0.382637108570064,0.0,0.0,1.0,0.0,394
0.15,block2_v18_seed12,"2-block, V=1.8",fixed_Full,0.8449238578680199,0.9949238578680203,1.0,0.0,0.0,0.0,1.0,394
0.15,block2_v18_seed12,"2-block, V=1.8",oracle_multicapacity,0.9719727990154093,1.0,0.18684800656393724,0.9949238578680203,0.0025380710659898475,0.0025380710659898475,0.0,394
0.15,block3_h36_seed13,"3-block, H=36",fixed_Tiny,0.8669186665300177,0.8948655256723717,0.18631239428236,1.0,0.0,0.0,0.0,409
0.15,block3_h36_seed13,"3-block, H=36",fixed_Small,0.8671576756070184,0.8973105134474327,0.2010189189360956,0.0,1.0,0.0,0.0,409
0.15,block3_h36_seed13,"3-block, H=36",fixed_Medium,0.8056851183110677,0.863080684596577,0.382637108570064,0.0,0.0,1.0,0.0,409
0.15,block3_h36_seed13,"3-block, H=36",fixed_Full,0.6788508557457211,0.8288508557457213,1.0,0.0,0.0,0.0,1.0,409
0.15,block3_h36_seed13,"3-block, H=36",oracle_multicapacity,0.9300150746269004,0.9584352078239609,0.18946755464707138,0.9364303178484108,0.05134474327628362,0.012224938875305624,0.0,409
0.15,block3_h48_seed10,"3-block, H=48",fixed_Tiny,0.8402123448377457,0.8681592039800995,0.18631239428236,1.0,0.0,0.0,0.0,402
0.15,block3_h48_seed10,"3-block, H=48",fixed_Small,0.8230809930053568,0.8532338308457711,0.2010189189360956,0.0,1.0,0.0,0.0,402
0.15,block3_h48_seed10,"3-block, H=48",fixed_Medium,0.8256890108289185,0.8830845771144279,0.382637108570064,0.0,0.0,1.0,0.0,402
0.15,block3_h48_seed10,"3-block, H=48",fixed_Full,0.6907960199004973,0.8407960199004975,1.0,0.0,0.0,0.0,1.0,402
0.15,block3_h48_seed10,"3-block, H=48",oracle_multicapacity,0.9225564464651599,0.9527363184079602,0.20119914628533558,0.9154228855721394,0.03482587064676617,0.04228855721393035,0.007462686567164179,402
0.15,block3_h72_seed14,"3-block, H=72",fixed_Tiny,0.7880337703975976,0.8159806295399515,0.18631239428236,1.0,0.0,0.0,0.0,413
0.15,block3_h72_seed14,"3-block, H=72",fixed_Small,0.7010820289876728,0.7312348668280871,0.2010189189360956,0.0,1.0,0.0,0.0,413
0.15,block3_h72_seed14,"3-block, H=72",fixed_Medium,0.7852194458210281,0.8426150121065376,0.382637108570064,0.0,0.0,1.0,0.0,413
0.15,block3_h72_seed14,"3-block, H=72",fixed_Full,0.6684019370460046,0.8184019370460048,1.0,0.0,0.0,0.0,1.0,413
0.15,block3_h72_seed14,"3-block, H=72",oracle_multicapacity,0.9102738137961836,0.9418886198547215,0.2107653737235873,0.87409200968523,0.05084745762711865,0.06053268765133172,0.014527845036319613,413
0.2,block2_h72_seed11,"2-block, H=72",fixed_Tiny,0.9158625211435277,0.953125,0.18631239428236,1.0,0.0,0.0,0.0,416
0.2,block2_h72_seed11,"2-block, H=72",fixed_Small,0.888882754674319,0.9290865384615384,0.2010189189360956,0.0,1.0,0.0,0.0,416
0.2,block2_h72_seed11,"2-block, H=72",fixed_Medium,0.8790014244398333,0.9555288461538461,0.382637108570064,0.0,0.0,1.0,0.0,416
0.2,block2_h72_seed11,"2-block, H=72",fixed_Full,0.7747596153846152,0.9747596153846154,1.0,0.0,0.0,0.0,1.0,416
0.2,block2_h72_seed11,"2-block, H=72",oracle_multicapacity,0.9451348375361768,0.984375,0.19620081231911496,0.96875,0.01201923076923077,0.009615384615384616,0.009615384615384616,416
0.2,block2_v18_seed12,"2-block, V=1.8",fixed_Tiny,0.957661379011548,0.9949238578680203,0.18631239428236,1.0,0.0,0.0,0.0,394
0.2,block2_v18_seed12,"2-block, V=1.8",fixed_Small,0.9471058608828314,0.9873096446700508,0.2010189189360956,0.0,1.0,0.0,0.0,394
0.2,block2_v18_seed12,"2-block, V=1.8",fixed_Medium,0.9031680097580683,0.9796954314720813,0.382637108570064,0.0,0.0,1.0,0.0,394
0.2,block2_v18_seed12,"2-block, V=1.8",fixed_Full,0.7949238578680202,0.9949238578680203,1.0,0.0,0.0,0.0,1.0,394
0.2,block2_v18_seed12,"2-block, V=1.8",oracle_multicapacity,0.9626303986872123,1.0,0.18684800656393724,0.9949238578680203,0.0025380710659898475,0.0025380710659898475,0.0,394
0.2,block3_h36_seed13,"3-block, H=36",fixed_Tiny,0.8576030468158993,0.8948655256723717,0.18631239428236,1.0,0.0,0.0,0.0,409
0.2,block3_h36_seed13,"3-block, H=36",fixed_Small,0.8571067296602135,0.8973105134474327,0.2010189189360956,0.0,1.0,0.0,0.0,409
0.2,block3_h36_seed13,"3-block, H=36",fixed_Medium,0.7865532628825641,0.863080684596577,0.382637108570064,0.0,0.0,1.0,0.0,409
0.2,block3_h36_seed13,"3-block, H=36",fixed_Full,0.6288508557457212,0.8288508557457213,1.0,0.0,0.0,0.0,1.0,409
0.2,block3_h36_seed13,"3-block, H=36",oracle_multicapacity,0.9205416968945463,0.9584352078239609,0.18946755464707138,0.9364303178484108,0.05134474327628362,0.012224938875305624,0.0,409
0.2,block3_h48_seed10,"3-block, H=48",fixed_Tiny,0.8308967251236271,0.8681592039800995,0.18631239428236,1.0,0.0,0.0,0.0,402
0.2,block3_h48_seed10,"3-block, H=48",fixed_Small,0.8130300470585521,0.8532338308457711,0.2010189189360956,0.0,1.0,0.0,0.0,402
0.2,block3_h48_seed10,"3-block, H=48",fixed_Medium,0.806557155400415,0.8830845771144279,0.382637108570064,0.0,0.0,1.0,0.0,402
0.2,block3_h48_seed10,"3-block, H=48",fixed_Full,0.6407960199004974,0.8407960199004975,1.0,0.0,0.0,0.0,1.0,402
0.2,block3_h48_seed10,"3-block, H=48",oracle_multicapacity,0.9124964891508929,0.9527363184079602,0.20119914628533558,0.9154228855721394,0.03482587064676617,0.04228855721393035,0.007462686567164179,402
0.2,block3_h72_seed14,"3-block, H=72",fixed_Tiny,0.7787181506834794,0.8159806295399515,0.18631239428236,1.0,0.0,0.0,0.0,413
0.2,block3_h72_seed14,"3-block, H=72",fixed_Small,0.691031083040868,0.7312348668280871,0.2010189189360956,0.0,1.0,0.0,0.0,413
0.2,block3_h72_seed14,"3-block, H=72",fixed_Medium,0.7660875903925245,0.8426150121065376,0.382637108570064,0.0,0.0,1.0,0.0,413
0.2,block3_h72_seed14,"3-block, H=72",fixed_Full,0.6184019370460048,0.8184019370460048,1.0,0.0,0.0,0.0,1.0,413
0.2,block3_h72_seed14,"3-block, H=72",oracle_multicapacity,0.8997355451100039,0.9418886198547215,0.2107653737235873,0.87409200968523,0.05084745762711865,0.06053268765133172,0.014527845036319613,413
0.3,block2_h72_seed11,"2-block, H=72",fixed_Tiny,0.897231281715292,0.953125,0.18631239428236,1.0,0.0,0.0,0.0,416
0.3,block2_h72_seed11,"2-block, H=72",fixed_Small,0.8687808627807101,0.9290865384615384,0.2010189189360956,0.0,1.0,0.0,0.0,416
0.3,block2_h72_seed11,"2-block, H=72",fixed_Medium,0.8407377135828269,0.9555288461538461,0.382637108570064,0.0,0.0,1.0,0.0,416
0.3,block2_h72_seed11,"2-block, H=72",fixed_Full,0.6747596153846155,0.9747596153846154,1.0,0.0,0.0,0.0,1.0,416
0.3,block2_h72_seed11,"2-block, H=72",oracle_multicapacity,0.9255147563042656,0.984375,0.19620081231911496,0.96875,0.01201923076923077,0.009615384615384616,0.009615384615384616,416
0.3,block2_v18_seed12,"2-block, V=1.8",fixed_Tiny,0.9390301395833125,0.9949238578680203,0.18631239428236,1.0,0.0,0.0,0.0,394
0.3,block2_v18_seed12,"2-block, V=1.8",fixed_Small,0.9270039689892223,0.9873096446700508,0.2010189189360956,0.0,1.0,0.0,0.0,394
0.3,block2_v18_seed12,"2-block, V=1.8",fixed_Medium,0.8649042989010621,0.9796954314720813,0.382637108570064,0.0,0.0,1.0,0.0,394
0.3,block2_v18_seed12,"2-block, V=1.8",fixed_Full,0.6949238578680204,0.9949238578680203,1.0,0.0,0.0,0.0,1.0,394
0.3,block2_v18_seed12,"2-block, V=1.8",oracle_multicapacity,0.9439455980308189,1.0,0.18684800656393724,0.9949238578680203,0.0025380710659898475,0.0025380710659898475,0.0,394
0.3,block3_h36_seed13,"3-block, H=36",fixed_Tiny,0.8389718073876636,0.8948655256723717,0.18631239428236,1.0,0.0,0.0,0.0,409
0.3,block3_h36_seed13,"3-block, H=36",fixed_Small,0.8370048377666042,0.8973105134474327,0.2010189189360956,0.0,1.0,0.0,0.0,409
0.3,block3_h36_seed13,"3-block, H=36",fixed_Medium,0.7482895520255578,0.863080684596577,0.382637108570064,0.0,0.0,1.0,0.0,409
0.3,block3_h36_seed13,"3-block, H=36",fixed_Full,0.5288508557457213,0.8288508557457213,1.0,0.0,0.0,0.0,1.0,409
0.3,block3_h36_seed13,"3-block, H=36",oracle_multicapacity,0.9015949414298395,0.9584352078239609,0.18946755464707138,0.9364303178484108,0.05134474327628362,0.012224938875305624,0.0,409
0.3,block3_h48_seed10,"3-block, H=48",fixed_Tiny,0.8122654856953914,0.8681592039800995,0.18631239428236,1.0,0.0,0.0,0.0,402
0.3,block3_h48_seed10,"3-block, H=48",fixed_Small,0.7929281551649426,0.8532338308457711,0.2010189189360956,0.0,1.0,0.0,0.0,402
0.3,block3_h48_seed10,"3-block, H=48",fixed_Medium,0.7682934445434088,0.8830845771144279,0.382637108570064,0.0,0.0,1.0,0.0,402
0.3,block3_h48_seed10,"3-block, H=48",fixed_Full,0.5407960199004976,0.8407960199004975,1.0,0.0,0.0,0.0,1.0,402
0.3,block3_h48_seed10,"3-block, H=48",oracle_multicapacity,0.8923765745223596,0.9527363184079602,0.20119914628533558,0.9154228855721394,0.03482587064676617,0.04228855721393035,0.007462686567164179,402
0.3,block3_h72_seed14,"3-block, H=72",fixed_Tiny,0.7600869112552435,0.8159806295399515,0.18631239428236,1.0,0.0,0.0,0.0,413
0.3,block3_h72_seed14,"3-block, H=72",fixed_Small,0.6709291911472587,0.7312348668280871,0.2010189189360956,0.0,1.0,0.0,0.0,413
0.3,block3_h72_seed14,"3-block, H=72",fixed_Medium,0.7278238795355183,0.8426150121065376,0.382637108570064,0.0,0.0,1.0,0.0,413
0.3,block3_h72_seed14,"3-block, H=72",fixed_Full,0.518401937046005,0.8184019370460048,1.0,0.0,0.0,0.0,1.0,413
0.3,block3_h72_seed14,"3-block, H=72",oracle_multicapacity,0.8786590077376454,0.9418886198547215,0.2107653737235873,0.87409200968523,0.05084745762711865,0.06053268765133172,0.014527845036319613,413
