ladder_seed,variant,variant_label,group_id,model,model_label,relative_latency,action_id,action_name,argmin_correct,strict_correct,tie_credit,confidence,best_distance,second_best_distance,pred_margin,correct_distance,model_dim,layers,heads,params
1,block3_h72_seed14,"3-block, H=72",3500,small_full_seed1,Small,0.2010189189360956,2,left,1.0,1.0,1.0,0.7257643938064575,1.470711350440979,1.4968029260635376,0.026091575622558594,1.470711350440979,128,1,4,299776
1,block3_h72_seed14,"3-block, H=72",3501,small_full_seed1,Small,0.2010189189360956,2,left,1.0,1.0,1.0,0.990538477897644,1.8290907144546509,1.9322494268417358,0.10315871238708496,1.8290907144546509,128,1,4,299776
1,block3_h72_seed14,"3-block, H=72",3502,small_full_seed1,Small,0.2010189189360956,4,backward,0.0,0.0,0.0,0.8561742901802063,1.1347931623458862,1.1748933792114258,0.04010021686553955,1.216188907623291,128,1,4,299776
1,block3_h72_seed14,"3-block, H=72",3503,small_full_seed1,Small,0.2010189189360956,4,backward,0.0,0.0,0.0,0.6553098559379578,1.1868444681167603,1.2010619640350342,0.014217495918273926,1.2010619640350342,128,1,4,299776
1,block3_h72_seed14,"3-block, H=72",3504,small_full_seed1,Small,0.2010189189360956,2,left,1.0,1.0,1.0,0.7886167168617249,1.927085518836975,1.956775188446045,0.029689669609069824,1.927085518836975,128,1,4,299776
1,block3_h72_seed14,"3-block, H=72",3505,small_full_seed1,Small,0.2010189189360956,4,backward,1.0,1.0,1.0,0.8577415943145752,1.279965877532959,1.3293362855911255,0.049370408058166504,1.279965877532959,128,1,4,299776
1,block3_h72_seed14,"3-block, H=72",3507,small_full_seed1,Small,0.2010189189360956,4,backward,1.0,1.0,1.0,0.9999756813049316,1.0149518251419067,1.239628791809082,0.2246769666671753,1.0149518251419067,128,1,4,299776
1,block3_h72_seed14,"3-block, H=72",3508,small_full_seed1,Small,0.2010189189360956,2,left,1.0,1.0,1.0,0.9780703186988831,1.4422922134399414,1.536556601524353,0.09426438808441162,1.4422922134399414,128,1,4,299776
1,block3_h72_seed14,"3-block, H=72",3509,small_full_seed1,Small,0.2010189189360956,2,left,1.0,1.0,1.0,0.9995923638343811,1.0073456764221191,1.1765953302383423,0.16924965381622314,1.0073456764221191,128,1,4,299776
1,block3_h72_seed14,"3-block, H=72",3510,small_full_seed1,Small,0.2010189189360956,3,forward,1.0,1.0,1.0,0.9994507431983948,1.743227481842041,1.8992685079574585,0.15604102611541748,1.743227481842041,128,1,4,299776
1,block3_h72_seed14,"3-block, H=72",3511,small_full_seed1,Small,0.2010189189360956,2,left,1.0,1.0,1.0,0.9438599348068237,1.8290907144546509,1.8870925903320312,0.05800187587738037,1.8290907144546509,128,1,4,299776
1,block3_h72_seed14,"3-block, H=72",3513,small_full_seed1,Small,0.2010189189360956,4,backward,1.0,1.0,1.0,0.9956567287445068,1.3053001165390015,1.4180097579956055,0.112709641456604,1.3053001165390015,128,1,4,299776
1,block3_h72_seed14,"3-block, H=72",3514,small_full_seed1,Small,0.2010189189360956,2,left,1.0,1.0,1.0,0.720724880695343,1.9204565286636353,1.9402318000793457,0.01977527141571045,1.9204565286636353,128,1,4,299776
1,block3_h72_seed14,"3-block, H=72",3515,small_full_seed1,Small,0.2010189189360956,3,forward,1.0,1.0,1.0,0.999194324016571,0.8665470480918884,1.0121155977249146,0.14556854963302612,0.8665470480918884,128,1,4,299776
1,block3_h72_seed14,"3-block, H=72",3516,small_full_seed1,Small,0.2010189189360956,1,right,1.0,1.0,1.0,0.9545586705207825,1.5820684432983398,1.6581674814224243,0.07609903812408447,1.5820684432983398,128,1,4,299776
1,block3_h72_seed14,"3-block, H=72",3518,small_full_seed1,Small,0.2010189189360956,3,forward,1.0,1.0,1.0,0.9904295206069946,1.5492496490478516,1.6551885604858398,0.10593891143798828,1.5492496490478516,128,1,4,299776
1,block3_h72_seed14,"3-block, H=72",3519,small_full_seed1,Small,0.2010189189360956,4,backward,1.0,1.0,1.0,0.8725963234901428,1.224021315574646,1.2644072771072388,0.04038596153259277,1.224021315574646,128,1,4,299776
1,block3_h72_seed14,"3-block, H=72",3520,small_full_seed1,Small,0.2010189189360956,2,left,1.0,1.0,1.0,0.9996988773345947,1.1019989252090454,1.277382254600525,0.1753833293914795,1.1019989252090454,128,1,4,299776
1,block3_h72_seed14,"3-block, H=72",3521,small_full_seed1,Small,0.2010189189360956,3,forward,1.0,1.0,1.0,0.9801313281059265,1.336713433265686,1.4261277914047241,0.08941435813903809,1.336713433265686,128,1,4,299776
1,block3_h72_seed14,"3-block, H=72",3522,small_full_seed1,Small,0.2010189189360956,1,right,1.0,1.0,1.0,0.9948095083236694,1.0812625885009766,1.1993526220321655,0.11809003353118896,1.0812625885009766,128,1,4,299776
1,block3_h72_seed14,"3-block, H=72",3524,small_full_seed1,Small,0.2010189189360956,3,forward,1.0,1.0,1.0,0.7415562868118286,1.4227780103683472,1.4449201822280884,0.02214217185974121,1.4227780103683472,128,1,4,299776
1,block3_h72_seed14,"3-block, H=72",3525,small_full_seed1,Small,0.2010189189360956,2,left,1.0,1.0,1.0,0.9619613885879517,1.8774770498275757,1.9455770254135132,0.0680999755859375,1.8774770498275757,128,1,4,299776
1,block3_h72_seed14,"3-block, H=72",3526,small_full_seed1,Small,0.2010189189360956,3,forward,1.0,1.0,1.0,0.9744083881378174,1.5974167585372925,1.6823053359985352,0.08488857746124268,1.5974167585372925,128,1,4,299776
1,block3_h72_seed14,"3-block, H=72",3527,small_full_seed1,Small,0.2010189189360956,2,left,0.0,0.0,0.0,0.6514983177185059,1.1712912321090698,1.1912004947662354,0.019909262657165527,1.1912004947662354,128,1,4,299776
1,block3_h72_seed14,"3-block, H=72",3528,small_full_seed1,Small,0.2010189189360956,3,forward,1.0,1.0,1.0,0.8480812311172485,1.7490533590316772,1.7835367918014526,0.03448343276977539,1.7490533590316772,128,1,4,299776
1,block3_h72_seed14,"3-block, H=72",3529,small_full_seed1,Small,0.2010189189360956,4,backward,1.0,1.0,1.0,0.9944788217544556,1.0665239095687866,1.1710875034332275,0.10456359386444092,1.0665239095687866,128,1,4,299776
1,block3_h72_seed14,"3-block, H=72",3530,small_full_seed1,Small,0.2010189189360956,2,left,1.0,1.0,1.0,0.9999985694885254,1.0055288076400757,1.2932699918746948,0.28774118423461914,1.0055288076400757,128,1,4,299776
1,block3_h72_seed14,"3-block, H=72",3531,small_full_seed1,Small,0.2010189189360956,2,left,1.0,1.0,1.0,0.3419056832790375,1.0676639080047607,1.0683144330978394,0.0006505250930786133,1.0676639080047607,128,1,4,299776
1,block3_h72_seed14,"3-block, H=72",3533,small_full_seed1,Small,0.2010189189360956,2,left,1.0,1.0,1.0,0.9897504448890686,1.861230492591858,1.9683302640914917,0.10709977149963379,1.861230492591858,128,1,4,299776
1,block3_h72_seed14,"3-block, H=72",3535,small_full_seed1,Small,0.2010189189360956,1,right,0.0,0.0,0.0,0.8738466501235962,1.0973962545394897,1.1421048641204834,0.04470860958099365,1.1421048641204834,128,1,4,299776
1,block3_h72_seed14,"3-block, H=72",3536,small_full_seed1,Small,0.2010189189360956,1,right,1.0,1.0,1.0,0.9992783665657043,0.9426589012145996,1.1022920608520508,0.15963315963745117,0.9426589012145996,128,1,4,299776
1,block3_h72_seed14,"3-block, H=72",3537,small_full_seed1,Small,0.2010189189360956,2,left,0.0,0.0,0.0,0.9199991822242737,0.8656318187713623,0.9157378077507019,0.0501059889793396,0.972503125667572,128,1,4,299776
1,block3_h72_seed14,"3-block, H=72",3538,small_full_seed1,Small,0.2010189189360956,2,left,1.0,1.0,1.0,0.9937212467193604,1.1464872360229492,1.252266764640808,0.10577952861785889,1.1464872360229492,128,1,4,299776
1,block3_h72_seed14,"3-block, H=72",3539,small_full_seed1,Small,0.2010189189360956,1,right,1.0,1.0,1.0,0.9896461367607117,1.840926170349121,1.9424206018447876,0.1014944314956665,1.840926170349121,128,1,4,299776
1,block3_h72_seed14,"3-block, H=72",3540,small_full_seed1,Small,0.2010189189360956,4,backward,1.0,1.0,1.0,0.9657738208770752,0.9667510390281677,1.0357013940811157,0.068950355052948,0.9667510390281677,128,1,4,299776
1,block3_h72_seed14,"3-block, H=72",3541,small_full_seed1,Small,0.2010189189360956,3,forward,1.0,1.0,1.0,0.5136078000068665,1.2430706024169922,1.260500192642212,0.017429590225219727,1.2430706024169922,128,1,4,299776
1,block3_h72_seed14,"3-block, H=72",3542,small_full_seed1,Small,0.2010189189360956,3,forward,1.0,1.0,1.0,0.9730098843574524,1.6350288391113281,1.712713599205017,0.07768476009368896,1.6350288391113281,128,1,4,299776
1,block3_h72_seed14,"3-block, H=72",3543,small_full_seed1,Small,0.2010189189360956,4,backward,1.0,1.0,1.0,0.9909714460372925,1.1459711790084839,1.2516995668411255,0.1057283878326416,1.1459711790084839,128,1,4,299776
1,block3_h72_seed14,"3-block, H=72",3544,small_full_seed1,Small,0.2010189189360956,2,left,0.0,0.0,0.0,0.6029923558235168,1.5973501205444336,1.6149870157241821,0.017636895179748535,1.6149870157241821,128,1,4,299776
1,block3_h72_seed14,"3-block, H=72",3545,small_full_seed1,Small,0.2010189189360956,4,backward,1.0,1.0,1.0,0.999976396560669,0.8374661803245544,1.0616213083267212,0.22415512800216675,0.8374661803245544,128,1,4,299776
1,block3_h72_seed14,"3-block, H=72",3546,small_full_seed1,Small,0.2010189189360956,4,backward,1.0,1.0,1.0,0.9421401023864746,1.113477349281311,1.1774710416793823,0.06399369239807129,1.113477349281311,128,1,4,299776
1,block3_h72_seed14,"3-block, H=72",3547,small_full_seed1,Small,0.2010189189360956,1,right,1.0,1.0,1.0,0.9995040893554688,1.7278202772140503,1.8813225030899048,0.1535022258758545,1.7278202772140503,128,1,4,299776
1,block3_h72_seed14,"3-block, H=72",3549,small_full_seed1,Small,0.2010189189360956,4,backward,1.0,1.0,1.0,0.9800093770027161,0.9579588770866394,1.0552536249160767,0.09729474782943726,0.9579588770866394,128,1,4,299776
1,block3_h72_seed14,"3-block, H=72",3551,small_full_seed1,Small,0.2010189189360956,3,forward,1.0,1.0,1.0,0.9638676047325134,1.7408515214920044,1.8216785192489624,0.08082699775695801,1.7408515214920044,128,1,4,299776
1,block3_h72_seed14,"3-block, H=72",3552,small_full_seed1,Small,0.2010189189360956,3,forward,1.0,1.0,1.0,0.9999207258224487,0.9638419151306152,1.1614038944244385,0.19756197929382324,0.9638419151306152,128,1,4,299776
1,block3_h72_seed14,"3-block, H=72",3553,small_full_seed1,Small,0.2010189189360956,2,left,1.0,1.0,1.0,0.9805262684822083,1.6130876541137695,1.703653335571289,0.09056568145751953,1.6130876541137695,128,1,4,299776
1,block3_h72_seed14,"3-block, H=72",3554,small_full_seed1,Small,0.2010189189360956,2,left,1.0,1.0,1.0,0.9998065829277039,1.0860278606414795,1.258246898651123,0.17221903800964355,1.0860278606414795,128,1,4,299776
1,block3_h72_seed14,"3-block, H=72",3555,small_full_seed1,Small,0.2010189189360956,4,backward,1.0,1.0,1.0,0.9877187013626099,1.5133438110351562,1.6032787561416626,0.08993494510650635,1.5133438110351562,128,1,4,299776
1,block3_h72_seed14,"3-block, H=72",3556,small_full_seed1,Small,0.2010189189360956,4,backward,0.0,0.0,0.0,0.8538519740104675,1.0386734008789062,1.0900635719299316,0.05139017105102539,1.119889497756958,128,1,4,299776
1,block3_h72_seed14,"3-block, H=72",3557,small_full_seed1,Small,0.2010189189360956,1,right,1.0,1.0,1.0,0.9969106316566467,1.0351910591125488,1.1561096906661987,0.1209186315536499,1.0351910591125488,128,1,4,299776
1,block3_h72_seed14,"3-block, H=72",3559,small_full_seed1,Small,0.2010189189360956,3,forward,1.0,1.0,1.0,0.9999969005584717,0.9914760589599609,1.248921513557434,0.25744545459747314,0.9914760589599609,128,1,4,299776
1,block3_h72_seed14,"3-block, H=72",3560,small_full_seed1,Small,0.2010189189360956,2,left,0.0,0.0,0.0,0.4376177489757538,1.1698427200317383,1.1714204549789429,0.0015777349472045898,1.1912004947662354,128,1,4,299776
1,block3_h72_seed14,"3-block, H=72",3561,small_full_seed1,Small,0.2010189189360956,3,forward,0.0,0.0,0.0,0.7723343968391418,1.47285795211792,1.507908821105957,0.03505086898803711,1.507908821105957,128,1,4,299776
1,block3_h72_seed14,"3-block, H=72",3563,small_full_seed1,Small,0.2010189189360956,4,backward,1.0,1.0,1.0,0.9516195058822632,1.2914067506790161,1.3576065301895142,0.06619977951049805,1.2914067506790161,128,1,4,299776
1,block3_h72_seed14,"3-block, H=72",3564,small_full_seed1,Small,0.2010189189360956,1,right,1.0,1.0,1.0,0.9994633793830872,1.9392938613891602,2.111466884613037,0.17217302322387695,1.9392938613891602,128,1,4,299776
1,block3_h72_seed14,"3-block, H=72",3565,small_full_seed1,Small,0.2010189189360956,2,left,1.0,1.0,1.0,0.9999719858169556,0.9820795655250549,1.2166439294815063,0.23456436395645142,0.9820795655250549,128,1,4,299776
1,block3_h72_seed14,"3-block, H=72",3566,small_full_seed1,Small,0.2010189189360956,3,forward,1.0,1.0,1.0,0.9967742562294006,0.9611940383911133,1.0883105993270874,0.12711656093597412,0.9611940383911133,128,1,4,299776
1,block3_h72_seed14,"3-block, H=72",3568,small_full_seed1,Small,0.2010189189360956,3,forward,1.0,1.0,1.0,0.9999446868896484,1.8768048286437988,2.0737640857696533,0.1969592571258545,1.8768048286437988,128,1,4,299776
1,block3_h72_seed14,"3-block, H=72",3569,small_full_seed1,Small,0.2010189189360956,1,right,1.0,1.0,1.0,0.990562915802002,0.9333248734474182,1.0319422483444214,0.09861737489700317,0.9333248734474182,128,1,4,299776
1,block3_h72_seed14,"3-block, H=72",3570,small_full_seed1,Small,0.2010189189360956,3,forward,1.0,1.0,1.0,0.9999659061431885,0.7998005747795105,1.0070527791976929,0.20725220441818237,0.7998005747795105,128,1,4,299776
1,block3_h72_seed14,"3-block, H=72",3571,small_full_seed1,Small,0.2010189189360956,1,right,0.0,0.0,0.0,0.6100924611091614,0.9803274273872375,1.0002697706222534,0.01994234323501587,1.0067552328109741,128,1,4,299776
1,block3_h72_seed14,"3-block, H=72",3572,small_full_seed1,Small,0.2010189189360956,2,left,1.0,1.0,1.0,0.9997202754020691,1.9510771036148071,2.1155340671539307,0.16445696353912354,1.9510771036148071,128,1,4,299776
1,block3_h72_seed14,"3-block, H=72",3573,small_full_seed1,Small,0.2010189189360956,2,left,1.0,1.0,1.0,0.7112753391265869,1.187505841255188,1.2108962535858154,0.02339041233062744,1.187505841255188,128,1,4,299776
1,block3_h72_seed14,"3-block, H=72",3574,small_full_seed1,Small,0.2010189189360956,2,left,0.0,0.0,0.0,0.9101846814155579,1.0598602294921875,1.1098121404647827,0.049951910972595215,1.1576943397521973,128,1,4,299776
1,block3_h72_seed14,"3-block, H=72",3575,small_full_seed1,Small,0.2010189189360956,4,backward,1.0,1.0,1.0,0.9993773102760315,1.007325530052185,1.1583819389343262,0.1510564088821411,1.007325530052185,128,1,4,299776
1,block3_h72_seed14,"3-block, H=72",3576,small_full_seed1,Small,0.2010189189360956,2,left,1.0,1.0,1.0,0.38599514961242676,1.1279606819152832,1.1308757066726685,0.002915024757385254,1.1279606819152832,128,1,4,299776
1,block3_h72_seed14,"3-block, H=72",3578,small_full_seed1,Small,0.2010189189360956,4,backward,1.0,1.0,1.0,0.9955400824546814,1.4435135126113892,1.559959053993225,0.11644554138183594,1.4435135126113892,128,1,4,299776
1,block3_h72_seed14,"3-block, H=72",3579,small_full_seed1,Small,0.2010189189360956,3,forward,1.0,1.0,1.0,0.96347975730896,1.6308072805404663,1.7090829610824585,0.07827568054199219,1.6308072805404663,128,1,4,299776
1,block3_h72_seed14,"3-block, H=72",3580,small_full_seed1,Small,0.2010189189360956,1,right,1.0,1.0,1.0,0.9714018702507019,1.1122862100601196,1.1875851154327393,0.07529890537261963,1.1122862100601196,128,1,4,299776
1,block3_h72_seed14,"3-block, H=72",3581,small_full_seed1,Small,0.2010189189360956,1,right,1.0,1.0,1.0,0.9596839547157288,1.5089751482009888,1.577498435974121,0.06852328777313232,1.5089751482009888,128,1,4,299776
1,block3_h72_seed14,"3-block, H=72",3582,small_full_seed1,Small,0.2010189189360956,1,right,1.0,1.0,1.0,0.9815778136253357,1.0812625885009766,1.1804183721542358,0.09915578365325928,1.0812625885009766,128,1,4,299776
1,block3_h72_seed14,"3-block, H=72",3583,small_full_seed1,Small,0.2010189189360956,3,forward,1.0,1.0,1.0,0.9994341731071472,0.8665470480918884,1.0357396602630615,0.1691926121711731,0.8665470480918884,128,1,4,299776
1,block3_h72_seed14,"3-block, H=72",3584,small_full_seed1,Small,0.2010189189360956,2,left,1.0,1.0,1.0,0.6914536952972412,1.6379591226577759,1.65670645236969,0.018747329711914062,1.6379591226577759,128,1,4,299776
1,block3_h72_seed14,"3-block, H=72",3585,small_full_seed1,Small,0.2010189189360956,4,backward,1.0,1.0,1.0,0.7806458473205566,1.075108528137207,1.102553129196167,0.02744460105895996,1.075108528137207,128,1,4,299776
1,block3_h72_seed14,"3-block, H=72",3586,small_full_seed1,Small,0.2010189189360956,1,right,1.0,1.0,1.0,0.9998881816864014,1.0752524137496948,1.2765945196151733,0.20134210586547852,1.0752524137496948,128,1,4,299776
1,block3_h72_seed14,"3-block, H=72",3587,small_full_seed1,Small,0.2010189189360956,4,backward,1.0,1.0,1.0,0.9986909031867981,0.9397545456886292,1.079290747642517,0.13953620195388794,0.9397545456886292,128,1,4,299776
1,block3_h72_seed14,"3-block, H=72",3588,small_full_seed1,Small,0.2010189189360956,4,backward,1.0,1.0,1.0,0.9999661445617676,0.8576626777648926,1.0683263540267944,0.21066367626190186,0.8576626777648926,128,1,4,299776
1,block3_h72_seed14,"3-block, H=72",3589,small_full_seed1,Small,0.2010189189360956,4,backward,1.0,1.0,1.0,0.9861185550689697,1.1637510061264038,1.2530122995376587,0.08926129341125488,1.1637510061264038,128,1,4,299776
1,block3_h72_seed14,"3-block, H=72",3590,small_full_seed1,Small,0.2010189189360956,3,forward,1.0,1.0,1.0,0.9901705384254456,1.9417734146118164,2.0430877208709717,0.10131430625915527,1.9417734146118164,128,1,4,299776
1,block3_h72_seed14,"3-block, H=72",3591,small_full_seed1,Small,0.2010189189360956,3,forward,0.0,0.0,0.0,0.4237416386604309,1.5284862518310547,1.5348294973373413,0.006343245506286621,1.5387639999389648,128,1,4,299776
1,block3_h72_seed14,"3-block, H=72",3593,small_full_seed1,Small,0.2010189189360956,4,backward,1.0,1.0,1.0,0.9999939203262329,0.9028809666633606,1.1497702598571777,0.24688929319381714,0.9028809666633606,128,1,4,299776
1,block3_h72_seed14,"3-block, H=72",3594,small_full_seed1,Small,0.2010189189360956,4,backward,1.0,1.0,1.0,0.9998948574066162,1.1213299036026,1.3107231855392456,0.1893932819366455,1.1213299036026,128,1,4,299776
1,block3_h72_seed14,"3-block, H=72",3595,small_full_seed1,Small,0.2010189189360956,4,backward,1.0,1.0,1.0,0.9997438788414001,0.9397545456886292,1.1198233366012573,0.18006879091262817,0.9397545456886292,128,1,4,299776
1,block3_h72_seed14,"3-block, H=72",3596,small_full_seed1,Small,0.2010189189360956,2,left,1.0,1.0,1.0,0.9715164303779602,1.5005213022232056,1.5820180177688599,0.0814967155456543,1.5005213022232056,128,1,4,299776
1,block3_h72_seed14,"3-block, H=72",3597,small_full_seed1,Small,0.2010189189360956,1,right,1.0,1.0,1.0,0.9891157746315002,1.67840576171875,1.7837003469467163,0.10529458522796631,1.67840576171875,128,1,4,299776
1,block3_h72_seed14,"3-block, H=72",3598,small_full_seed1,Small,0.2010189189360956,1,right,0.0,0.0,0.0,0.548564076423645,1.120778203010559,1.1404896974563599,0.01971149444580078,1.1678727865219116,128,1,4,299776
1,block3_h72_seed14,"3-block, H=72",3599,small_full_seed1,Small,0.2010189189360956,1,right,0.0,0.0,0.0,0.48671555519104004,1.8323736190795898,1.8380656242370605,0.005692005157470703,1.8576661348342896,128,1,4,299776
1,block3_h72_seed14,"3-block, H=72",3600,small_full_seed1,Small,0.2010189189360956,1,right,1.0,1.0,1.0,0.9645276665687561,1.5089751482009888,1.577498435974121,0.06852328777313232,1.5089751482009888,128,1,4,299776
1,block3_h72_seed14,"3-block, H=72",3601,small_full_seed1,Small,0.2010189189360956,2,left,1.0,1.0,1.0,0.8936178684234619,1.475704550743103,1.5182920694351196,0.0425875186920166,1.475704550743103,128,1,4,299776
1,block3_h72_seed14,"3-block, H=72",3602,small_full_seed1,Small,0.2010189189360956,3,forward,0.0,0.0,0.0,0.8254107236862183,1.1537837982177734,1.1893635988235474,0.035579800605773926,1.1893635988235474,128,1,4,299776
1,block3_h72_seed14,"3-block, H=72",3603,small_full_seed1,Small,0.2010189189360956,2,left,1.0,1.0,1.0,0.5840942859649658,1.0532816648483276,1.0731327533721924,0.019851088523864746,1.0532816648483276,128,1,4,299776
1,block3_h72_seed14,"3-block, H=72",3604,small_full_seed1,Small,0.2010189189360956,4,backward,1.0,1.0,1.0,0.8731603026390076,1.224021315574646,1.2644072771072388,0.04038596153259277,1.224021315574646,128,1,4,299776
1,block3_h72_seed14,"3-block, H=72",3606,small_full_seed1,Small,0.2010189189360956,2,left,1.0,1.0,1.0,0.9999439716339111,1.0507057905197144,1.2537699937820435,0.2030642032623291,1.0507057905197144,128,1,4,299776
1,block3_h72_seed14,"3-block, H=72",3608,small_full_seed1,Small,0.2010189189360956,3,forward,1.0,1.0,1.0,0.998717188835144,0.8347787857055664,0.9782776832580566,0.14349889755249023,0.8347787857055664,128,1,4,299776
1,block3_h72_seed14,"3-block, H=72",3609,small_full_seed1,Small,0.2010189189360956,1,right,1.0,1.0,1.0,0.9673035144805908,1.2691391706466675,1.3428925275802612,0.07375335693359375,1.2691391706466675,128,1,4,299776
1,block3_h72_seed14,"3-block, H=72",3610,small_full_seed1,Small,0.2010189189360956,4,backward,1.0,1.0,1.0,0.9906141757965088,1.6143054962158203,1.7075008153915405,0.09319531917572021,1.6143054962158203,128,1,4,299776
1,block3_h72_seed14,"3-block, H=72",3611,small_full_seed1,Small,0.2010189189360956,3,forward,0.0,0.0,0.0,0.5245429873466492,1.467206358909607,1.4729480743408203,0.005741715431213379,1.4729480743408203,128,1,4,299776
1,block3_h72_seed14,"3-block, H=72",3612,small_full_seed1,Small,0.2010189189360956,4,backward,1.0,1.0,1.0,0.9999951124191284,0.9997044205665588,1.2545714378356934,0.2548670172691345,0.9997044205665588,128,1,4,299776
1,block3_h72_seed14,"3-block, H=72",3613,small_full_seed1,Small,0.2010189189360956,3,forward,1.0,1.0,1.0,0.9944668412208557,1.5309628248214722,1.6451467275619507,0.11418390274047852,1.5309628248214722,128,1,4,299776
1,block3_h72_seed14,"3-block, H=72",3614,small_full_seed1,Small,0.2010189189360956,1,right,1.0,1.0,1.0,0.9999507665634155,1.0983339548110962,1.303052306175232,0.20471835136413574,1.0983339548110962,128,1,4,299776
1,block3_h72_seed14,"3-block, H=72",3615,small_full_seed1,Small,0.2010189189360956,1,right,1.0,1.0,1.0,0.7646539211273193,1.735580563545227,1.7596014738082886,0.024020910263061523,1.735580563545227,128,1,4,299776
1,block3_h72_seed14,"3-block, H=72",3616,small_full_seed1,Small,0.2010189189360956,3,forward,1.0,1.0,1.0,0.9998549222946167,0.8380756378173828,1.0229852199554443,0.18490958213806152,0.8380756378173828,128,1,4,299776
1,block3_h72_seed14,"3-block, H=72",3617,small_full_seed1,Small,0.2010189189360956,2,left,1.0,1.0,1.0,0.8067382574081421,1.0898948907852173,1.1269081830978394,0.03701329231262207,1.0898948907852173,128,1,4,299776
1,block3_h72_seed14,"3-block, H=72",3618,small_full_seed1,Small,0.2010189189360956,3,forward,1.0,1.0,1.0,0.9831810593605042,0.9611940383911133,1.0452629327774048,0.0840688943862915,0.9611940383911133,128,1,4,299776
1,block3_h72_seed14,"3-block, H=72",3619,small_full_seed1,Small,0.2010189189360956,1,right,1.0,1.0,1.0,0.997974693775177,1.5733972787857056,1.7046626806259155,0.13126540184020996,1.5733972787857056,128,1,4,299776
1,block3_h72_seed14,"3-block, H=72",3620,small_full_seed1,Small,0.2010189189360956,3,forward,1.0,1.0,1.0,0.6371328830718994,1.5170472860336304,1.5374857187271118,0.020438432693481445,1.5170472860336304,128,1,4,299776
1,block3_h72_seed14,"3-block, H=72",3621,small_full_seed1,Small,0.2010189189360956,3,forward,1.0,1.0,1.0,0.9449584484100342,0.9829232692718506,1.0447190999984741,0.061795830726623535,0.9829232692718506,128,1,4,299776
1,block3_h72_seed14,"3-block, H=72",3622,small_full_seed1,Small,0.2010189189360956,3,forward,1.0,1.0,1.0,0.9986196756362915,1.4850190877914429,1.625968337059021,0.14094924926757812,1.4850190877914429,128,1,4,299776
1,block3_h72_seed14,"3-block, H=72",3623,small_full_seed1,Small,0.2010189189360956,1,right,1.0,1.0,1.0,0.9918650984764099,1.755210280418396,1.8560242652893066,0.10081398487091064,1.755210280418396,128,1,4,299776
1,block3_h72_seed14,"3-block, H=72",3624,small_full_seed1,Small,0.2010189189360956,4,backward,1.0,1.0,1.0,0.9999802112579346,0.9997044205665588,1.2174125909805298,0.21770817041397095,0.9997044205665588,128,1,4,299776
1,block3_h72_seed14,"3-block, H=72",3625,small_full_seed1,Small,0.2010189189360956,2,left,1.0,1.0,1.0,0.8083739280700684,1.3422318696975708,1.3839035034179688,0.04167163372039795,1.3422318696975708,128,1,4,299776
1,block3_h72_seed14,"3-block, H=72",3626,small_full_seed1,Small,0.2010189189360956,2,left,0.0,0.0,0.0,0.748480498790741,1.3896589279174805,1.421074390411377,0.031415462493896484,1.4315237998962402,128,1,4,299776
1,block3_h72_seed14,"3-block, H=72",3627,small_full_seed1,Small,0.2010189189360956,2,left,1.0,1.0,1.0,0.6958572268486023,1.9204565286636353,1.9377294778823853,0.01727294921875,1.9204565286636353,128,1,4,299776
1,block3_h72_seed14,"3-block, H=72",3628,small_full_seed1,Small,0.2010189189360956,1,right,1.0,1.0,1.0,0.9999710321426392,1.0747848749160767,1.294152021408081,0.2193671464920044,1.0747848749160767,128,1,4,299776
1,block3_h72_seed14,"3-block, H=72",3629,small_full_seed1,Small,0.2010189189360956,4,backward,0.0,0.0,0.0,0.6350107789039612,1.5731477737426758,1.594150185585022,0.02100241184234619,1.594150185585022,128,1,4,299776
1,block3_h72_seed14,"3-block, H=72",3631,small_full_seed1,Small,0.2010189189360956,1,right,1.0,1.0,1.0,0.9998716115951538,1.3953529596328735,1.5887025594711304,0.19334959983825684,1.3953529596328735,128,1,4,299776
1,block3_h72_seed14,"3-block, H=72",3633,small_full_seed1,Small,0.2010189189360956,4,backward,1.0,1.0,1.0,0.9999778270721436,1.0536214113235474,1.2792494297027588,0.22562801837921143,1.0536214113235474,128,1,4,299776
1,block3_h72_seed14,"3-block, H=72",3634,small_full_seed1,Small,0.2010189189360956,4,backward,1.0,1.0,1.0,0.9320023059844971,1.4121865034103394,1.4670931100845337,0.054906606674194336,1.4121865034103394,128,1,4,299776
1,block3_h72_seed14,"3-block, H=72",3637,small_full_seed1,Small,0.2010189189360956,4,backward,1.0,1.0,1.0,0.6722571849822998,1.734554648399353,1.7495347261428833,0.014980077743530273,1.734554648399353,128,1,4,299776
1,block3_h72_seed14,"3-block, H=72",3638,small_full_seed1,Small,0.2010189189360956,3,forward,1.0,1.0,1.0,0.9999939203262329,0.8490151762962341,1.1061164140701294,0.25710123777389526,0.8490151762962341,128,1,4,299776
1,block3_h72_seed14,"3-block, H=72",3639,small_full_seed1,Small,0.2010189189360956,3,forward,1.0,1.0,1.0,0.9987371563911438,1.944456696510315,2.079339027404785,0.13488233089447021,1.944456696510315,128,1,4,299776
1,block3_h72_seed14,"3-block, H=72",3640,small_full_seed1,Small,0.2010189189360956,4,backward,0.0,0.0,0.0,0.47352364659309387,1.2908426523208618,1.2914067506790161,0.0005640983581542969,1.2914067506790161,128,1,4,299776
1,block3_h72_seed14,"3-block, H=72",3642,small_full_seed1,Small,0.2010189189360956,1,right,1.0,1.0,1.0,0.9526383876800537,1.474332332611084,1.5352672338485718,0.06093490123748779,1.474332332611084,128,1,4,299776
1,block3_h72_seed14,"3-block, H=72",3643,small_full_seed1,Small,0.2010189189360956,1,right,1.0,1.0,1.0,0.453625351190567,1.3670133352279663,1.3698983192443848,0.002884984016418457,1.3670133352279663,128,1,4,299776
1,block3_h72_seed14,"3-block, H=72",3644,small_full_seed1,Small,0.2010189189360956,1,right,1.0,1.0,1.0,0.999259889125824,1.9392938613891602,2.095294713973999,0.15600085258483887,1.9392938613891602,128,1,4,299776
1,block3_h72_seed14,"3-block, H=72",3645,small_full_seed1,Small,0.2010189189360956,1,right,1.0,1.0,1.0,0.9958468079566956,1.0123460292816162,1.1369467973709106,0.12460076808929443,1.0123460292816162,128,1,4,299776
1,block3_h72_seed14,"3-block, H=72",3646,small_full_seed1,Small,0.2010189189360956,3,forward,1.0,1.0,1.0,0.9942664504051208,1.3034285306930542,1.4151740074157715,0.11174547672271729,1.3034285306930542,128,1,4,299776
1,block3_h72_seed14,"3-block, H=72",3647,small_full_seed1,Small,0.2010189189360956,3,forward,1.0,1.0,1.0,0.9999916553497314,0.9358527660369873,1.1772490739822388,0.24139630794525146,0.9358527660369873,128,1,4,299776
1,block3_h72_seed14,"3-block, H=72",3648,small_full_seed1,Small,0.2010189189360956,4,backward,1.0,1.0,1.0,0.9460760951042175,1.113477349281311,1.1774710416793823,0.06399369239807129,1.113477349281311,128,1,4,299776
1,block3_h72_seed14,"3-block, H=72",3649,small_full_seed1,Small,0.2010189189360956,3,forward,0.0,0.0,0.0,0.8794479370117188,1.3928200006484985,1.4412904977798462,0.048470497131347656,1.4412904977798462,128,1,4,299776
1,block3_h72_seed14,"3-block, H=72",3651,small_full_seed1,Small,0.2010189189360956,4,backward,1.0,1.0,1.0,0.9729979038238525,0.8994638323783875,0.9728488922119141,0.07338505983352661,0.8994638323783875,128,1,4,299776
1,block3_h72_seed14,"3-block, H=72",3652,small_full_seed1,Small,0.2010189189360956,4,backward,1.0,1.0,1.0,0.9999997615814209,0.9921989440917969,1.2944409847259521,0.3022420406341553,0.9921989440917969,128,1,4,299776
1,block3_h72_seed14,"3-block, H=72",3653,small_full_seed1,Small,0.2010189189360956,3,forward,1.0,1.0,1.0,0.9994596838951111,1.743227481842041,1.899509310722351,0.15628182888031006,1.743227481842041,128,1,4,299776
1,block3_h72_seed14,"3-block, H=72",3654,small_full_seed1,Small,0.2010189189360956,4,backward,1.0,1.0,1.0,0.9999734163284302,0.9997044205665588,1.2112473249435425,0.21154290437698364,0.9997044205665588,128,1,4,299776
1,block3_h72_seed14,"3-block, H=72",3655,small_full_seed1,Small,0.2010189189360956,2,left,0.0,0.0,0.0,0.43927204608917236,1.1698427200317383,1.1714204549789429,0.0015777349472045898,1.1912004947662354,128,1,4,299776
1,block3_h72_seed14,"3-block, H=72",3656,small_full_seed1,Small,0.2010189189360956,1,right,1.0,1.0,1.0,0.9640107750892639,1.5089751482009888,1.577498435974121,0.06852328777313232,1.5089751482009888,128,1,4,299776
1,block3_h72_seed14,"3-block, H=72",3657,small_full_seed1,Small,0.2010189189360956,4,backward,1.0,1.0,1.0,0.8493589758872986,1.0239803791046143,1.0642846822738647,0.04030430316925049,1.0239803791046143,128,1,4,299776
1,block3_h72_seed14,"3-block, H=72",3660,small_full_seed1,Small,0.2010189189360956,1,right,1.0,1.0,1.0,0.9327374696731567,1.600573182106018,1.66311514377594,0.06254196166992188,1.600573182106018,128,1,4,299776
1,block3_h72_seed14,"3-block, H=72",3661,small_full_seed1,Small,0.2010189189360956,2,left,1.0,1.0,1.0,0.9696812629699707,1.8774770498275757,1.9543694257736206,0.07689237594604492,1.8774770498275757,128,1,4,299776
1,block3_h72_seed14,"3-block, H=72",3662,small_full_seed1,Small,0.2010189189360956,1,right,1.0,1.0,1.0,0.9770597219467163,1.508368968963623,1.5851387977600098,0.07676982879638672,1.508368968963623,128,1,4,299776
1,block3_h72_seed14,"3-block, H=72",3665,small_full_seed1,Small,0.2010189189360956,2,left,0.0,0.0,0.0,0.5385987758636475,1.0438528060913086,1.0676639080047607,0.02381110191345215,1.0676639080047607,128,1,4,299776
1,block3_h72_seed14,"3-block, H=72",3666,small_full_seed1,Small,0.2010189189360956,3,forward,1.0,1.0,1.0,0.9866885542869568,1.6550754308700562,1.7537031173706055,0.09862768650054932,1.6550754308700562,128,1,4,299776
1,block3_h72_seed14,"3-block, H=72",3667,small_full_seed1,Small,0.2010189189360956,3,forward,1.0,1.0,1.0,0.9994394183158875,1.954358696937561,2.1073219776153564,0.1529632806777954,1.954358696937561,128,1,4,299776
1,block3_h72_seed14,"3-block, H=72",3670,small_full_seed1,Small,0.2010189189360956,2,left,1.0,1.0,1.0,0.9999686479568481,1.0507057905197144,1.2738524675369263,0.22314667701721191,1.0507057905197144,128,1,4,299776
1,block3_h72_seed14,"3-block, H=72",3671,small_full_seed1,Small,0.2010189189360956,1,right,1.0,1.0,1.0,0.9351757764816284,1.6404937505722046,1.7050437927246094,0.06455004215240479,1.6404937505722046,128,1,4,299776
1,block3_h72_seed14,"3-block, H=72",3674,small_full_seed1,Small,0.2010189189360956,1,right,1.0,1.0,1.0,0.9910390973091125,1.7427703142166138,1.8405777215957642,0.09780740737915039,1.7427703142166138,128,1,4,299776
1,block3_h72_seed14,"3-block, H=72",3675,small_full_seed1,Small,0.2010189189360956,3,forward,1.0,1.0,1.0,0.9999639987945557,1.6091985702514648,1.8183813095092773,0.2091827392578125,1.6091985702514648,128,1,4,299776
1,block3_h72_seed14,"3-block, H=72",3676,small_full_seed1,Small,0.2010189189360956,1,right,0.0,0.0,0.0,0.5560445189476013,1.9743996858596802,1.9793901443481445,0.0049904584884643555,1.9793901443481445,128,1,4,299776
1,block3_h72_seed14,"3-block, H=72",3677,small_full_seed1,Small,0.2010189189360956,2,left,0.0,0.0,0.0,0.6703829765319824,1.4826740026474,1.5009307861328125,0.018256783485412598,1.5009307861328125,128,1,4,299776
1,block3_h72_seed14,"3-block, H=72",3678,small_full_seed1,Small,0.2010189189360956,4,backward,1.0,1.0,1.0,0.9796150326728821,0.8725544810295105,0.9552472233772278,0.08269274234771729,0.8725544810295105,128,1,4,299776
1,block3_h72_seed14,"3-block, H=72",3679,small_full_seed1,Small,0.2010189189360956,2,left,1.0,1.0,1.0,0.7368802428245544,1.590087890625,1.6221784353256226,0.03209054470062256,1.590087890625,128,1,4,299776
1,block3_h72_seed14,"3-block, H=72",3680,small_full_seed1,Small,0.2010189189360956,2,left,1.0,1.0,1.0,0.7444125413894653,2.038681983947754,2.06878399848938,0.030102014541625977,2.038681983947754,128,1,4,299776
1,block3_h72_seed14,"3-block, H=72",3681,small_full_seed1,Small,0.2010189189360956,2,left,1.0,1.0,1.0,0.9996315240859985,1.0073456764221191,1.1783405542373657,0.17099487781524658,1.0073456764221191,128,1,4,299776
1,block3_h72_seed14,"3-block, H=72",3682,small_full_seed1,Small,0.2010189189360956,2,left,1.0,1.0,1.0,0.9344845414161682,1.8181915283203125,1.8864463567733765,0.06825482845306396,1.8181915283203125,128,1,4,299776
1,block3_h72_seed14,"3-block, H=72",3683,small_full_seed1,Small,0.2010189189360956,4,backward,0.0,0.0,0.0,0.9417990446090698,1.017935872077942,1.0900635719299316,0.07212769985198975,1.119889497756958,128,1,4,299776
1,block3_h72_seed14,"3-block, H=72",3684,small_full_seed1,Small,0.2010189189360956,1,right,1.0,1.0,1.0,0.9994080066680908,1.004392385482788,1.1563730239868164,0.15198063850402832,1.004392385482788,128,1,4,299776
1,block3_h72_seed14,"3-block, H=72",3685,small_full_seed1,Small,0.2010189189360956,4,backward,1.0,1.0,1.0,0.9999991655349731,1.0684499740600586,1.3577661514282227,0.28931617736816406,1.0684499740600586,128,1,4,299776
1,block3_h72_seed14,"3-block, H=72",3686,small_full_seed1,Small,0.2010189189360956,3,forward,1.0,1.0,1.0,0.9901159405708313,1.4526910781860352,1.545156478881836,0.09246540069580078,1.4526910781860352,128,1,4,299776
1,block3_h72_seed14,"3-block, H=72",3689,small_full_seed1,Small,0.2010189189360956,4,backward,1.0,1.0,1.0,0.9999045133590698,1.1213299036026,1.3107231855392456,0.1893932819366455,1.1213299036026,128,1,4,299776
1,block3_h72_seed14,"3-block, H=72",3690,small_full_seed1,Small,0.2010189189360956,1,right,1.0,1.0,1.0,0.9999022483825684,1.7781305313110352,1.976517677307129,0.19838714599609375,1.7781305313110352,128,1,4,299776
1,block3_h72_seed14,"3-block, H=72",3691,small_full_seed1,Small,0.2010189189360956,2,left,1.0,1.0,1.0,0.9552213549613953,1.45843505859375,1.520254135131836,0.06181907653808594,1.45843505859375,128,1,4,299776
1,block3_h72_seed14,"3-block, H=72",3692,small_full_seed1,Small,0.2010189189360956,3,forward,1.0,1.0,1.0,0.999984860420227,0.9358527660369873,1.174354910850525,0.2385021448135376,0.9358527660369873,128,1,4,299776
1,block3_h72_seed14,"3-block, H=72",3693,small_full_seed1,Small,0.2010189189360956,4,backward,1.0,1.0,1.0,0.8012093901634216,0.8994638323783875,0.928588330745697,0.02912449836730957,0.8994638323783875,128,1,4,299776
1,block3_h72_seed14,"3-block, H=72",3694,small_full_seed1,Small,0.2010189189360956,1,right,1.0,1.0,1.0,0.8964014649391174,1.065996527671814,1.111780047416687,0.04578351974487305,1.065996527671814,128,1,4,299776
1,block3_h72_seed14,"3-block, H=72",3695,small_full_seed1,Small,0.2010189189360956,2,left,1.0,1.0,1.0,0.9997766613960266,1.0073456764221191,1.1783405542373657,0.17099487781524658,1.0073456764221191,128,1,4,299776
1,block3_h72_seed14,"3-block, H=72",3696,small_full_seed1,Small,0.2010189189360956,1,right,1.0,1.0,1.0,0.5158560276031494,1.4445167779922485,1.4508968591690063,0.0063800811767578125,1.4445167779922485,128,1,4,299776
1,block3_h72_seed14,"3-block, H=72",3697,small_full_seed1,Small,0.2010189189360956,2,left,1.0,1.0,1.0,0.41861969232559204,1.2313917875289917,1.23469078540802,0.0032989978790283203,1.2313917875289917,128,1,4,299776
1,block3_h72_seed14,"3-block, H=72",3698,small_full_seed1,Small,0.2010189189360956,1,right,1.0,1.0,1.0,0.999976396560669,1.0747848749160767,1.3012348413467407,0.22644996643066406,1.0747848749160767,128,1,4,299776
1,block3_h72_seed14,"3-block, H=72",3699,small_full_seed1,Small,0.2010189189360956,4,backward,1.0,1.0,1.0,0.5124220252037048,1.4357048273086548,1.4431511163711548,0.0074462890625,1.4357048273086548,128,1,4,299776
1,block3_h72_seed14,"3-block, H=72",3700,small_full_seed1,Small,0.2010189189360956,4,backward,1.0,1.0,1.0,0.9940954446792603,1.1548434495925903,1.2591267824172974,0.10428333282470703,1.1548434495925903,128,1,4,299776
1,block3_h72_seed14,"3-block, H=72",3701,small_full_seed1,Small,0.2010189189360956,4,backward,1.0,1.0,1.0,0.5833853483200073,1.1001384258270264,1.107255458831787,0.007117033004760742,1.1001384258270264,128,1,4,299776
1,block3_h72_seed14,"3-block, H=72",3703,small_full_seed1,Small,0.2010189189360956,1,right,1.0,1.0,1.0,0.6594967842102051,1.4961514472961426,1.523851990699768,0.02770054340362549,1.4961514472961426,128,1,4,299776
1,block3_h72_seed14,"3-block, H=72",3704,small_full_seed1,Small,0.2010189189360956,4,backward,1.0,1.0,1.0,0.8740329146385193,1.8465160131454468,1.8852624893188477,0.03874647617340088,1.8465160131454468,128,1,4,299776
1,block3_h72_seed14,"3-block, H=72",3705,small_full_seed1,Small,0.2010189189360956,1,right,1.0,1.0,1.0,0.9997044205665588,1.0169706344604492,1.1909457445144653,0.1739751100540161,1.0169706344604492,128,1,4,299776
1,block3_h72_seed14,"3-block, H=72",3706,small_full_seed1,Small,0.2010189189360956,1,right,1.0,1.0,1.0,0.9998188614845276,0.9335381388664246,1.1110353469848633,0.17749720811843872,0.9335381388664246,128,1,4,299776
1,block3_h72_seed14,"3-block, H=72",3707,small_full_seed1,Small,0.2010189189360956,4,backward,1.0,1.0,1.0,0.6761708855628967,1.320308804512024,1.3370386362075806,0.01672983169555664,1.320308804512024,128,1,4,299776
1,block3_h72_seed14,"3-block, H=72",3708,small_full_seed1,Small,0.2010189189360956,3,forward,1.0,1.0,1.0,0.9998453855514526,1.0030275583267212,1.1929329633712769,0.18990540504455566,1.0030275583267212,128,1,4,299776
1,block3_h72_seed14,"3-block, H=72",3709,small_full_seed1,Small,0.2010189189360956,2,left,1.0,1.0,1.0,0.9699432849884033,1.8454736471176147,1.9170135259628296,0.07153987884521484,1.8454736471176147,128,1,4,299776
1,block3_h72_seed14,"3-block, H=72",3710,small_full_seed1,Small,0.2010189189360956,3,forward,1.0,1.0,1.0,0.5136078000068665,1.2430706024169922,1.260500192642212,0.017429590225219727,1.2430706024169922,128,1,4,299776
1,block3_h72_seed14,"3-block, H=72",3712,small_full_seed1,Small,0.2010189189360956,2,left,1.0,1.0,1.0,0.8390329480171204,1.4266834259033203,1.4727798700332642,0.04609644412994385,1.4266834259033203,128,1,4,299776
1,block3_h72_seed14,"3-block, H=72",3713,small_full_seed1,Small,0.2010189189360956,4,backward,1.0,1.0,1.0,0.9780327081680298,1.3708744049072266,1.448489785194397,0.07761538028717041,1.3708744049072266,128,1,4,299776
1,block3_h72_seed14,"3-block, H=72",3716,small_full_seed1,Small,0.2010189189360956,3,forward,1.0,1.0,1.0,0.9942745566368103,1.9609054327011108,2.0643434524536133,0.10343801975250244,1.9609054327011108,128,1,4,299776
1,block3_h72_seed14,"3-block, H=72",3717,small_full_seed1,Small,0.2010189189360956,1,right,1.0,1.0,1.0,0.9998156428337097,1.1974996328353882,1.3874317407608032,0.18993210792541504,1.1974996328353882,128,1,4,299776
1,block3_h72_seed14,"3-block, H=72",3718,small_full_seed1,Small,0.2010189189360956,4,backward,1.0,1.0,1.0,0.69527667760849,1.0333309173583984,1.0624667406082153,0.029135823249816895,1.0333309173583984,128,1,4,299776
1,block3_h72_seed14,"3-block, H=72",3719,small_full_seed1,Small,0.2010189189360956,3,forward,1.0,1.0,1.0,0.9283919334411621,1.4361062049865723,1.4945069551467896,0.058400750160217285,1.4361062049865723,128,1,4,299776
1,block3_h72_seed14,"3-block, H=72",3720,small_full_seed1,Small,0.2010189189360956,2,left,0.0,0.0,0.0,0.7265995740890503,1.006712794303894,1.0302695035934448,0.02355670928955078,1.0628186464309692,128,1,4,299776
1,block3_h72_seed14,"3-block, H=72",3721,small_full_seed1,Small,0.2010189189360956,1,right,1.0,1.0,1.0,0.9845444560050964,1.282270073890686,1.3740333318710327,0.09176325798034668,1.282270073890686,128,1,4,299776
1,block3_h72_seed14,"3-block, H=72",3722,small_full_seed1,Small,0.2010189189360956,3,forward,1.0,1.0,1.0,0.9998155236244202,1.4041500091552734,1.5792242288589478,0.17507421970367432,1.4041500091552734,128,1,4,299776
1,block3_h72_seed14,"3-block, H=72",3724,small_full_seed1,Small,0.2010189189360956,4,backward,0.0,0.0,0.0,0.7011474967002869,1.3633173704147339,1.3811821937561035,0.01786482334136963,1.3811821937561035,128,1,4,299776
1,block3_h72_seed14,"3-block, H=72",3726,small_full_seed1,Small,0.2010189189360956,1,right,1.0,1.0,1.0,0.9959778189659119,1.508368968963623,1.6292916536331177,0.12092268466949463,1.508368968963623,128,1,4,299776
1,block3_h72_seed14,"3-block, H=72",3727,small_full_seed1,Small,0.2010189189360956,2,left,0.0,0.0,0.0,0.3812083601951599,1.3176560401916504,1.3280795812606812,0.010423541069030762,1.3280795812606812,128,1,4,299776
1,block3_h72_seed14,"3-block, H=72",3728,small_full_seed1,Small,0.2010189189360956,4,backward,1.0,1.0,1.0,0.9816893339157104,1.0388034582138062,1.1268919706344604,0.0880885124206543,1.0388034582138062,128,1,4,299776
1,block3_h72_seed14,"3-block, H=72",3729,small_full_seed1,Small,0.2010189189360956,1,right,1.0,1.0,1.0,0.9999775886535645,1.0983339548110962,1.3288835287094116,0.23054957389831543,1.0983339548110962,128,1,4,299776
1,block3_h72_seed14,"3-block, H=72",3730,small_full_seed1,Small,0.2010189189360956,3,forward,1.0,1.0,1.0,0.8182048201560974,0.9195869565010071,0.962597131729126,0.043010175228118896,0.9195869565010071,128,1,4,299776
1,block3_h72_seed14,"3-block, H=72",3731,small_full_seed1,Small,0.2010189189360956,3,forward,1.0,1.0,1.0,0.9569408893585205,1.917467474937439,1.9850894212722778,0.06762194633483887,1.917467474937439,128,1,4,299776
1,block3_h72_seed14,"3-block, H=72",3732,small_full_seed1,Small,0.2010189189360956,4,backward,1.0,1.0,1.0,0.9985015392303467,1.3402410745620728,1.4766794443130493,0.13643836975097656,1.3402410745620728,128,1,4,299776
1,block3_h72_seed14,"3-block, H=72",3733,small_full_seed1,Small,0.2010189189360956,2,left,0.0,0.0,0.0,0.532701849937439,1.1815205812454224,1.1868078708648682,0.005287289619445801,1.2311596870422363,128,1,4,299776
1,block3_h72_seed14,"3-block, H=72",3734,small_full_seed1,Small,0.2010189189360956,2,left,0.0,0.0,0.0,0.5169377326965332,1.243058681488037,1.2466098070144653,0.0035511255264282227,1.2466098070144653,128,1,4,299776
1,block3_h72_seed14,"3-block, H=72",3735,small_full_seed1,Small,0.2010189189360956,3,forward,1.0,1.0,1.0,0.9983798265457153,0.8347787857055664,0.97775799036026,0.1429792046546936,0.8347787857055664,128,1,4,299776
1,block3_h72_seed14,"3-block, H=72",3736,small_full_seed1,Small,0.2010189189360956,1,right,1.0,1.0,1.0,0.9544937014579773,1.474332332611084,1.5352672338485718,0.06093490123748779,1.474332332611084,128,1,4,299776
1,block3_h72_seed14,"3-block, H=72",3737,small_full_seed1,Small,0.2010189189360956,1,right,1.0,1.0,1.0,0.8210716247558594,1.2808436155319214,1.3298496007919312,0.049005985260009766,1.2808436155319214,128,1,4,299776
1,block3_h72_seed14,"3-block, H=72",3738,small_full_seed1,Small,0.2010189189360956,3,forward,1.0,1.0,1.0,0.7566196322441101,1.715765118598938,1.7407697439193726,0.02500462532043457,1.715765118598938,128,1,4,299776
1,block3_h72_seed14,"3-block, H=72",3739,small_full_seed1,Small,0.2010189189360956,3,forward,1.0,1.0,1.0,0.9894348978996277,1.6146926879882812,1.7168540954589844,0.10216140747070312,1.6146926879882812,128,1,4,299776
1,block3_h72_seed14,"3-block, H=72",3741,small_full_seed1,Small,0.2010189189360956,2,left,1.0,1.0,1.0,0.9473896622657776,1.3661044836044312,1.4288997650146484,0.06279528141021729,1.3661044836044312,128,1,4,299776
1,block3_h72_seed14,"3-block, H=72",3743,small_full_seed1,Small,0.2010189189360956,4,backward,1.0,1.0,1.0,0.9904848337173462,1.3584041595458984,1.455931544303894,0.0975273847579956,1.3584041595458984,128,1,4,299776
1,block3_h72_seed14,"3-block, H=72",3744,small_full_seed1,Small,0.2010189189360956,2,left,0.0,0.0,0.0,0.6405364274978638,1.575787901878357,1.5934151411056519,0.017627239227294922,1.5934151411056519,128,1,4,299776
1,block3_h72_seed14,"3-block, H=72",3746,small_full_seed1,Small,0.2010189189360956,1,right,1.0,1.0,1.0,0.9767370223999023,1.077852725982666,1.1719715595245361,0.09411883354187012,1.077852725982666,128,1,4,299776
1,block3_h72_seed14,"3-block, H=72",3749,small_full_seed1,Small,0.2010189189360956,2,left,1.0,1.0,1.0,0.967311680316925,1.8454736471176147,1.9170135259628296,0.07153987884521484,1.8454736471176147,128,1,4,299776
1,block3_h72_seed14,"3-block, H=72",3750,small_full_seed1,Small,0.2010189189360956,3,forward,1.0,1.0,1.0,0.9873005747795105,1.828944206237793,1.9174398183822632,0.08849561214447021,1.828944206237793,128,1,4,299776
1,block3_h72_seed14,"3-block, H=72",3751,small_full_seed1,Small,0.2010189189360956,4,backward,1.0,1.0,1.0,0.977452278137207,1.2307900190353394,1.3209271430969238,0.09013712406158447,1.2307900190353394,128,1,4,299776
1,block3_h72_seed14,"3-block, H=72",3753,small_full_seed1,Small,0.2010189189360956,1,right,1.0,1.0,1.0,0.9724857807159424,1.497301459312439,1.5784565210342407,0.08115506172180176,1.497301459312439,128,1,4,299776
1,block3_h72_seed14,"3-block, H=72",3756,small_full_seed1,Small,0.2010189189360956,4,backward,1.0,1.0,1.0,0.9937524199485779,1.5133438110351562,1.6193183660507202,0.10597455501556396,1.5133438110351562,128,1,4,299776
1,block3_h72_seed14,"3-block, H=72",3757,small_full_seed1,Small,0.2010189189360956,1,right,1.0,1.0,1.0,0.9988574981689453,1.0028022527694702,1.1497875452041626,0.14698529243469238,1.0028022527694702,128,1,4,299776
1,block3_h72_seed14,"3-block, H=72",3758,small_full_seed1,Small,0.2010189189360956,3,forward,1.0,1.0,1.0,0.9790792465209961,1.2915045022964478,1.372012734413147,0.08050823211669922,1.2915045022964478,128,1,4,299776
1,block3_h72_seed14,"3-block, H=72",3759,small_full_seed1,Small,0.2010189189360956,1,right,0.0,0.0,0.0,0.965654194355011,1.1825299263000488,1.262164831161499,0.0796349048614502,1.262164831161499,128,1,4,299776
1,block3_h72_seed14,"3-block, H=72",3760,small_full_seed1,Small,0.2010189189360956,1,right,1.0,1.0,1.0,0.9850012063980103,1.2355756759643555,1.3325819969177246,0.09700632095336914,1.2355756759643555,128,1,4,299776
1,block3_h72_seed14,"3-block, H=72",3761,small_full_seed1,Small,0.2010189189360956,1,right,1.0,1.0,1.0,0.9976589679718018,0.9962107539176941,1.1206555366516113,0.12444478273391724,0.9962107539176941,128,1,4,299776
1,block3_h72_seed14,"3-block, H=72",3762,small_full_seed1,Small,0.2010189189360956,1,right,1.0,1.0,1.0,0.9063066840171814,1.700291633605957,1.7555822134017944,0.0552905797958374,1.700291633605957,128,1,4,299776
1,block3_h72_seed14,"3-block, H=72",3763,small_full_seed1,Small,0.2010189189360956,3,forward,1.0,1.0,1.0,0.9467323422431946,1.5744881629943848,1.6371256113052368,0.06263744831085205,1.5744881629943848,128,1,4,299776
1,block3_h72_seed14,"3-block, H=72",3765,small_full_seed1,Small,0.2010189189360956,4,backward,1.0,1.0,1.0,0.9999196529388428,1.0497032403945923,1.2437862157821655,0.19408297538757324,1.0497032403945923,128,1,4,299776
1,block3_h72_seed14,"3-block, H=72",3768,small_full_seed1,Small,0.2010189189360956,4,backward,0.0,0.0,0.0,0.6651064157485962,1.0143431425094604,1.0383528470993042,0.02400970458984375,1.0476250648498535,128,1,4,299776
1,block3_h72_seed14,"3-block, H=72",3769,small_full_seed1,Small,0.2010189189360956,4,backward,1.0,1.0,1.0,0.7339227795600891,1.2067829370498657,1.2424321174621582,0.03564918041229248,1.2067829370498657,128,1,4,299776
1,block3_h72_seed14,"3-block, H=72",3770,small_full_seed1,Small,0.2010189189360956,2,left,0.0,0.0,0.0,0.5764000415802002,1.1212877035140991,1.1276205778121948,0.006332874298095703,1.2266048192977905,128,1,4,299776
1,block3_h72_seed14,"3-block, H=72",3771,small_full_seed1,Small,0.2010189189360956,3,forward,0.0,0.0,0.0,0.8033530116081238,1.6548371315002441,1.692387580871582,0.03755044937133789,1.692387580871582,128,1,4,299776
1,block3_h72_seed14,"3-block, H=72",3772,small_full_seed1,Small,0.2010189189360956,2,left,0.0,0.0,0.0,0.533477783203125,0.9333871006965637,0.9361136555671692,0.0027265548706054688,1.0637187957763672,128,1,4,299776
1,block3_h72_seed14,"3-block, H=72",3773,small_full_seed1,Small,0.2010189189360956,4,backward,1.0,1.0,1.0,0.5714980959892273,1.1308929920196533,1.1505240201950073,0.019631028175354004,1.1308929920196533,128,1,4,299776
1,block3_h72_seed14,"3-block, H=72",3774,small_full_seed1,Small,0.2010189189360956,2,left,1.0,1.0,1.0,0.7475640773773193,1.569337248802185,1.6015888452529907,0.032251596450805664,1.569337248802185,128,1,4,299776
1,block3_h72_seed14,"3-block, H=72",3775,small_full_seed1,Small,0.2010189189360956,3,forward,1.0,1.0,1.0,0.9965963959693909,1.1231071949005127,1.2606309652328491,0.13752377033233643,1.1231071949005127,128,1,4,299776
1,block3_h72_seed14,"3-block, H=72",3776,small_full_seed1,Small,0.2010189189360956,1,right,1.0,1.0,1.0,0.9816649556159973,1.2424960136413574,1.3263574838638306,0.08386147022247314,1.2424960136413574,128,1,4,299776
1,block3_h72_seed14,"3-block, H=72",3777,small_full_seed1,Small,0.2010189189360956,1,right,1.0,1.0,1.0,0.9831984639167786,1.6573282480239868,1.7545651197433472,0.09723687171936035,1.6573282480239868,128,1,4,299776
1,block3_h72_seed14,"3-block, H=72",3778,small_full_seed1,Small,0.2010189189360956,4,backward,1.0,1.0,1.0,0.5731580257415771,1.3828262090682983,1.4023689031600952,0.019542694091796875,1.3828262090682983,128,1,4,299776
1,block3_h72_seed14,"3-block, H=72",3779,small_full_seed1,Small,0.2010189189360956,1,right,1.0,1.0,1.0,0.8973954916000366,1.510705590248108,1.5622562170028687,0.05155062675476074,1.510705590248108,128,1,4,299776
1,block3_h72_seed14,"3-block, H=72",3780,small_full_seed1,Small,0.2010189189360956,2,left,1.0,1.0,1.0,0.9585323929786682,1.432621955871582,1.504940390586853,0.072318434715271,1.432621955871582,128,1,4,299776
1,block3_h72_seed14,"3-block, H=72",3781,small_full_seed1,Small,0.2010189189360956,1,right,1.0,1.0,1.0,0.47595295310020447,1.4093079566955566,1.4121671915054321,0.0028592348098754883,1.4093079566955566,128,1,4,299776
1,block3_h72_seed14,"3-block, H=72",3782,small_full_seed1,Small,0.2010189189360956,3,forward,1.0,1.0,1.0,0.9851036667823792,1.5920051336288452,1.6870399713516235,0.09503483772277832,1.5920051336288452,128,1,4,299776
1,block3_h72_seed14,"3-block, H=72",3783,small_full_seed1,Small,0.2010189189360956,2,left,0.0,0.0,0.0,0.9733894467353821,1.0831074714660645,1.1555622816085815,0.07245481014251709,1.1555622816085815,128,1,4,299776
1,block3_h72_seed14,"3-block, H=72",3786,small_full_seed1,Small,0.2010189189360956,2,left,1.0,1.0,1.0,0.9999346733093262,0.9645928740501404,1.1661125421524048,0.2015196681022644,0.9645928740501404,128,1,4,299776
1,block3_h72_seed14,"3-block, H=72",3788,small_full_seed1,Small,0.2010189189360956,2,left,1.0,1.0,1.0,0.9813422560691833,1.6658439636230469,1.7497698068618774,0.08392584323883057,1.6658439636230469,128,1,4,299776
1,block3_h72_seed14,"3-block, H=72",3789,small_full_seed1,Small,0.2010189189360956,4,backward,1.0,1.0,1.0,0.9999432563781738,0.938539981842041,1.15339195728302,0.214851975440979,0.938539981842041,128,1,4,299776
1,block3_h72_seed14,"3-block, H=72",3790,small_full_seed1,Small,0.2010189189360956,2,left,1.0,1.0,1.0,0.9392707347869873,1.349523901939392,1.4082965850830078,0.05877268314361572,1.349523901939392,128,1,4,299776
1,block3_h72_seed14,"3-block, H=72",3791,small_full_seed1,Small,0.2010189189360956,3,forward,1.0,1.0,1.0,0.9983298182487488,1.9978097677230835,2.1267149448394775,0.12890517711639404,1.9978097677230835,128,1,4,299776
1,block3_h72_seed14,"3-block, H=72",3793,small_full_seed1,Small,0.2010189189360956,1,right,1.0,1.0,1.0,0.9856091141700745,1.2459763288497925,1.3314083814620972,0.08543205261230469,1.2459763288497925,128,1,4,299776
1,block3_h72_seed14,"3-block, H=72",3794,small_full_seed1,Small,0.2010189189360956,3,forward,1.0,1.0,1.0,0.9974398612976074,0.8788830637931824,1.0112872123718262,0.1324041485786438,0.8788830637931824,128,1,4,299776
1,block3_h72_seed14,"3-block, H=72",3796,small_full_seed1,Small,0.2010189189360956,2,left,0.0,0.0,0.0,0.8727744817733765,1.5503841638565063,1.5957139730453491,0.04532980918884277,1.5957139730453491,128,1,4,299776
1,block3_h72_seed14,"3-block, H=72",3797,small_full_seed1,Small,0.2010189189360956,4,backward,1.0,1.0,1.0,0.9999994039535522,0.9297125339508057,1.2186169624328613,0.28890442848205566,0.9297125339508057,128,1,4,299776
1,block3_h72_seed14,"3-block, H=72",3798,small_full_seed1,Small,0.2010189189360956,2,left,1.0,1.0,1.0,0.8551040887832642,1.2466098070144653,1.2917898893356323,0.04518008232116699,1.2466098070144653,128,1,4,299776
1,block3_h72_seed14,"3-block, H=72",3799,small_full_seed1,Small,0.2010189189360956,2,left,1.0,1.0,1.0,0.9981983304023743,1.6319847106933594,1.7593282461166382,0.1273435354232788,1.6319847106933594,128,1,4,299776
1,block3_h72_seed14,"3-block, H=72",3800,small_full_seed1,Small,0.2010189189360956,4,backward,1.0,1.0,1.0,0.9999510049819946,1.1163755655288696,1.3202924728393555,0.20391690731048584,1.1163755655288696,128,1,4,299776
1,block3_h72_seed14,"3-block, H=72",3801,small_full_seed1,Small,0.2010189189360956,2,left,1.0,1.0,1.0,0.9999547004699707,0.8975673317909241,1.1114758253097534,0.21390849351882935,0.8975673317909241,128,1,4,299776
1,block3_h72_seed14,"3-block, H=72",3802,small_full_seed1,Small,0.2010189189360956,2,left,0.0,0.0,0.0,0.9871377944946289,0.8515467643737793,0.9409336447715759,0.08938688039779663,0.9831262230873108,128,1,4,299776
1,block3_h72_seed14,"3-block, H=72",3804,small_full_seed1,Small,0.2010189189360956,4,backward,1.0,1.0,1.0,0.9919482469558716,1.3053001165390015,1.4147697687149048,0.10946965217590332,1.3053001165390015,128,1,4,299776
1,block3_h72_seed14,"3-block, H=72",3805,small_full_seed1,Small,0.2010189189360956,1,right,1.0,1.0,1.0,0.7618883848190308,1.6563844680786133,1.6817008256912231,0.025316357612609863,1.6563844680786133,128,1,4,299776
1,block3_h72_seed14,"3-block, H=72",3806,small_full_seed1,Small,0.2010189189360956,1,right,1.0,1.0,1.0,0.9976296424865723,1.0727111101150513,1.204574704170227,0.13186359405517578,1.0727111101150513,128,1,4,299776
1,block3_h72_seed14,"3-block, H=72",3807,small_full_seed1,Small,0.2010189189360956,4,backward,1.0,1.0,1.0,0.996119499206543,1.6661863327026367,1.778419852256775,0.11223351955413818,1.6661863327026367,128,1,4,299776
1,block3_h72_seed14,"3-block, H=72",3808,small_full_seed1,Small,0.2010189189360956,2,left,1.0,1.0,1.0,0.9904877543449402,2.46254563331604,2.5555765628814697,0.09303092956542969,2.46254563331604,128,1,4,299776
1,block3_h72_seed14,"3-block, H=72",3809,small_full_seed1,Small,0.2010189189360956,1,right,1.0,1.0,1.0,0.9565519094467163,1.7238985300064087,1.79595947265625,0.07206094264984131,1.7238985300064087,128,1,4,299776
1,block3_h72_seed14,"3-block, H=72",3810,small_full_seed1,Small,0.2010189189360956,4,backward,1.0,1.0,1.0,0.8307018280029297,1.4199118614196777,1.456464409828186,0.0365525484085083,1.4199118614196777,128,1,4,299776
1,block3_h72_seed14,"3-block, H=72",3811,small_full_seed1,Small,0.2010189189360956,3,forward,1.0,1.0,1.0,0.9957200884819031,1.543155550956726,1.664149284362793,0.1209937334060669,1.543155550956726,128,1,4,299776
1,block3_h72_seed14,"3-block, H=72",3813,small_full_seed1,Small,0.2010189189360956,3,forward,1.0,1.0,1.0,0.929491400718689,1.4361062049865723,1.4945069551467896,0.058400750160217285,1.4361062049865723,128,1,4,299776
1,block3_h72_seed14,"3-block, H=72",3815,small_full_seed1,Small,0.2010189189360956,3,forward,1.0,1.0,1.0,0.9790493249893188,1.4765644073486328,1.5690008401870728,0.09243643283843994,1.4765644073486328,128,1,4,299776
1,block3_h72_seed14,"3-block, H=72",3816,small_full_seed1,Small,0.2010189189360956,4,backward,1.0,1.0,1.0,0.8436303734779358,1.1001384258270264,1.1353671550750732,0.035228729248046875,1.1001384258270264,128,1,4,299776
1,block3_h72_seed14,"3-block, H=72",3817,small_full_seed1,Small,0.2010189189360956,3,forward,1.0,1.0,1.0,0.9721593260765076,1.666521668434143,1.7428569793701172,0.07633531093597412,1.666521668434143,128,1,4,299776
1,block3_h72_seed14,"3-block, H=72",3818,small_full_seed1,Small,0.2010189189360956,2,left,1.0,1.0,1.0,0.8200950622558594,1.4422922134399414,1.474216341972351,0.03192412853240967,1.4422922134399414,128,1,4,299776
1,block3_h72_seed14,"3-block, H=72",3819,small_full_seed1,Small,0.2010189189360956,4,backward,1.0,1.0,1.0,0.996549129486084,1.4435135126113892,1.5721107721328735,0.12859725952148438,1.4435135126113892,128,1,4,299776
1,block3_h72_seed14,"3-block, H=72",3820,small_full_seed1,Small,0.2010189189360956,3,forward,1.0,1.0,1.0,0.9999957084655762,0.9914760589599609,1.247392177581787,0.25591611862182617,0.9914760589599609,128,1,4,299776
1,block3_h72_seed14,"3-block, H=72",3821,small_full_seed1,Small,0.2010189189360956,1,right,1.0,1.0,1.0,0.9728007912635803,1.077852725982666,1.1595638990402222,0.08171117305755615,1.077852725982666,128,1,4,299776
1,block3_h72_seed14,"3-block, H=72",3822,small_full_seed1,Small,0.2010189189360956,2,left,0.0,0.0,0.0,0.8110851645469666,1.134346604347229,1.1751134395599365,0.04076683521270752,1.1980801820755005,128,1,4,299776
1,block3_h72_seed14,"3-block, H=72",3823,small_full_seed1,Small,0.2010189189360956,1,right,0.0,0.0,0.0,0.6944394111633301,1.9624830484390259,1.9793901443481445,0.016907095909118652,1.9793901443481445,128,1,4,299776
1,block3_h72_seed14,"3-block, H=72",3824,small_full_seed1,Small,0.2010189189360956,3,forward,1.0,1.0,1.0,0.9357836842536926,0.7366275787353516,0.7979138493537903,0.06128627061843872,0.7366275787353516,128,1,4,299776
1,block3_h72_seed14,"3-block, H=72",3825,small_full_seed1,Small,0.2010189189360956,1,right,1.0,1.0,1.0,0.9932090640068054,1.840926170349121,1.9424206018447876,0.1014944314956665,1.840926170349121,128,1,4,299776
1,block3_h72_seed14,"3-block, H=72",3826,small_full_seed1,Small,0.2010189189360956,3,forward,1.0,1.0,1.0,0.929491400718689,1.4361062049865723,1.4945069551467896,0.058400750160217285,1.4361062049865723,128,1,4,299776
1,block3_h72_seed14,"3-block, H=72",3828,small_full_seed1,Small,0.2010189189360956,4,backward,0.0,0.0,0.0,0.7011451721191406,1.1576433181762695,1.1753779649734497,0.017734646797180176,1.1753779649734497,128,1,4,299776
1,block3_h72_seed14,"3-block, H=72",3829,small_full_seed1,Small,0.2010189189360956,3,forward,1.0,1.0,1.0,0.9362091422080994,0.8515064120292664,0.9076892733573914,0.056182861328125,0.8515064120292664,128,1,4,299776
1,block3_h72_seed14,"3-block, H=72",3830,small_full_seed1,Small,0.2010189189360956,2,left,1.0,1.0,1.0,0.9970754384994507,1.0092359781265259,1.1298576593399048,0.1206216812133789,1.0092359781265259,128,1,4,299776
1,block3_h72_seed14,"3-block, H=72",3831,small_full_seed1,Small,0.2010189189360956,4,backward,1.0,1.0,1.0,0.9999971389770508,1.118792176246643,1.3932929039001465,0.2745007276535034,1.118792176246643,128,1,4,299776
1,block3_h72_seed14,"3-block, H=72",3832,small_full_seed1,Small,0.2010189189360956,2,left,1.0,1.0,1.0,0.6785046458244324,1.072927474975586,1.1052404642105103,0.032312989234924316,1.072927474975586,128,1,4,299776
1,block3_h72_seed14,"3-block, H=72",3833,small_full_seed1,Small,0.2010189189360956,2,left,0.0,0.0,0.0,0.9515960216522217,0.7891600728034973,0.8510013222694397,0.06184124946594238,0.8510013222694397,128,1,4,299776
1,block3_h72_seed14,"3-block, H=72",3835,small_full_seed1,Small,0.2010189189360956,3,forward,1.0,1.0,1.0,0.9947116374969482,1.684740662574768,1.7903674840927124,0.10562682151794434,1.684740662574768,128,1,4,299776
1,block3_h72_seed14,"3-block, H=72",3836,small_full_seed1,Small,0.2010189189360956,1,right,1.0,1.0,1.0,0.9999144077301025,1.0747848749160767,1.2641417980194092,0.18935692310333252,1.0747848749160767,128,1,4,299776
1,block3_h72_seed14,"3-block, H=72",3838,small_full_seed1,Small,0.2010189189360956,3,forward,1.0,1.0,1.0,0.9796591997146606,1.5749489068984985,1.6630620956420898,0.08811318874359131,1.5749489068984985,128,1,4,299776
1,block3_h72_seed14,"3-block, H=72",3839,small_full_seed1,Small,0.2010189189360956,1,right,1.0,1.0,1.0,0.8171394467353821,1.4522823095321655,1.4965394735336304,0.044257164001464844,1.4522823095321655,128,1,4,299776
1,block3_h72_seed14,"3-block, H=72",3841,small_full_seed1,Small,0.2010189189360956,3,forward,1.0,1.0,1.0,0.9901049733161926,1.4526910781860352,1.545156478881836,0.09246540069580078,1.4526910781860352,128,1,4,299776
1,block3_h72_seed14,"3-block, H=72",3842,small_full_seed1,Small,0.2010189189360956,3,forward,1.0,1.0,1.0,0.9988219141960144,1.954358696937561,2.090587854385376,0.13622915744781494,1.954358696937561,128,1,4,299776
1,block3_h72_seed14,"3-block, H=72",3843,small_full_seed1,Small,0.2010189189360956,4,backward,0.0,0.0,0.0,0.6245273947715759,1.36007821559906,1.3710767030715942,0.01099848747253418,1.4357048273086548,128,1,4,299776
1,block3_h72_seed14,"3-block, H=72",3844,small_full_seed1,Small,0.2010189189360956,2,left,0.0,0.0,0.0,0.6665661334991455,1.2317646741867065,1.2475610971450806,0.015796422958374023,1.296242117881775,128,1,4,299776
1,block3_h72_seed14,"3-block, H=72",3846,small_full_seed1,Small,0.2010189189360956,4,backward,1.0,1.0,1.0,0.9999823570251465,1.0156420469284058,1.2492567300796509,0.23361468315124512,1.0156420469284058,128,1,4,299776
1,block3_h72_seed14,"3-block, H=72",3847,small_full_seed1,Small,0.2010189189360956,1,right,1.0,1.0,1.0,0.9944167137145996,1.545320987701416,1.6680259704589844,0.12270498275756836,1.545320987701416,128,1,4,299776
1,block3_h72_seed14,"3-block, H=72",3848,small_full_seed1,Small,0.2010189189360956,3,forward,0.0,0.0,0.0,0.5680975317955017,1.0833590030670166,1.0926169157028198,0.009257912635803223,1.0926169157028198,128,1,4,299776
1,block3_h72_seed14,"3-block, H=72",3849,small_full_seed1,Small,0.2010189189360956,2,left,1.0,1.0,1.0,0.4751587212085724,1.4866479635238647,1.4934992790222168,0.006851315498352051,1.4866479635238647,128,1,4,299776
1,block3_h72_seed14,"3-block, H=72",3850,small_full_seed1,Small,0.2010189189360956,3,forward,1.0,1.0,1.0,0.991508960723877,1.7136939764022827,1.8143424987792969,0.10064852237701416,1.7136939764022827,128,1,4,299776
1,block3_h72_seed14,"3-block, H=72",3851,small_full_seed1,Small,0.2010189189360956,4,backward,1.0,1.0,1.0,0.3640182912349701,1.261359691619873,1.2653793096542358,0.004019618034362793,1.261359691619873,128,1,4,299776
1,block3_h72_seed14,"3-block, H=72",3852,small_full_seed1,Small,0.2010189189360956,1,right,1.0,1.0,1.0,0.35386142134666443,1.1656008958816528,1.169360637664795,0.00375974178314209,1.1656008958816528,128,1,4,299776
1,block3_h72_seed14,"3-block, H=72",3853,small_full_seed1,Small,0.2010189189360956,2,left,1.0,1.0,1.0,0.9077988862991333,1.3572410345077515,1.4050569534301758,0.047815918922424316,1.3572410345077515,128,1,4,299776
1,block3_h72_seed14,"3-block, H=72",3854,small_full_seed1,Small,0.2010189189360956,2,left,1.0,1.0,1.0,0.9863698482513428,1.0315693616867065,1.1222628355026245,0.09069347381591797,1.0315693616867065,128,1,4,299776
1,block3_h72_seed14,"3-block, H=72",3855,small_full_seed1,Small,0.2010189189360956,1,right,1.0,1.0,1.0,0.9889611601829529,1.0690536499023438,1.175592064857483,0.10653841495513916,1.0690536499023438,128,1,4,299776
1,block3_h72_seed14,"3-block, H=72",3856,small_full_seed1,Small,0.2010189189360956,1,right,1.0,1.0,1.0,0.6729136109352112,1.7744355201721191,1.7905009984970093,0.016065478324890137,1.7744355201721191,128,1,4,299776
1,block3_h72_seed14,"3-block, H=72",3857,small_full_seed1,Small,0.2010189189360956,1,right,0.0,0.0,0.0,0.8911150693893433,1.8439809083938599,1.8991581201553345,0.05517721176147461,1.8991581201553345,128,1,4,299776
1,block3_h72_seed14,"3-block, H=72",3858,small_full_seed1,Small,0.2010189189360956,1,right,1.0,1.0,1.0,0.9999972581863403,1.0746763944625854,1.3471933603286743,0.27251696586608887,1.0746763944625854,128,1,4,299776
1,block3_h72_seed14,"3-block, H=72",3859,small_full_seed1,Small,0.2010189189360956,1,right,1.0,1.0,1.0,0.42269495129585266,1.4093079566955566,1.4121671915054321,0.0028592348098754883,1.4093079566955566,128,1,4,299776
1,block3_h72_seed14,"3-block, H=72",3860,small_full_seed1,Small,0.2010189189360956,3,forward,1.0,1.0,1.0,0.9996734857559204,1.1848880052566528,1.345986247062683,0.16109824180603027,1.1848880052566528,128,1,4,299776
1,block3_h72_seed14,"3-block, H=72",3862,small_full_seed1,Small,0.2010189189360956,3,forward,1.0,1.0,1.0,0.9624817371368408,1.2662853002548218,1.3338327407836914,0.06754744052886963,1.2662853002548218,128,1,4,299776
1,block3_h72_seed14,"3-block, H=72",3863,small_full_seed1,Small,0.2010189189360956,3,forward,1.0,1.0,1.0,0.9607265591621399,1.3073935508728027,1.3754914999008179,0.06809794902801514,1.3073935508728027,128,1,4,299776
1,block3_h72_seed14,"3-block, H=72",3864,small_full_seed1,Small,0.2010189189360956,1,right,1.0,1.0,1.0,0.9948017597198486,1.0723642110824585,1.1821171045303345,0.10975289344787598,1.0723642110824585,128,1,4,299776
1,block3_h72_seed14,"3-block, H=72",3865,small_full_seed1,Small,0.2010189189360956,2,left,1.0,1.0,1.0,0.9828316569328308,1.9553390741348267,2.036379814147949,0.08104074001312256,1.9553390741348267,128,1,4,299776
1,block3_h72_seed14,"3-block, H=72",3866,small_full_seed1,Small,0.2010189189360956,2,left,1.0,1.0,1.0,0.9998855590820312,1.0633312463760376,1.2545639276504517,0.19123268127441406,1.0633312463760376,128,1,4,299776
1,block3_h72_seed14,"3-block, H=72",3868,small_full_seed1,Small,0.2010189189360956,4,backward,0.0,0.0,0.0,0.5627778172492981,0.9299657344818115,0.9367297291755676,0.0067639946937561035,0.9367297291755676,128,1,4,299776
1,block3_h72_seed14,"3-block, H=72",3869,small_full_seed1,Small,0.2010189189360956,3,forward,1.0,1.0,1.0,0.9994823932647705,1.743227481842041,1.8992685079574585,0.15604102611541748,1.743227481842041,128,1,4,299776
1,block3_h72_seed14,"3-block, H=72",3870,small_full_seed1,Small,0.2010189189360956,3,forward,1.0,1.0,1.0,0.9886322617530823,1.6548376083374023,1.749950885772705,0.09511327743530273,1.6548376083374023,128,1,4,299776
1,block3_h72_seed14,"3-block, H=72",3871,small_full_seed1,Small,0.2010189189360956,3,forward,1.0,1.0,1.0,0.9044725894927979,1.2465437650680542,1.3074116706848145,0.060867905616760254,1.2465437650680542,128,1,4,299776
1,block3_h72_seed14,"3-block, H=72",3872,small_full_seed1,Small,0.2010189189360956,2,left,1.0,1.0,1.0,0.9989867806434631,2.060396432876587,2.198659658432007,0.13826322555541992,2.060396432876587,128,1,4,299776
1,block3_h72_seed14,"3-block, H=72",3874,small_full_seed1,Small,0.2010189189360956,1,right,1.0,1.0,1.0,0.9978566765785217,1.1066356897354126,1.2377444505691528,0.13110876083374023,1.1066356897354126,128,1,4,299776
1,block3_h72_seed14,"3-block, H=72",3876,small_full_seed1,Small,0.2010189189360956,4,backward,1.0,1.0,1.0,0.8166705369949341,1.1907939910888672,1.2286256551742554,0.037831664085388184,1.1907939910888672,128,1,4,299776
1,block3_h72_seed14,"3-block, H=72",3877,small_full_seed1,Small,0.2010189189360956,1,right,1.0,1.0,1.0,0.9971318244934082,1.4365674257278442,1.5569652318954468,0.12039780616760254,1.4365674257278442,128,1,4,299776
1,block3_h72_seed14,"3-block, H=72",3878,small_full_seed1,Small,0.2010189189360956,1,right,1.0,1.0,1.0,0.9998528957366943,1.1974996328353882,1.3874317407608032,0.18993210792541504,1.1974996328353882,128,1,4,299776
1,block3_h72_seed14,"3-block, H=72",3879,small_full_seed1,Small,0.2010189189360956,2,left,0.0,0.0,0.0,0.5052127838134766,0.9641647338867188,0.9646202921867371,0.00045555830001831055,1.0950709581375122,128,1,4,299776
1,block3_h72_seed14,"3-block, H=72",3880,small_full_seed1,Small,0.2010189189360956,1,right,1.0,1.0,1.0,0.980455219745636,1.7427703142166138,1.8230630159378052,0.0802927017211914,1.7427703142166138,128,1,4,299776
1,block3_h72_seed14,"3-block, H=72",3881,small_full_seed1,Small,0.2010189189360956,1,right,1.0,1.0,1.0,0.9998124241828918,1.1295174360275269,1.3125362396240234,0.18301880359649658,1.1295174360275269,128,1,4,299776
1,block3_h72_seed14,"3-block, H=72",3882,small_full_seed1,Small,0.2010189189360956,3,forward,1.0,1.0,1.0,0.9603070020675659,1.917467474937439,1.9850894212722778,0.06762194633483887,1.917467474937439,128,1,4,299776
1,block3_h72_seed14,"3-block, H=72",3884,small_full_seed1,Small,0.2010189189360956,4,backward,1.0,1.0,1.0,0.9939753413200378,1.2705029249191284,1.382501244544983,0.11199831962585449,1.2705029249191284,128,1,4,299776
1,block3_h72_seed14,"3-block, H=72",3885,small_full_seed1,Small,0.2010189189360956,3,forward,1.0,1.0,1.0,0.9952087998390198,1.7669073343276978,1.8843307495117188,0.117423415184021,1.7669073343276978,128,1,4,299776
1,block3_h72_seed14,"3-block, H=72",3886,small_full_seed1,Small,0.2010189189360956,1,right,1.0,1.0,1.0,0.6885795593261719,1.0669453144073486,1.10856294631958,0.041617631912231445,1.0669453144073486,128,1,4,299776
1,block3_h72_seed14,"3-block, H=72",3887,small_full_seed1,Small,0.2010189189360956,3,forward,0.0,0.0,0.0,0.512161910533905,1.467206358909607,1.4729480743408203,0.005741715431213379,1.4729480743408203,128,1,4,299776
1,block3_h72_seed14,"3-block, H=72",3888,small_full_seed1,Small,0.2010189189360956,3,forward,1.0,1.0,1.0,0.9811650514602661,1.6808439493179321,1.7691220045089722,0.08827805519104004,1.6808439493179321,128,1,4,299776
1,block3_h72_seed14,"3-block, H=72",3889,small_full_seed1,Small,0.2010189189360956,3,forward,1.0,1.0,1.0,0.9069118499755859,1.8769887685775757,1.9226961135864258,0.0457073450088501,1.8769887685775757,128,1,4,299776
1,block3_h72_seed14,"3-block, H=72",3890,small_full_seed1,Small,0.2010189189360956,3,forward,1.0,1.0,1.0,0.9959024786949158,1.7301607131958008,1.8491382598876953,0.11897754669189453,1.7301607131958008,128,1,4,299776
1,block3_h72_seed14,"3-block, H=72",3891,small_full_seed1,Small,0.2010189189360956,3,forward,1.0,1.0,1.0,0.9969770908355713,1.7665952444076538,1.883689522743225,0.11709427833557129,1.7665952444076538,128,1,4,299776
1,block3_h72_seed14,"3-block, H=72",3892,small_full_seed1,Small,0.2010189189360956,3,forward,1.0,1.0,1.0,0.9991449117660522,1.3034285306930542,1.4535397291183472,0.15011119842529297,1.3034285306930542,128,1,4,299776
1,block3_h72_seed14,"3-block, H=72",3893,small_full_seed1,Small,0.2010189189360956,1,right,1.0,1.0,1.0,0.9991098046302795,1.004392385482788,1.1563730239868164,0.15198063850402832,1.004392385482788,128,1,4,299776
1,block3_h72_seed14,"3-block, H=72",3894,small_full_seed1,Small,0.2010189189360956,1,right,1.0,1.0,1.0,0.9992979764938354,1.9392938613891602,2.0908658504486084,0.15157198905944824,1.9392938613891602,128,1,4,299776
1,block3_h72_seed14,"3-block, H=72",3895,small_full_seed1,Small,0.2010189189360956,4,backward,1.0,1.0,1.0,0.9601547718048096,1.4739599227905273,1.539452075958252,0.06549215316772461,1.4739599227905273,128,1,4,299776
1,block3_h72_seed14,"3-block, H=72",3896,small_full_seed1,Small,0.2010189189360956,4,backward,1.0,1.0,1.0,0.9977053999900818,1.3036433458328247,1.440311312675476,0.13666796684265137,1.3036433458328247,128,1,4,299776
1,block3_h72_seed14,"3-block, H=72",3897,small_full_seed1,Small,0.2010189189360956,2,left,1.0,1.0,1.0,0.48967376351356506,1.736859917640686,1.7506295442581177,0.01376962661743164,1.736859917640686,128,1,4,299776
1,block3_h72_seed14,"3-block, H=72",3898,small_full_seed1,Small,0.2010189189360956,2,left,1.0,1.0,1.0,0.982324481010437,1.712462067604065,1.8078693151474,0.09540724754333496,1.712462067604065,128,1,4,299776
1,block3_h72_seed14,"3-block, H=72",3899,small_full_seed1,Small,0.2010189189360956,4,backward,1.0,1.0,1.0,0.6965801119804382,1.320308804512024,1.3370386362075806,0.01672983169555664,1.320308804512024,128,1,4,299776
1,block3_h72_seed14,"3-block, H=72",3900,small_full_seed1,Small,0.2010189189360956,2,left,1.0,1.0,1.0,0.6365552544593811,1.018477201461792,1.0348635911941528,0.01638638973236084,1.018477201461792,128,1,4,299776
1,block3_h72_seed14,"3-block, H=72",3901,small_full_seed1,Small,0.2010189189360956,2,left,0.0,0.0,0.0,0.35333070158958435,0.8481462597846985,0.8538579940795898,0.005711734294891357,0.8538579940795898,128,1,4,299776
1,block3_h72_seed14,"3-block, H=72",3902,small_full_seed1,Small,0.2010189189360956,1,right,0.0,0.0,0.0,0.5155342817306519,1.6568409204483032,1.6583963632583618,0.0015554428100585938,1.6583963632583618,128,1,4,299776
1,block3_h72_seed14,"3-block, H=72",3904,small_full_seed1,Small,0.2010189189360956,4,backward,1.0,1.0,1.0,0.5641044974327087,1.3035327196121216,1.3095083236694336,0.005975604057312012,1.3035327196121216,128,1,4,299776
1,block3_h72_seed14,"3-block, H=72",3905,small_full_seed1,Small,0.2010189189360956,3,forward,1.0,1.0,1.0,0.9817173480987549,1.3878034353256226,1.4772882461547852,0.0894848108291626,1.3878034353256226,128,1,4,299776
1,block3_h72_seed14,"3-block, H=72",3907,small_full_seed1,Small,0.2010189189360956,3,forward,1.0,1.0,1.0,0.9999810457229614,1.0820002555847168,1.3022372722625732,0.22023701667785645,1.0820002555847168,128,1,4,299776
1,block3_h72_seed14,"3-block, H=72",3909,small_full_seed1,Small,0.2010189189360956,3,forward,0.0,0.0,0.0,0.7467080354690552,1.373255729675293,1.3950849771499634,0.02182924747467041,1.3950849771499634,128,1,4,299776
1,block3_h72_seed14,"3-block, H=72",3910,small_full_seed1,Small,0.2010189189360956,2,left,1.0,1.0,1.0,0.9852661490440369,1.861230492591858,1.9608336687088013,0.09960317611694336,1.861230492591858,128,1,4,299776
1,block3_h72_seed14,"3-block, H=72",3911,small_full_seed1,Small,0.2010189189360956,1,right,1.0,1.0,1.0,0.897853434085846,1.7075434923171997,1.7516893148422241,0.044145822525024414,1.7075434923171997,128,1,4,299776
1,block3_h72_seed14,"3-block, H=72",3912,small_full_seed1,Small,0.2010189189360956,1,right,1.0,1.0,1.0,0.4138566255569458,1.268700122833252,1.2751824855804443,0.006482362747192383,1.268700122833252,128,1,4,299776
1,block3_h72_seed14,"3-block, H=72",3913,small_full_seed1,Small,0.2010189189360956,4,backward,1.0,1.0,1.0,0.833129346370697,1.1000992059707642,1.1436642408370972,0.04356503486633301,1.1000992059707642,128,1,4,299776
1,block3_h72_seed14,"3-block, H=72",3914,small_full_seed1,Small,0.2010189189360956,1,right,1.0,1.0,1.0,0.8133635520935059,1.8236116170883179,1.863277554512024,0.039665937423706055,1.8236116170883179,128,1,4,299776
1,block3_h72_seed14,"3-block, H=72",3915,small_full_seed1,Small,0.2010189189360956,1,right,1.0,1.0,1.0,0.9997759461402893,0.9335381388664246,1.1110353469848633,0.17749720811843872,0.9335381388664246,128,1,4,299776
1,block3_h72_seed14,"3-block, H=72",3916,small_full_seed1,Small,0.2010189189360956,3,forward,1.0,1.0,1.0,0.8370700478553772,1.0811444520950317,1.1185375452041626,0.03739309310913086,1.0811444520950317,128,1,4,299776
1,block3_h72_seed14,"3-block, H=72",3918,small_full_seed1,Small,0.2010189189360956,4,backward,1.0,1.0,1.0,0.9999982118606567,1.1087456941604614,1.3782711029052734,0.269525408744812,1.1087456941604614,128,1,4,299776
1,block3_h72_seed14,"3-block, H=72",3919,small_full_seed1,Small,0.2010189189360956,1,right,1.0,1.0,1.0,0.9267811179161072,1.9139982461929321,1.9649648666381836,0.050966620445251465,1.9139982461929321,128,1,4,299776
1,block3_h72_seed14,"3-block, H=72",3921,small_full_seed1,Small,0.2010189189360956,1,right,1.0,1.0,1.0,0.7891145348548889,1.6723623275756836,1.700586199760437,0.028223872184753418,1.6723623275756836,128,1,4,299776
1,block3_h72_seed14,"3-block, H=72",3922,small_full_seed1,Small,0.2010189189360956,2,left,1.0,1.0,1.0,0.7488759160041809,1.3943233489990234,1.4202289581298828,0.025905609130859375,1.3943233489990234,128,1,4,299776
1,block3_h72_seed14,"3-block, H=72",3923,small_full_seed1,Small,0.2010189189360956,3,forward,1.0,1.0,1.0,0.9688622355461121,1.6666784286499023,1.7359427213668823,0.06926429271697998,1.6666784286499023,128,1,4,299776
1,block3_h72_seed14,"3-block, H=72",3924,small_full_seed1,Small,0.2010189189360956,2,left,1.0,1.0,1.0,0.9284496903419495,1.8501356840133667,1.9072564840316772,0.05712080001831055,1.8501356840133667,128,1,4,299776
1,block3_h72_seed14,"3-block, H=72",3925,small_full_seed1,Small,0.2010189189360956,2,left,1.0,1.0,1.0,0.3838235139846802,0.9030776619911194,0.9121952056884766,0.009117543697357178,0.9030776619911194,128,1,4,299776
1,block3_h72_seed14,"3-block, H=72",3926,small_full_seed1,Small,0.2010189189360956,2,left,1.0,1.0,1.0,0.991973876953125,1.6395689249038696,1.7493089437484741,0.10974001884460449,1.6395689249038696,128,1,4,299776
1,block3_h72_seed14,"3-block, H=72",3927,small_full_seed1,Small,0.2010189189360956,1,right,1.0,1.0,1.0,0.8658965229988098,1.318388819694519,1.35891854763031,0.040529727935791016,1.318388819694519,128,1,4,299776
1,block3_h72_seed14,"3-block, H=72",3928,small_full_seed1,Small,0.2010189189360956,2,left,1.0,1.0,1.0,0.6328406929969788,1.2014344930648804,1.214481234550476,0.013046741485595703,1.2014344930648804,128,1,4,299776
1,block3_h72_seed14,"3-block, H=72",3929,small_full_seed1,Small,0.2010189189360956,1,right,0.0,0.0,0.0,0.8111515641212463,1.1086483001708984,1.1394509077072144,0.030802607536315918,1.1938117742538452,128,1,4,299776
1,block3_h72_seed14,"3-block, H=72",3930,small_full_seed1,Small,0.2010189189360956,3,forward,1.0,1.0,1.0,0.7329738140106201,0.9292228817939758,0.9564469456672668,0.027224063873291016,0.9292228817939758,128,1,4,299776
1,block3_h72_seed14,"3-block, H=72",3931,small_full_seed1,Small,0.2010189189360956,3,forward,0.0,0.0,0.0,0.5976677536964417,0.8738627433776855,0.8818309903144836,0.007968246936798096,1.0062874555587769,128,1,4,299776
1,block3_h72_seed14,"3-block, H=72",3932,small_full_seed1,Small,0.2010189189360956,1,right,1.0,1.0,1.0,0.9638969302177429,1.074844241142273,1.1553800106048584,0.08053576946258545,1.074844241142273,128,1,4,299776
1,block3_h72_seed14,"3-block, H=72",3933,small_full_seed1,Small,0.2010189189360956,2,left,1.0,1.0,1.0,0.685907244682312,0.953239381313324,0.9809126853942871,0.027673304080963135,0.953239381313324,128,1,4,299776
1,block3_h72_seed14,"3-block, H=72",3934,small_full_seed1,Small,0.2010189189360956,1,right,0.0,0.0,0.0,0.9900164008140564,1.6472524404525757,1.7488852739334106,0.10163283348083496,1.7488852739334106,128,1,4,299776
1,block3_h72_seed14,"3-block, H=72",3935,small_full_seed1,Small,0.2010189189360956,2,left,1.0,1.0,1.0,0.9868373870849609,1.8774770498275757,1.9794260263442993,0.10194897651672363,1.8774770498275757,128,1,4,299776
1,block3_h72_seed14,"3-block, H=72",3936,small_full_seed1,Small,0.2010189189360956,2,left,1.0,1.0,1.0,0.9828256964683533,1.9553390741348267,2.036379814147949,0.08104074001312256,1.9553390741348267,128,1,4,299776
1,block3_h72_seed14,"3-block, H=72",3937,small_full_seed1,Small,0.2010189189360956,1,right,1.0,1.0,1.0,0.9793791770935059,1.7706202268600464,1.8517228364944458,0.08110260963439941,1.7706202268600464,128,1,4,299776
1,block3_h72_seed14,"3-block, H=72",3938,small_full_seed1,Small,0.2010189189360956,1,right,1.0,1.0,1.0,0.9966879487037659,0.9962107539176941,1.1206555366516113,0.12444478273391724,0.9962107539176941,128,1,4,299776
1,block3_h72_seed14,"3-block, H=72",3940,small_full_seed1,Small,0.2010189189360956,3,forward,1.0,1.0,1.0,0.9999130964279175,1.5766229629516602,1.7741800546646118,0.19755709171295166,1.5766229629516602,128,1,4,299776
1,block3_h72_seed14,"3-block, H=72",3941,small_full_seed1,Small,0.2010189189360956,4,backward,1.0,1.0,1.0,0.9856502413749695,1.4220491647720337,1.507315993309021,0.0852668285369873,1.4220491647720337,128,1,4,299776
1,block3_h72_seed14,"3-block, H=72",3942,small_full_seed1,Small,0.2010189189360956,2,left,1.0,1.0,1.0,0.9923028945922852,0.9942936301231384,1.0935083627700806,0.09921473264694214,0.9942936301231384,128,1,4,299776
1,block3_h72_seed14,"3-block, H=72",3943,small_full_seed1,Small,0.2010189189360956,1,right,0.0,0.0,0.0,0.5813969373703003,0.9917281270027161,1.0067552328109741,0.015027105808258057,1.0067552328109741,128,1,4,299776
1,block3_h72_seed14,"3-block, H=72",3944,small_full_seed1,Small,0.2010189189360956,2,left,1.0,1.0,1.0,0.9999154806137085,1.1167612075805664,1.3147988319396973,0.19803762435913086,1.1167612075805664,128,1,4,299776
1,block3_h72_seed14,"3-block, H=72",3945,small_full_seed1,Small,0.2010189189360956,4,backward,1.0,1.0,1.0,0.552560031414032,1.1753779649734497,1.1808339357376099,0.005455970764160156,1.1753779649734497,128,1,4,299776
1,block3_h72_seed14,"3-block, H=72",3946,small_full_seed1,Small,0.2010189189360956,2,left,1.0,1.0,1.0,0.9921185970306396,1.0092359781265259,1.117836833000183,0.10860085487365723,1.0092359781265259,128,1,4,299776
1,block3_h72_seed14,"3-block, H=72",3949,small_full_seed1,Small,0.2010189189360956,3,forward,0.0,0.0,0.0,0.6696515679359436,1.0594946146011353,1.0824092626571655,0.022914648056030273,1.0946546792984009,128,1,4,299776
1,block3_h72_seed14,"3-block, H=72",3951,small_full_seed1,Small,0.2010189189360956,1,right,1.0,1.0,1.0,0.8840808272361755,1.5872951745986938,1.6282987594604492,0.04100358486175537,1.5872951745986938,128,1,4,299776
1,block3_h72_seed14,"3-block, H=72",3952,small_full_seed1,Small,0.2010189189360956,3,forward,1.0,1.0,1.0,0.996310293674469,1.543155550956726,1.664149284362793,0.1209937334060669,1.543155550956726,128,1,4,299776
1,block3_h72_seed14,"3-block, H=72",3953,small_full_seed1,Small,0.2010189189360956,4,backward,0.0,0.0,0.0,0.5893710851669312,1.3633173704147339,1.3811821937561035,0.01786482334136963,1.3811821937561035,128,1,4,299776
1,block3_h72_seed14,"3-block, H=72",3954,small_full_seed1,Small,0.2010189189360956,2,left,1.0,1.0,1.0,0.7645747065544128,1.569337248802185,1.6015888452529907,0.032251596450805664,1.569337248802185,128,1,4,299776
1,block3_h72_seed14,"3-block, H=72",3955,small_full_seed1,Small,0.2010189189360956,4,backward,1.0,1.0,1.0,0.999969482421875,1.0312093496322632,1.2546058893203735,0.22339653968811035,1.0312093496322632,128,1,4,299776
1,block3_h72_seed14,"3-block, H=72",3956,small_full_seed1,Small,0.2010189189360956,4,backward,1.0,1.0,1.0,0.9722442626953125,1.224101185798645,1.2981224060058594,0.07402122020721436,1.224101185798645,128,1,4,299776
1,block3_h72_seed14,"3-block, H=72",3957,small_full_seed1,Small,0.2010189189360956,1,right,1.0,1.0,1.0,0.9245114326477051,1.600573182106018,1.66311514377594,0.06254196166992188,1.600573182106018,128,1,4,299776
1,block3_h72_seed14,"3-block, H=72",3958,small_full_seed1,Small,0.2010189189360956,4,backward,1.0,1.0,1.0,0.9999046325683594,0.8989513516426086,1.0974822044372559,0.19853085279464722,0.8989513516426086,128,1,4,299776
1,block3_h72_seed14,"3-block, H=72",3959,small_full_seed1,Small,0.2010189189360956,1,right,1.0,1.0,1.0,0.9085575342178345,1.318388819694519,1.3745636940002441,0.0561748743057251,1.318388819694519,128,1,4,299776
1,block3_h72_seed14,"3-block, H=72",3960,small_full_seed1,Small,0.2010189189360956,1,right,1.0,1.0,1.0,0.5466493964195251,1.6423896551132202,1.6496272087097168,0.007237553596496582,1.6423896551132202,128,1,4,299776
1,block3_h72_seed14,"3-block, H=72",3961,small_full_seed1,Small,0.2010189189360956,1,right,1.0,1.0,1.0,0.8027482628822327,0.9701879620552063,1.0026216506958008,0.03243368864059448,0.9701879620552063,128,1,4,299776
1,block3_h72_seed14,"3-block, H=72",3963,small_full_seed1,Small,0.2010189189360956,4,backward,1.0,1.0,1.0,0.9999369382858276,0.9997043609619141,1.204105257987976,0.204400897026062,0.9997043609619141,128,1,4,299776
1,block3_h72_seed14,"3-block, H=72",3964,small_full_seed1,Small,0.2010189189360956,3,forward,0.0,0.0,0.0,0.6170986890792847,1.1617237329483032,1.176374077796936,0.014650344848632812,1.2012916803359985,128,1,4,299776
1,block3_h72_seed14,"3-block, H=72",3965,small_full_seed1,Small,0.2010189189360956,4,backward,1.0,1.0,1.0,0.9238876700401306,1.043317437171936,1.0951586961746216,0.05184125900268555,1.043317437171936,128,1,4,299776
1,block3_h72_seed14,"3-block, H=72",3967,small_full_seed1,Small,0.2010189189360956,1,right,1.0,1.0,1.0,0.5625565648078918,1.1127831935882568,1.1247504949569702,0.011967301368713379,1.1127831935882568,128,1,4,299776
1,block3_h72_seed14,"3-block, H=72",3968,small_full_seed1,Small,0.2010189189360956,4,backward,1.0,1.0,1.0,0.9999642372131348,1.0312093496322632,1.2404017448425293,0.2091923952102661,1.0312093496322632,128,1,4,299776
1,block3_h72_seed14,"3-block, H=72",3969,small_full_seed1,Small,0.2010189189360956,3,forward,1.0,1.0,1.0,0.9998906850814819,0.9638419151306152,1.1614036560058594,0.19756174087524414,0.9638419151306152,128,1,4,299776
1,block3_h72_seed14,"3-block, H=72",3970,small_full_seed1,Small,0.2010189189360956,1,right,1.0,1.0,1.0,0.9882799386978149,1.770620346069336,1.8668462038040161,0.09622585773468018,1.770620346069336,128,1,4,299776
1,block3_h72_seed14,"3-block, H=72",3971,small_full_seed1,Small,0.2010189189360956,4,backward,1.0,1.0,1.0,0.9976577758789062,1.007325530052185,1.1445660591125488,0.13724052906036377,1.007325530052185,128,1,4,299776
1,block3_h72_seed14,"3-block, H=72",3972,small_full_seed1,Small,0.2010189189360956,2,left,1.0,1.0,1.0,0.9180454611778259,1.4402986764907837,1.4938669204711914,0.053568243980407715,1.4402986764907837,128,1,4,299776
1,block3_h72_seed14,"3-block, H=72",3973,small_full_seed1,Small,0.2010189189360956,3,forward,1.0,1.0,1.0,0.9984473586082458,0.789219081401825,0.9301969408988953,0.1409778594970703,0.789219081401825,128,1,4,299776
1,block3_h72_seed14,"3-block, H=72",3975,small_full_seed1,Small,0.2010189189360956,3,forward,1.0,1.0,1.0,0.518464982509613,1.401221752166748,1.409591794013977,0.008370041847229004,1.401221752166748,128,1,4,299776
1,block3_h72_seed14,"3-block, H=72",3976,small_full_seed1,Small,0.2010189189360956,2,left,1.0,1.0,1.0,0.7838853597640991,1.353947639465332,1.3827489614486694,0.028801321983337402,1.353947639465332,128,1,4,299776
1,block3_h72_seed14,"3-block, H=72",3977,small_full_seed1,Small,0.2010189189360956,4,backward,1.0,1.0,1.0,0.9999750852584839,0.8374661803245544,1.0616211891174316,0.2241550087928772,0.8374661803245544,128,1,4,299776
1,block3_h72_seed14,"3-block, H=72",3978,small_full_seed1,Small,0.2010189189360956,4,backward,1.0,1.0,1.0,0.5465408563613892,1.246455192565918,1.2509194612503052,0.004464268684387207,1.246455192565918,128,1,4,299776
1,block3_h72_seed14,"3-block, H=72",3982,small_full_seed1,Small,0.2010189189360956,1,right,1.0,1.0,1.0,0.944175660610199,1.7002911567687988,1.7718915939331055,0.07160043716430664,1.7002911567687988,128,1,4,299776
1,block3_h72_seed14,"3-block, H=72",3984,small_full_seed1,Small,0.2010189189360956,3,forward,1.0,1.0,1.0,0.9999939203262329,0.849014937877655,1.0977646112442017,0.24874967336654663,0.849014937877655,128,1,4,299776
1,block3_h72_seed14,"3-block, H=72",3985,small_full_seed1,Small,0.2010189189360956,4,backward,1.0,1.0,1.0,0.9998664855957031,1.1626733541488647,1.3611135482788086,0.19844019412994385,1.1626733541488647,128,1,4,299776
1,block3_h72_seed14,"3-block, H=72",3987,small_full_seed1,Small,0.2010189189360956,3,forward,1.0,1.0,1.0,0.99994957447052,0.799800455570221,1.0053719282150269,0.2055714726448059,0.799800455570221,128,1,4,299776
1,block3_h72_seed14,"3-block, H=72",3988,small_full_seed1,Small,0.2010189189360956,3,forward,1.0,1.0,1.0,0.5327436923980713,1.7123595476150513,1.7162679433822632,0.003908395767211914,1.7123595476150513,128,1,4,299776
1,block3_h72_seed14,"3-block, H=72",3989,small_full_seed1,Small,0.2010189189360956,3,forward,1.0,1.0,1.0,0.9999984502792358,0.9914760589599609,1.2735081911087036,0.2820321321487427,0.9914760589599609,128,1,4,299776
1,block3_h72_seed14,"3-block, H=72",3990,small_full_seed1,Small,0.2010189189360956,4,backward,1.0,1.0,1.0,0.8188187479972839,1.4121862649917603,1.4494949579238892,0.037308692932128906,1.4121862649917603,128,1,4,299776
1,block3_h72_seed14,"3-block, H=72",3992,small_full_seed1,Small,0.2010189189360956,4,backward,1.0,1.0,1.0,0.99424147605896,1.5414152145385742,1.6447337865829468,0.10331857204437256,1.5414152145385742,128,1,4,299776
1,block3_h72_seed14,"3-block, H=72",3993,small_full_seed1,Small,0.2010189189360956,3,forward,0.0,0.0,0.0,0.6650682687759399,1.0594943761825562,1.0824087858200073,0.022914409637451172,1.0946544408798218,128,1,4,299776
1,block3_h72_seed14,"3-block, H=72",3994,small_full_seed1,Small,0.2010189189360956,3,forward,1.0,1.0,1.0,0.7371237277984619,0.9195871353149414,0.9484862685203552,0.02889913320541382,0.9195871353149414,128,1,4,299776
1,block3_h72_seed14,"3-block, H=72",3997,small_full_seed1,Small,0.2010189189360956,2,left,1.0,1.0,1.0,0.9994601607322693,1.475704550743103,1.6440820693969727,0.16837751865386963,1.475704550743103,128,1,4,299776
1,block3_h72_seed14,"3-block, H=72",3998,small_full_seed1,Small,0.2010189189360956,2,left,0.0,0.0,0.0,0.5503000020980835,1.086495041847229,1.0912381410598755,0.004743099212646484,1.1588770151138306,128,1,4,299776
