cheap_seed,lambda,heldout,variant_label,method,utility,route_rate,n
0,0.02,block3_h36_seed13,"3-block, H=36",cheap,0.8973105134474327,0.0,409
0,0.02,block3_h36_seed13,"3-block, H=36",full,0.8088508557457214,1.0,409
0,0.02,block3_h36_seed13,"3-block, H=36",oracle,0.940440097799511,0.044009779951100246,409
0,0.02,block3_h36_seed13,"3-block, H=36",confidence,0.8525672371638143,0.28117359413202936,409
0,0.02,block3_h36_seed13,"3-block, H=36",context_cls,0.8869437652811736,0.029339853300733496,409
0,0.02,block3_h36_seed13,"3-block, H=36",knn_context,0.8561858190709049,0.22249388753056235,409
0,0.02,block3_h36_seed13,"3-block, H=36",rh_context,0.8650855745721273,0.2665036674816626,409
0,0.02,block3_h36_seed13,"3-block, H=36",knn_context_latent,0.8750122249388754,0.2591687041564792,409
0,0.02,block3_h36_seed13,"3-block, H=36",rh_context_latent,0.8767726161369194,0.17114914425427874,409
0,0.05,block3_h36_seed13,"3-block, H=36",cheap,0.8973105134474327,0.0,409
0,0.05,block3_h36_seed13,"3-block, H=36",full,0.7788508557457212,1.0,409
0,0.05,block3_h36_seed13,"3-block, H=36",oracle,0.9391198044009781,0.044009779951100246,409
0,0.05,block3_h36_seed13,"3-block, H=36",confidence,0.8441320293398533,0.28117359413202936,409
0,0.05,block3_h36_seed13,"3-block, H=36",context_cls,0.8860635696821517,0.029339853300733496,409
0,0.05,block3_h36_seed13,"3-block, H=36",knn_context,0.8495110024449878,0.22249388753056235,409
0,0.05,block3_h36_seed13,"3-block, H=36",rh_context,0.8612469437652812,0.23227383863080683,409
0,0.05,block3_h36_seed13,"3-block, H=36",knn_context_latent,0.8832518337408313,0.13447432762836187,409
0,0.05,block3_h36_seed13,"3-block, H=36",rh_context_latent,0.871638141809291,0.17114914425427874,409
0,0.1,block3_h36_seed13,"3-block, H=36",cheap,0.8973105134474327,0.0,409
0,0.1,block3_h36_seed13,"3-block, H=36",full,0.7288508557457215,1.0,409
0,0.1,block3_h36_seed13,"3-block, H=36",oracle,0.9369193154034231,0.044009779951100246,409
0,0.1,block3_h36_seed13,"3-block, H=36",confidence,0.8689486552567237,0.13691931540342298,409
0,0.1,block3_h36_seed13,"3-block, H=36",context_cls,0.8845965770171148,0.029339853300733496,409
0,0.1,block3_h36_seed13,"3-block, H=36",knn_context,0.8679706601466992,0.1466992665036675,409
0,0.1,block3_h36_seed13,"3-block, H=36",rh_context,0.8841075794621027,0.10757946210268948,409
0,0.1,block3_h36_seed13,"3-block, H=36",knn_context_latent,0.8765281173594132,0.13447432762836187,409
0,0.1,block3_h36_seed13,"3-block, H=36",rh_context_latent,0.8841075794621027,0.10757946210268948,409
0,0.2,block3_h36_seed13,"3-block, H=36",cheap,0.8973105134474327,0.0,409
0,0.2,block3_h36_seed13,"3-block, H=36",full,0.6288508557457212,1.0,409
0,0.2,block3_h36_seed13,"3-block, H=36",oracle,0.9325183374083129,0.044009779951100246,409
0,0.2,block3_h36_seed13,"3-block, H=36",confidence,0.8552567237163814,0.13691931540342298,409
0,0.2,block3_h36_seed13,"3-block, H=36",context_cls,0.8836185819070904,0.019559902200488997,409
0,0.2,block3_h36_seed13,"3-block, H=36",knn_context,0.8801955990220048,0.08557457212713937,409
0,0.2,block3_h36_seed13,"3-block, H=36",rh_context,0.8777506112469438,0.03667481662591687,409
0,0.2,block3_h36_seed13,"3-block, H=36",knn_context_latent,0.8816625916870416,0.07823960880195599,409
0,0.2,block3_h36_seed13,"3-block, H=36",rh_context_latent,0.8787286063569681,0.09290953545232274,409
0,0.3,block3_h36_seed13,"3-block, H=36",cheap,0.8973105134474327,0.0,409
0,0.3,block3_h36_seed13,"3-block, H=36",full,0.5288508557457213,1.0,409
0,0.3,block3_h36_seed13,"3-block, H=36",oracle,0.928117359413203,0.044009779951100246,409
0,0.3,block3_h36_seed13,"3-block, H=36",confidence,0.8877750611246944,0.007334963325183374,409
0,0.3,block3_h36_seed13,"3-block, H=36",context_cls,0.8816625916870416,0.019559902200488997,409
0,0.3,block3_h36_seed13,"3-block, H=36",knn_context,0.8872860635696821,0.017114914425427872,409
0,0.3,block3_h36_seed13,"3-block, H=36",rh_context,0.8833740831295844,0.022004889975550123,409
0,0.3,block3_h36_seed13,"3-block, H=36",knn_context_latent,0.8738386308068459,0.07823960880195599,409
0,0.3,block3_h36_seed13,"3-block, H=36",rh_context_latent,0.882640586797066,0.0488997555012225,409
0,0.5,block3_h36_seed13,"3-block, H=36",cheap,0.8973105134474327,0.0,409
0,0.5,block3_h36_seed13,"3-block, H=36",full,0.32885085574572126,1.0,409
0,0.5,block3_h36_seed13,"3-block, H=36",oracle,0.9193154034229829,0.044009779951100246,409
0,0.5,block3_h36_seed13,"3-block, H=36",confidence,0.8973105134474327,0.0,409
0,0.5,block3_h36_seed13,"3-block, H=36",context_cls,0.8838630806845966,0.012224938875305624,409
0,0.5,block3_h36_seed13,"3-block, H=36",knn_context,0.8973105134474327,0.0,409
0,0.5,block3_h36_seed13,"3-block, H=36",rh_context,0.8973105134474327,0.0,409
0,0.5,block3_h36_seed13,"3-block, H=36",knn_context_latent,0.8838630806845966,0.02689486552567237,409
0,0.5,block3_h36_seed13,"3-block, H=36",rh_context_latent,0.8838630806845966,0.02689486552567237,409
0,0.02,block3_h48_seed10,"3-block, H=48",cheap,0.8532338308457711,0.0,402
0,0.02,block3_h48_seed10,"3-block, H=48",full,0.8207960199004976,1.0,402
0,0.02,block3_h48_seed10,"3-block, H=48",oracle,0.914179104477612,0.06218905472636816,402
0,0.02,block3_h48_seed10,"3-block, H=48",confidence,0.8629353233830845,0.13681592039800994,402
0,0.02,block3_h48_seed10,"3-block, H=48",context_cls,0.8618905472636816,0.06467661691542288,402
0,0.02,block3_h48_seed10,"3-block, H=48",knn_context,0.8662189054726369,0.09701492537313433,402
0,0.02,block3_h48_seed10,"3-block, H=48",rh_context,0.8709452736318408,0.10945273631840796,402
0,0.02,block3_h48_seed10,"3-block, H=48",knn_context_latent,0.8659203980099504,0.236318407960199,402
0,0.02,block3_h48_seed10,"3-block, H=48",rh_context_latent,0.8686069651741295,0.2263681592039801,402
0,0.05,block3_h48_seed10,"3-block, H=48",cheap,0.8532338308457711,0.0,402
0,0.05,block3_h48_seed10,"3-block, H=48",full,0.7907960199004974,1.0,402
0,0.05,block3_h48_seed10,"3-block, H=48",oracle,0.9123134328358209,0.06218905472636816,402
0,0.05,block3_h48_seed10,"3-block, H=48",confidence,0.8681592039800995,0.09950248756218906,402
0,0.05,block3_h48_seed10,"3-block, H=48",context_cls,0.8599502487562188,0.06467661691542288,402
0,0.05,block3_h48_seed10,"3-block, H=48",knn_context,0.8633084577114428,0.09701492537313433,402
0,0.05,block3_h48_seed10,"3-block, H=48",rh_context,0.8664179104477612,0.0845771144278607,402
0,0.05,block3_h48_seed10,"3-block, H=48",knn_context_latent,0.8667910447761193,0.12686567164179105,402
0,0.05,block3_h48_seed10,"3-block, H=48",rh_context_latent,0.8635572139303483,0.1417910447761194,402
0,0.1,block3_h48_seed10,"3-block, H=48",cheap,0.8532338308457711,0.0,402
0,0.1,block3_h48_seed10,"3-block, H=48",full,0.7407960199004977,1.0,402
0,0.1,block3_h48_seed10,"3-block, H=48",oracle,0.9092039800995025,0.06218905472636816,402
0,0.1,block3_h48_seed10,"3-block, H=48",confidence,0.8619402985074627,0.08706467661691543,402
0,0.1,block3_h48_seed10,"3-block, H=48",context_cls,0.8567164179104477,0.06467661691542288,402
0,0.1,block3_h48_seed10,"3-block, H=48",knn_context,0.8512437810945274,0.04477611940298507,402
0,0.1,block3_h48_seed10,"3-block, H=48",rh_context,0.8507462686567164,0.024875621890547265,402
0,0.1,block3_h48_seed10,"3-block, H=48",knn_context_latent,0.8604477611940299,0.12686567164179105,402
0,0.1,block3_h48_seed10,"3-block, H=48",rh_context_latent,0.8557213930348259,0.09950248756218906,402
0,0.2,block3_h48_seed10,"3-block, H=48",cheap,0.8532338308457711,0.0,402
0,0.2,block3_h48_seed10,"3-block, H=48",full,0.6407960199004974,1.0,402
0,0.2,block3_h48_seed10,"3-block, H=48",oracle,0.9029850746268657,0.06218905472636816,402
0,0.2,block3_h48_seed10,"3-block, H=48",confidence,0.8492537313432836,0.04477611940298507,402
0,0.2,block3_h48_seed10,"3-block, H=48",context_cls,0.8502487562189055,0.06467661691542288,402
0,0.2,block3_h48_seed10,"3-block, H=48",knn_context,0.854228855721393,0.007462686567164179,402
0,0.2,block3_h48_seed10,"3-block, H=48",rh_context,0.853731343283582,0.009950248756218905,402
0,0.2,block3_h48_seed10,"3-block, H=48",knn_context_latent,0.8477611940298507,0.12686567164179105,402
0,0.2,block3_h48_seed10,"3-block, H=48",rh_context_latent,0.8477611940298506,0.05223880597014925,402
0,0.3,block3_h48_seed10,"3-block, H=48",cheap,0.8532338308457711,0.0,402
0,0.3,block3_h48_seed10,"3-block, H=48",full,0.5407960199004976,1.0,402
0,0.3,block3_h48_seed10,"3-block, H=48",oracle,0.8967661691542289,0.06218905472636816,402
0,0.3,block3_h48_seed10,"3-block, H=48",confidence,0.8532338308457711,0.0,402
0,0.3,block3_h48_seed10,"3-block, H=48",context_cls,0.845771144278607,0.04975124378109453,402
0,0.3,block3_h48_seed10,"3-block, H=48",knn_context,0.8534825870646767,0.007462686567164179,402
0,0.3,block3_h48_seed10,"3-block, H=48",rh_context,0.8517412935323383,0.004975124378109453,402
0,0.3,block3_h48_seed10,"3-block, H=48",knn_context_latent,0.8517412935323383,0.029850746268656716,402
0,0.3,block3_h48_seed10,"3-block, H=48",rh_context_latent,0.8532338308457711,0.024875621890547265,402
0,0.5,block3_h48_seed10,"3-block, H=48",cheap,0.8532338308457711,0.0,402
0,0.5,block3_h48_seed10,"3-block, H=48",full,0.3407960199004975,1.0,402
0,0.5,block3_h48_seed10,"3-block, H=48",oracle,0.8843283582089553,0.06218905472636816,402
0,0.5,block3_h48_seed10,"3-block, H=48",confidence,0.8532338308457711,0.0,402
0,0.5,block3_h48_seed10,"3-block, H=48",context_cls,0.8395522388059702,0.04228855721393035,402
0,0.5,block3_h48_seed10,"3-block, H=48",knn_context,0.8532338308457711,0.0,402
0,0.5,block3_h48_seed10,"3-block, H=48",rh_context,0.8532338308457711,0.0,402
0,0.5,block3_h48_seed10,"3-block, H=48",knn_context_latent,0.849502487562189,0.022388059701492536,402
0,0.5,block3_h48_seed10,"3-block, H=48",rh_context_latent,0.8544776119402985,0.007462686567164179,402
0,0.02,block3_h72_seed14,"3-block, H=72",cheap,0.7312348668280871,0.0,413
0,0.02,block3_h72_seed14,"3-block, H=72",full,0.7984019370460052,1.0,413
0,0.02,block3_h72_seed14,"3-block, H=72",oracle,0.892590799031477,0.16464891041162227,413
0,0.02,block3_h72_seed14,"3-block, H=72",confidence,0.7759322033898306,0.1864406779661017,413
0,0.02,block3_h72_seed14,"3-block, H=72",context_cls,0.7699273607748185,0.1234866828087167,413
0,0.02,block3_h72_seed14,"3-block, H=72",knn_context,0.8065375302663439,0.4721549636803874,413
0,0.02,block3_h72_seed14,"3-block, H=72",rh_context,0.8018401937046007,0.4648910411622276,413
0,0.02,block3_h72_seed14,"3-block, H=72",knn_context_latent,0.8057627118644068,0.2687651331719128,413
0,0.02,block3_h72_seed14,"3-block, H=72",rh_context_latent,0.7963680387409202,0.2542372881355932,413
0,0.05,block3_h72_seed14,"3-block, H=72",cheap,0.7312348668280871,0.0,413
0,0.05,block3_h72_seed14,"3-block, H=72",full,0.7684019370460048,1.0,413
0,0.05,block3_h72_seed14,"3-block, H=72",oracle,0.8876513317191284,0.16464891041162227,413
0,0.05,block3_h72_seed14,"3-block, H=72",confidence,0.7703389830508474,0.1864406779661017,413
0,0.05,block3_h72_seed14,"3-block, H=72",context_cls,0.7662227602905569,0.1234866828087167,413
0,0.05,block3_h72_seed14,"3-block, H=72",knn_context,0.7796610169491526,0.3389830508474576,413
0,0.05,block3_h72_seed14,"3-block, H=72",rh_context,0.7878934624697336,0.4648910411622276,413
0,0.05,block3_h72_seed14,"3-block, H=72",knn_context_latent,0.7976997578692494,0.2687651331719128,413
0,0.05,block3_h72_seed14,"3-block, H=72",rh_context_latent,0.7938256658595643,0.24939467312348668,413
0,0.1,block3_h72_seed14,"3-block, H=72",cheap,0.7312348668280871,0.0,413
0,0.1,block3_h72_seed14,"3-block, H=72",full,0.7184019370460051,1.0,413
0,0.1,block3_h72_seed14,"3-block, H=72",oracle,0.8794188861985474,0.16464891041162227,413
0,0.1,block3_h72_seed14,"3-block, H=72",confidence,0.7561743341404358,0.13801452784503632,413
0,0.1,block3_h72_seed14,"3-block, H=72",context_cls,0.7547215496368039,0.10411622276029056,413
0,0.1,block3_h72_seed14,"3-block, H=72",knn_context,0.7627118644067796,0.3389830508474576,413
0,0.1,block3_h72_seed14,"3-block, H=72",rh_context,0.7602905569007264,0.31476997578692495,413
0,0.1,block3_h72_seed14,"3-block, H=72",knn_context_latent,0.7803874092009685,0.162227602905569,413
0,0.1,block3_h72_seed14,"3-block, H=72",rh_context_latent,0.78135593220339,0.24939467312348668,413
0,0.2,block3_h72_seed14,"3-block, H=72",cheap,0.7312348668280871,0.0,413
0,0.2,block3_h72_seed14,"3-block, H=72",full,0.6184019370460048,1.0,413
0,0.2,block3_h72_seed14,"3-block, H=72",oracle,0.8629539951573849,0.16464891041162227,413
0,0.2,block3_h72_seed14,"3-block, H=72",confidence,0.7312348668280871,0.0,413
0,0.2,block3_h72_seed14,"3-block, H=72",context_cls,0.7443099273607747,0.10411622276029056,413
0,0.2,block3_h72_seed14,"3-block, H=72",knn_context,0.7288135593220338,0.3389830508474576,413
0,0.2,block3_h72_seed14,"3-block, H=72",rh_context,0.7278450363196126,0.162227602905569,413
0,0.2,block3_h72_seed14,"3-block, H=72",knn_context_latent,0.7457627118644068,0.0847457627118644,413
0,0.2,block3_h72_seed14,"3-block, H=72",rh_context_latent,0.7341404358353512,0.05811138014527845,413
0,0.3,block3_h72_seed14,"3-block, H=72",cheap,0.7312348668280871,0.0,413
0,0.3,block3_h72_seed14,"3-block, H=72",full,0.518401937046005,1.0,413
0,0.3,block3_h72_seed14,"3-block, H=72",oracle,0.8464891041162228,0.16464891041162227,413
0,0.3,block3_h72_seed14,"3-block, H=72",confidence,0.7312348668280871,0.0,413
0,0.3,block3_h72_seed14,"3-block, H=72",context_cls,0.7278450363196126,0.09200968523002422,413
0,0.3,block3_h72_seed14,"3-block, H=72",knn_context,0.7249394673123486,0.15012106537530268,413
0,0.3,block3_h72_seed14,"3-block, H=72",rh_context,0.712590799031477,0.14285714285714285,413
0,0.3,block3_h72_seed14,"3-block, H=72",knn_context_latent,0.7372881355932204,0.0847457627118644,413
0,0.3,block3_h72_seed14,"3-block, H=72",rh_context_latent,0.7329297820823244,0.002421307506053269,413
0,0.5,block3_h72_seed14,"3-block, H=72",cheap,0.7312348668280871,0.0,413
0,0.5,block3_h72_seed14,"3-block, H=72",full,0.31840193704600483,1.0,413
0,0.5,block3_h72_seed14,"3-block, H=72",oracle,0.8135593220338984,0.16464891041162227,413
0,0.5,block3_h72_seed14,"3-block, H=72",confidence,0.7312348668280871,0.0,413
0,0.5,block3_h72_seed14,"3-block, H=72",context_cls,0.7094430992736077,0.09200968523002422,413
0,0.5,block3_h72_seed14,"3-block, H=72",knn_context,0.7324455205811138,0.002421307506053269,413
0,0.5,block3_h72_seed14,"3-block, H=72",rh_context,0.7324455205811138,0.002421307506053269,413
0,0.5,block3_h72_seed14,"3-block, H=72",knn_context_latent,0.7215496368038741,0.048426150121065374,413
0,0.5,block3_h72_seed14,"3-block, H=72",rh_context_latent,0.7312348668280871,0.0,413
1,0.02,block3_h36_seed13,"3-block, H=36",cheap,0.8508557457212714,0.0,409
1,0.02,block3_h36_seed13,"3-block, H=36",full,0.8088508557457214,1.0,409
1,0.02,block3_h36_seed13,"3-block, H=36",oracle,0.88679706601467,0.03667481662591687,409
1,0.02,block3_h36_seed13,"3-block, H=36",confidence,0.8505623471882641,0.13691931540342298,409
1,0.02,block3_h36_seed13,"3-block, H=36",context_cls,0.8571149144254279,0.05378973105134474,409
1,0.02,block3_h36_seed13,"3-block, H=36",knn_context,0.8656723716381418,0.11491442542787286,409
1,0.02,block3_h36_seed13,"3-block, H=36",rh_context,0.86,0.03178484107579462,409
1,0.02,block3_h36_seed13,"3-block, H=36",knn_context_latent,0.8535452322738387,0.1100244498777506,409
1,0.02,block3_h36_seed13,"3-block, H=36",rh_context_latent,0.8594621026894865,0.05867970660146699,409
1,0.05,block3_h36_seed13,"3-block, H=36",cheap,0.8508557457212714,0.0,409
1,0.05,block3_h36_seed13,"3-block, H=36",full,0.7788508557457212,1.0,409
1,0.05,block3_h36_seed13,"3-block, H=36",oracle,0.8856968215158925,0.03667481662591687,409
1,0.05,block3_h36_seed13,"3-block, H=36",confidence,0.8508557457212714,0.0,409
1,0.05,block3_h36_seed13,"3-block, H=36",context_cls,0.8555012224938875,0.05378973105134474,409
1,0.05,block3_h36_seed13,"3-block, H=36",knn_context,0.8622249388753056,0.11491442542787286,409
1,0.05,block3_h36_seed13,"3-block, H=36",rh_context,0.8590464547677261,0.03178484107579462,409
1,0.05,block3_h36_seed13,"3-block, H=36",knn_context_latent,0.8502444987775061,0.1100244498777506,409
1,0.05,block3_h36_seed13,"3-block, H=36",rh_context_latent,0.8614914425427872,0.08068459657701711,409
1,0.1,block3_h36_seed13,"3-block, H=36",cheap,0.8508557457212714,0.0,409
1,0.1,block3_h36_seed13,"3-block, H=36",full,0.7288508557457215,1.0,409
1,0.1,block3_h36_seed13,"3-block, H=36",oracle,0.8838630806845966,0.03667481662591687,409
1,0.1,block3_h36_seed13,"3-block, H=36",confidence,0.8508557457212714,0.0,409
1,0.1,block3_h36_seed13,"3-block, H=36",context_cls,0.8574572127139365,0.03178484107579462,409
1,0.1,block3_h36_seed13,"3-block, H=36",knn_context,0.856479217603912,0.11491442542787286,409
1,0.1,block3_h36_seed13,"3-block, H=36",rh_context,0.8584352078239608,0.022004889975550123,409
1,0.1,block3_h36_seed13,"3-block, H=36",knn_context_latent,0.8530562347188263,0.05134474327628362,409
1,0.1,block3_h36_seed13,"3-block, H=36",rh_context_latent,0.8552567237163813,0.05378973105134474,409
1,0.2,block3_h36_seed13,"3-block, H=36",cheap,0.8508557457212714,0.0,409
1,0.2,block3_h36_seed13,"3-block, H=36",full,0.6288508557457212,1.0,409
1,0.2,block3_h36_seed13,"3-block, H=36",oracle,0.8801955990220048,0.03667481662591687,409
1,0.2,block3_h36_seed13,"3-block, H=36",confidence,0.8508557457212714,0.0,409
1,0.2,block3_h36_seed13,"3-block, H=36",context_cls,0.8523227383863081,0.017114914425427872,409
1,0.2,block3_h36_seed13,"3-block, H=36",knn_context,0.8552567237163813,0.014669926650366748,409
1,0.2,block3_h36_seed13,"3-block, H=36",rh_context,0.8562347188264059,0.022004889975550123,409
1,0.2,block3_h36_seed13,"3-block, H=36",knn_context_latent,0.847921760391198,0.05134474327628362,409
1,0.2,block3_h36_seed13,"3-block, H=36",rh_context_latent,0.8508557457212714,0.0,409
1,0.3,block3_h36_seed13,"3-block, H=36",cheap,0.8508557457212714,0.0,409
1,0.3,block3_h36_seed13,"3-block, H=36",full,0.5288508557457213,1.0,409
1,0.3,block3_h36_seed13,"3-block, H=36",oracle,0.8765281173594132,0.03667481662591687,409
1,0.3,block3_h36_seed13,"3-block, H=36",confidence,0.8508557457212714,0.0,409
1,0.3,block3_h36_seed13,"3-block, H=36",context_cls,0.8506112469437652,0.017114914425427872,409
1,0.3,block3_h36_seed13,"3-block, H=36",knn_context,0.8508557457212714,0.0,409
1,0.3,block3_h36_seed13,"3-block, H=36",rh_context,0.850122249388753,0.0024449877750611247,409
1,0.3,block3_h36_seed13,"3-block, H=36",knn_context_latent,0.8508557457212714,0.0,409
1,0.3,block3_h36_seed13,"3-block, H=36",rh_context_latent,0.8508557457212714,0.0,409
1,0.5,block3_h36_seed13,"3-block, H=36",cheap,0.8508557457212714,0.0,409
1,0.5,block3_h36_seed13,"3-block, H=36",full,0.32885085574572126,1.0,409
1,0.5,block3_h36_seed13,"3-block, H=36",oracle,0.8691931540342298,0.03667481662591687,409
1,0.5,block3_h36_seed13,"3-block, H=36",confidence,0.8508557457212714,0.0,409
1,0.5,block3_h36_seed13,"3-block, H=36",context_cls,0.8533007334963325,0.004889975550122249,409
1,0.5,block3_h36_seed13,"3-block, H=36",knn_context,0.8508557457212714,0.0,409
1,0.5,block3_h36_seed13,"3-block, H=36",rh_context,0.8484107579462102,0.009779951100244499,409
1,0.5,block3_h36_seed13,"3-block, H=36",knn_context_latent,0.8508557457212714,0.0,409
1,0.5,block3_h36_seed13,"3-block, H=36",rh_context_latent,0.8508557457212714,0.0,409
1,0.02,block3_h48_seed10,"3-block, H=48",cheap,0.8855721393034826,0.0,402
1,0.02,block3_h48_seed10,"3-block, H=48",full,0.8207960199004976,1.0,402
1,0.02,block3_h48_seed10,"3-block, H=48",oracle,0.9148258706467661,0.029850746268656716,402
1,0.02,block3_h48_seed10,"3-block, H=48",confidence,0.8703980099502487,0.13681592039800994,402
1,0.02,block3_h48_seed10,"3-block, H=48",context_cls,0.8866169154228856,0.07213930348258707,402
1,0.02,block3_h48_seed10,"3-block, H=48",knn_context,0.8802985074626866,0.13930348258706468,402
1,0.02,block3_h48_seed10,"3-block, H=48",rh_context,0.8687562189054726,0.21890547263681592,402
1,0.02,block3_h48_seed10,"3-block, H=48",knn_context_latent,0.88,0.15422885572139303,402
1,0.02,block3_h48_seed10,"3-block, H=48",rh_context_latent,0.8807462686567165,0.11691542288557213,402
1,0.05,block3_h48_seed10,"3-block, H=48",cheap,0.8855721393034826,0.0,402
1,0.05,block3_h48_seed10,"3-block, H=48",full,0.7907960199004974,1.0,402
1,0.05,block3_h48_seed10,"3-block, H=48",oracle,0.9139303482587064,0.029850746268656716,402
1,0.05,block3_h48_seed10,"3-block, H=48",confidence,0.8662935323383084,0.13681592039800994,402
1,0.05,block3_h48_seed10,"3-block, H=48",context_cls,0.884452736318408,0.07213930348258707,402
1,0.05,block3_h48_seed10,"3-block, H=48",knn_context,0.8761194029850746,0.13930348258706468,402
1,0.05,block3_h48_seed10,"3-block, H=48",rh_context,0.881592039800995,0.07960199004975124,402
1,0.05,block3_h48_seed10,"3-block, H=48",knn_context_latent,0.8753731343283582,0.15422885572139303,402
1,0.05,block3_h48_seed10,"3-block, H=48",rh_context_latent,0.8779850746268656,0.10199004975124377,402
1,0.1,block3_h48_seed10,"3-block, H=48",cheap,0.8855721393034826,0.0,402
1,0.1,block3_h48_seed10,"3-block, H=48",full,0.7407960199004977,1.0,402
1,0.1,block3_h48_seed10,"3-block, H=48",oracle,0.9124378109452735,0.029850746268656716,402
1,0.1,block3_h48_seed10,"3-block, H=48",confidence,0.8855721393034826,0.0,402
1,0.1,block3_h48_seed10,"3-block, H=48",context_cls,0.8808457711442786,0.07213930348258707,402
1,0.1,block3_h48_seed10,"3-block, H=48",knn_context,0.8691542288557214,0.13930348258706468,402
1,0.1,block3_h48_seed10,"3-block, H=48",rh_context,0.8776119402985075,0.07960199004975124,402
1,0.1,block3_h48_seed10,"3-block, H=48",knn_context_latent,0.8664179104477612,0.09203980099502487,402
1,0.1,block3_h48_seed10,"3-block, H=48",rh_context_latent,0.8728855721393036,0.10199004975124377,402
1,0.2,block3_h48_seed10,"3-block, H=48",cheap,0.8855721393034826,0.0,402
1,0.2,block3_h48_seed10,"3-block, H=48",full,0.6407960199004974,1.0,402
1,0.2,block3_h48_seed10,"3-block, H=48",oracle,0.9094527363184081,0.029850746268656716,402
1,0.2,block3_h48_seed10,"3-block, H=48",confidence,0.8855721393034826,0.0,402
1,0.2,block3_h48_seed10,"3-block, H=48",context_cls,0.8791044776119402,0.04477611940298507,402
1,0.2,block3_h48_seed10,"3-block, H=48",knn_context,0.8885572139303483,0.03482587064676617,402
1,0.2,block3_h48_seed10,"3-block, H=48",rh_context,0.8870646766169155,0.029850746268656716,402
1,0.2,block3_h48_seed10,"3-block, H=48",knn_context_latent,0.8791044776119402,0.03233830845771144,402
1,0.2,block3_h48_seed10,"3-block, H=48",rh_context_latent,0.8800995024875622,0.02736318407960199,402
1,0.3,block3_h48_seed10,"3-block, H=48",cheap,0.8855721393034826,0.0,402
1,0.3,block3_h48_seed10,"3-block, H=48",full,0.5407960199004976,1.0,402
1,0.3,block3_h48_seed10,"3-block, H=48",oracle,0.9064676616915422,0.029850746268656716,402
1,0.3,block3_h48_seed10,"3-block, H=48",confidence,0.8855721393034826,0.0,402
1,0.3,block3_h48_seed10,"3-block, H=48",context_cls,0.8746268656716418,0.04477611940298507,402
1,0.3,block3_h48_seed10,"3-block, H=48",knn_context,0.8850746268656716,0.03482587064676617,402
1,0.3,block3_h48_seed10,"3-block, H=48",rh_context,0.8840796019900496,0.029850746268656716,402
1,0.3,block3_h48_seed10,"3-block, H=48",knn_context_latent,0.8758706467661692,0.03233830845771144,402
1,0.3,block3_h48_seed10,"3-block, H=48",rh_context_latent,0.8813432835820896,0.022388059701492536,402
1,0.5,block3_h48_seed10,"3-block, H=48",cheap,0.8855721393034826,0.0,402
1,0.5,block3_h48_seed10,"3-block, H=48",full,0.3407960199004975,1.0,402
1,0.5,block3_h48_seed10,"3-block, H=48",oracle,0.900497512437811,0.029850746268656716,402
1,0.5,block3_h48_seed10,"3-block, H=48",confidence,0.8855721393034826,0.0,402
1,0.5,block3_h48_seed10,"3-block, H=48",context_cls,0.8768656716417911,0.03233830845771144,402
1,0.5,block3_h48_seed10,"3-block, H=48",knn_context,0.8855721393034826,0.0,402
1,0.5,block3_h48_seed10,"3-block, H=48",rh_context,0.8855721393034826,0.0,402
1,0.5,block3_h48_seed10,"3-block, H=48",knn_context_latent,0.8855721393034826,0.0,402
1,0.5,block3_h48_seed10,"3-block, H=48",rh_context_latent,0.8855721393034826,0.0,402
1,0.02,block3_h72_seed14,"3-block, H=72",cheap,0.8498789346246973,0.0,413
1,0.02,block3_h72_seed14,"3-block, H=72",full,0.7984019370460052,1.0,413
1,0.02,block3_h72_seed14,"3-block, H=72",oracle,0.9092009685230025,0.06053268765133172,413
1,0.02,block3_h72_seed14,"3-block, H=72",confidence,0.8388377723970944,0.06779661016949153,413
1,0.02,block3_h72_seed14,"3-block, H=72",context_cls,0.8373365617433415,0.021791767554479417,413
1,0.02,block3_h72_seed14,"3-block, H=72",knn_context,0.8498305084745763,0.1234866828087167,413
1,0.02,block3_h72_seed14,"3-block, H=72",rh_context,0.8588861985472156,0.03389830508474576,413
1,0.02,block3_h72_seed14,"3-block, H=72",knn_context_latent,0.8477966101694916,0.10411622276029056,413
1,0.02,block3_h72_seed14,"3-block, H=72",rh_context_latent,0.8477966101694916,0.10411622276029056,413
1,0.05,block3_h72_seed14,"3-block, H=72",cheap,0.8498789346246973,0.0,413
1,0.05,block3_h72_seed14,"3-block, H=72",full,0.7684019370460048,1.0,413
1,0.05,block3_h72_seed14,"3-block, H=72",oracle,0.9073849878934624,0.06053268765133172,413
1,0.05,block3_h72_seed14,"3-block, H=72",confidence,0.8368038740920097,0.06779661016949153,413
1,0.05,block3_h72_seed14,"3-block, H=72",context_cls,0.8366828087167071,0.021791767554479417,413
1,0.05,block3_h72_seed14,"3-block, H=72",knn_context,0.8461259079903147,0.1234866828087167,413
1,0.05,block3_h72_seed14,"3-block, H=72",rh_context,0.8578692493946731,0.03389830508474576,413
1,0.05,block3_h72_seed14,"3-block, H=72",knn_context_latent,0.8446731234866829,0.10411622276029056,413
1,0.05,block3_h72_seed14,"3-block, H=72",rh_context_latent,0.8446731234866829,0.10411622276029056,413
1,0.1,block3_h72_seed14,"3-block, H=72",cheap,0.8498789346246973,0.0,413
1,0.1,block3_h72_seed14,"3-block, H=72",full,0.7184019370460051,1.0,413
1,0.1,block3_h72_seed14,"3-block, H=72",oracle,0.9043583535108959,0.06053268765133172,413
1,0.1,block3_h72_seed14,"3-block, H=72",confidence,0.8334140435835351,0.06779661016949153,413
1,0.1,block3_h72_seed14,"3-block, H=72",context_cls,0.8355932203389831,0.021791767554479417,413
1,0.1,block3_h72_seed14,"3-block, H=72",knn_context,0.8399515738498788,0.1234866828087167,413
1,0.1,block3_h72_seed14,"3-block, H=72",rh_context,0.8561743341404359,0.03389830508474576,413
1,0.1,block3_h72_seed14,"3-block, H=72",knn_context_latent,0.8394673123486683,0.10411622276029056,413
1,0.1,block3_h72_seed14,"3-block, H=72",rh_context_latent,0.8440677966101695,0.05811138014527845,413
1,0.2,block3_h72_seed14,"3-block, H=72",cheap,0.8498789346246973,0.0,413
1,0.2,block3_h72_seed14,"3-block, H=72",full,0.6184019370460048,1.0,413
1,0.2,block3_h72_seed14,"3-block, H=72",oracle,0.8983050847457628,0.06053268765133172,413
1,0.2,block3_h72_seed14,"3-block, H=72",confidence,0.8392251815980629,0.01694915254237288,413
1,0.2,block3_h72_seed14,"3-block, H=72",context_cls,0.8334140435835351,0.021791767554479417,413
1,0.2,block3_h72_seed14,"3-block, H=72",knn_context,0.8513317191283294,0.004842615012106538,413
1,0.2,block3_h72_seed14,"3-block, H=72",rh_context,0.8493946731234867,0.002421307506053269,413
1,0.2,block3_h72_seed14,"3-block, H=72",knn_context_latent,0.8421307506053269,0.05084745762711865,413
1,0.2,block3_h72_seed14,"3-block, H=72",rh_context_latent,0.8421307506053269,0.05084745762711865,413
1,0.3,block3_h72_seed14,"3-block, H=72",cheap,0.8498789346246973,0.0,413
1,0.3,block3_h72_seed14,"3-block, H=72",full,0.518401937046005,1.0,413
1,0.3,block3_h72_seed14,"3-block, H=72",oracle,0.8922518159806295,0.06053268765133172,413
1,0.3,block3_h72_seed14,"3-block, H=72",confidence,0.8498789346246973,0.0,413
1,0.3,block3_h72_seed14,"3-block, H=72",context_cls,0.8312348668280872,0.021791767554479417,413
1,0.3,block3_h72_seed14,"3-block, H=72",knn_context,0.8498789346246973,0.0,413
1,0.3,block3_h72_seed14,"3-block, H=72",rh_context,0.8498789346246973,0.0,413
1,0.3,block3_h72_seed14,"3-block, H=72",knn_context_latent,0.8370460048426149,0.05084745762711865,413
1,0.3,block3_h72_seed14,"3-block, H=72",rh_context_latent,0.8498789346246973,0.0,413
1,0.5,block3_h72_seed14,"3-block, H=72",cheap,0.8498789346246973,0.0,413
1,0.5,block3_h72_seed14,"3-block, H=72",full,0.31840193704600483,1.0,413
1,0.5,block3_h72_seed14,"3-block, H=72",oracle,0.8801452784503632,0.06053268765133172,413
1,0.5,block3_h72_seed14,"3-block, H=72",confidence,0.8498789346246973,0.0,413
1,0.5,block3_h72_seed14,"3-block, H=72",context_cls,0.8498789346246973,0.0,413
1,0.5,block3_h72_seed14,"3-block, H=72",knn_context,0.8498789346246973,0.0,413
1,0.5,block3_h72_seed14,"3-block, H=72",rh_context,0.8498789346246973,0.0,413
1,0.5,block3_h72_seed14,"3-block, H=72",knn_context_latent,0.8498789346246973,0.0,413
1,0.5,block3_h72_seed14,"3-block, H=72",rh_context_latent,0.8498789346246973,0.0,413
2,0.02,block3_h36_seed13,"3-block, H=36",cheap,0.8581907090464548,0.0,409
2,0.02,block3_h36_seed13,"3-block, H=36",full,0.8088508557457214,1.0,409
2,0.02,block3_h36_seed13,"3-block, H=36",oracle,0.8893398533007335,0.03178484107579462,409
2,0.02,block3_h36_seed13,"3-block, H=36",confidence,0.8572616136919315,0.1687041564792176,409
2,0.02,block3_h36_seed13,"3-block, H=36",context_cls,0.8602933985330073,0.017114914425427872,409
2,0.02,block3_h36_seed13,"3-block, H=36",knn_context,0.8684596577017116,0.097799511002445,409
2,0.02,block3_h36_seed13,"3-block, H=36",rh_context,0.865036674816626,0.1466992665036675,409
2,0.02,block3_h36_seed13,"3-block, H=36",knn_context_latent,0.8596577017114915,0.17114914425427874,409
2,0.02,block3_h36_seed13,"3-block, H=36",rh_context_latent,0.8665036674816626,0.19559902200489,409
2,0.05,block3_h36_seed13,"3-block, H=36",cheap,0.8581907090464548,0.0,409
2,0.05,block3_h36_seed13,"3-block, H=36",full,0.7788508557457212,1.0,409
2,0.05,block3_h36_seed13,"3-block, H=36",oracle,0.8883863080684598,0.03178484107579462,409
2,0.05,block3_h36_seed13,"3-block, H=36",confidence,0.8562347188264059,0.13691931540342298,409
2,0.05,block3_h36_seed13,"3-block, H=36",context_cls,0.8597799511002444,0.017114914425427872,409
2,0.05,block3_h36_seed13,"3-block, H=36",knn_context,0.8655256723716381,0.097799511002445,409
2,0.05,block3_h36_seed13,"3-block, H=36",rh_context,0.8628361858190708,0.05378973105134474,409
2,0.05,block3_h36_seed13,"3-block, H=36",knn_context_latent,0.8545232273838631,0.17114914425427874,409
2,0.05,block3_h36_seed13,"3-block, H=36",rh_context_latent,0.8693154034229827,0.07090464547677261,409
2,0.1,block3_h36_seed13,"3-block, H=36",cheap,0.8581907090464548,0.0,409
2,0.1,block3_h36_seed13,"3-block, H=36",full,0.7288508557457215,1.0,409
2,0.1,block3_h36_seed13,"3-block, H=36",oracle,0.8867970660146699,0.03178484107579462,409
2,0.1,block3_h36_seed13,"3-block, H=36",confidence,0.8535452322738387,0.09535452322738386,409
2,0.1,block3_h36_seed13,"3-block, H=36",context_cls,0.8589242053789732,0.017114914425427872,409
2,0.1,block3_h36_seed13,"3-block, H=36",knn_context,0.8559902200488997,0.022004889975550123,409
2,0.1,block3_h36_seed13,"3-block, H=36",rh_context,0.8572127139364304,0.009779951100244499,409
2,0.1,block3_h36_seed13,"3-block, H=36",knn_context_latent,0.8608801955990221,0.09535452322738386,409
2,0.1,block3_h36_seed13,"3-block, H=36",rh_context_latent,0.8657701711491443,0.07090464547677261,409
2,0.2,block3_h36_seed13,"3-block, H=36",cheap,0.8581907090464548,0.0,409
2,0.2,block3_h36_seed13,"3-block, H=36",full,0.6288508557457212,1.0,409
2,0.2,block3_h36_seed13,"3-block, H=36",oracle,0.8836185819070904,0.03178484107579462,409
2,0.2,block3_h36_seed13,"3-block, H=36",confidence,0.8581907090464548,0.0,409
2,0.2,block3_h36_seed13,"3-block, H=36",context_cls,0.8572127139364304,0.017114914425427872,409
2,0.2,block3_h36_seed13,"3-block, H=36",knn_context,0.8537897310513448,0.022004889975550123,409
2,0.2,block3_h36_seed13,"3-block, H=36",rh_context,0.8562347188264059,0.009779951100244499,409
2,0.2,block3_h36_seed13,"3-block, H=36",knn_context_latent,0.8586797066014671,0.07090464547677261,409
2,0.2,block3_h36_seed13,"3-block, H=36",rh_context_latent,0.8601466992665037,0.05134474327628362,409
2,0.3,block3_h36_seed13,"3-block, H=36",cheap,0.8581907090464548,0.0,409
2,0.3,block3_h36_seed13,"3-block, H=36",full,0.5288508557457213,1.0,409
2,0.3,block3_h36_seed13,"3-block, H=36",oracle,0.880440097799511,0.03178484107579462,409
2,0.3,block3_h36_seed13,"3-block, H=36",confidence,0.8581907090464548,0.0,409
2,0.3,block3_h36_seed13,"3-block, H=36",context_cls,0.8555012224938875,0.017114914425427872,409
2,0.3,block3_h36_seed13,"3-block, H=36",knn_context,0.8567237163814181,0.004889975550122249,409
2,0.3,block3_h36_seed13,"3-block, H=36",rh_context,0.8567237163814181,0.004889975550122249,409
2,0.3,block3_h36_seed13,"3-block, H=36",knn_context_latent,0.8601466992665037,0.034229828850855744,409
2,0.3,block3_h36_seed13,"3-block, H=36",rh_context_latent,0.8591687041564792,0.029339853300733496,409
2,0.5,block3_h36_seed13,"3-block, H=36",cheap,0.8581907090464548,0.0,409
2,0.5,block3_h36_seed13,"3-block, H=36",full,0.32885085574572126,1.0,409
2,0.5,block3_h36_seed13,"3-block, H=36",oracle,0.8740831295843521,0.03178484107579462,409
2,0.5,block3_h36_seed13,"3-block, H=36",confidence,0.8581907090464548,0.0,409
2,0.5,block3_h36_seed13,"3-block, H=36",context_cls,0.8520782396088019,0.017114914425427872,409
2,0.5,block3_h36_seed13,"3-block, H=36",knn_context,0.8581907090464548,0.0,409
2,0.5,block3_h36_seed13,"3-block, H=36",rh_context,0.8581907090464548,0.0,409
2,0.5,block3_h36_seed13,"3-block, H=36",knn_context_latent,0.8533007334963325,0.034229828850855744,409
2,0.5,block3_h36_seed13,"3-block, H=36",rh_context_latent,0.8594132029339854,0.0024449877750611247,409
2,0.02,block3_h48_seed10,"3-block, H=48",cheap,0.8631840796019901,0.0,402
2,0.02,block3_h48_seed10,"3-block, H=48",full,0.8207960199004976,1.0,402
2,0.02,block3_h48_seed10,"3-block, H=48",oracle,0.9046268656716419,0.04228855721393035,402
2,0.02,block3_h48_seed10,"3-block, H=48",confidence,0.8700995024875621,0.1517412935323383,402
2,0.02,block3_h48_seed10,"3-block, H=48",context_cls,0.8544278606965174,0.06467661691542288,402
2,0.02,block3_h48_seed10,"3-block, H=48",knn_context,0.8649751243781095,0.15920398009950248,402
2,0.02,block3_h48_seed10,"3-block, H=48",rh_context,0.8678109452736319,0.1417910447761194,402
2,0.02,block3_h48_seed10,"3-block, H=48",knn_context_latent,0.8581094527363184,0.12935323383084577,402
2,0.02,block3_h48_seed10,"3-block, H=48",rh_context_latent,0.8582587064676617,0.12189054726368159,402
2,0.05,block3_h48_seed10,"3-block, H=48",cheap,0.8631840796019901,0.0,402
2,0.05,block3_h48_seed10,"3-block, H=48",full,0.7907960199004974,1.0,402
2,0.05,block3_h48_seed10,"3-block, H=48",oracle,0.9033582089552238,0.04228855721393035,402
2,0.05,block3_h48_seed10,"3-block, H=48",confidence,0.865547263681592,0.1517412935323383,402
2,0.05,block3_h48_seed10,"3-block, H=48",context_cls,0.8524875621890547,0.06467661691542288,402
2,0.05,block3_h48_seed10,"3-block, H=48",knn_context,0.858084577114428,0.05223880597014925,402
2,0.05,block3_h48_seed10,"3-block, H=48",rh_context,0.8592039800995024,0.07960199004975124,402
2,0.05,block3_h48_seed10,"3-block, H=48",knn_context_latent,0.854228855721393,0.12935323383084577,402
2,0.05,block3_h48_seed10,"3-block, H=48",rh_context_latent,0.8598258706467661,0.06716417910447761,402
2,0.1,block3_h48_seed10,"3-block, H=48",cheap,0.8631840796019901,0.0,402
2,0.1,block3_h48_seed10,"3-block, H=48",full,0.7407960199004977,1.0,402
2,0.1,block3_h48_seed10,"3-block, H=48",oracle,0.9012437810945273,0.04228855721393035,402
2,0.1,block3_h48_seed10,"3-block, H=48",confidence,0.872636815920398,0.07960199004975124,402
2,0.1,block3_h48_seed10,"3-block, H=48",context_cls,0.8492537313432835,0.06467661691542288,402
2,0.1,block3_h48_seed10,"3-block, H=48",knn_context,0.8554726368159203,0.05223880597014925,402
2,0.1,block3_h48_seed10,"3-block, H=48",rh_context,0.8534825870646767,0.0472636815920398,402
2,0.1,block3_h48_seed10,"3-block, H=48",knn_context_latent,0.8564676616915423,0.06716417910447761,402
2,0.1,block3_h48_seed10,"3-block, H=48",rh_context_latent,0.8564676616915423,0.06716417910447761,402
2,0.2,block3_h48_seed10,"3-block, H=48",cheap,0.8631840796019901,0.0,402
2,0.2,block3_h48_seed10,"3-block, H=48",full,0.6407960199004974,1.0,402
2,0.2,block3_h48_seed10,"3-block, H=48",oracle,0.8970149253731344,0.04228855721393035,402
2,0.2,block3_h48_seed10,"3-block, H=48",confidence,0.8631840796019901,0.0,402
2,0.2,block3_h48_seed10,"3-block, H=48",context_cls,0.8477611940298507,0.05223880597014925,402
2,0.2,block3_h48_seed10,"3-block, H=48",knn_context,0.8502487562189054,0.05223880597014925,402
2,0.2,block3_h48_seed10,"3-block, H=48",rh_context,0.8577114427860697,0.05223880597014925,402
2,0.2,block3_h48_seed10,"3-block, H=48",knn_context_latent,0.8557213930348259,0.024875621890547265,402
2,0.2,block3_h48_seed10,"3-block, H=48",rh_context_latent,0.8552238805970149,0.03980099502487562,402
2,0.3,block3_h48_seed10,"3-block, H=48",cheap,0.8631840796019901,0.0,402
2,0.3,block3_h48_seed10,"3-block, H=48",full,0.5407960199004976,1.0,402
2,0.3,block3_h48_seed10,"3-block, H=48",oracle,0.8927860696517412,0.04228855721393035,402
2,0.3,block3_h48_seed10,"3-block, H=48",confidence,0.8631840796019901,0.0,402
2,0.3,block3_h48_seed10,"3-block, H=48",context_cls,0.8425373134328358,0.05223880597014925,402
2,0.3,block3_h48_seed10,"3-block, H=48",knn_context,0.8589552238805971,0.022388059701492536,402
2,0.3,block3_h48_seed10,"3-block, H=48",rh_context,0.8631840796019901,0.024875621890547265,402
2,0.3,block3_h48_seed10,"3-block, H=48",knn_context_latent,0.8619402985074627,0.012437810945273632,402
2,0.3,block3_h48_seed10,"3-block, H=48",rh_context_latent,0.8641791044776119,0.004975124378109453,402
2,0.5,block3_h48_seed10,"3-block, H=48",cheap,0.8631840796019901,0.0,402
2,0.5,block3_h48_seed10,"3-block, H=48",full,0.3407960199004975,1.0,402
2,0.5,block3_h48_seed10,"3-block, H=48",oracle,0.8843283582089553,0.04228855721393035,402
2,0.5,block3_h48_seed10,"3-block, H=48",confidence,0.8631840796019901,0.0,402
2,0.5,block3_h48_seed10,"3-block, H=48",context_cls,0.832089552238806,0.05223880597014925,402
2,0.5,block3_h48_seed10,"3-block, H=48",knn_context,0.8544776119402985,0.022388059701492536,402
2,0.5,block3_h48_seed10,"3-block, H=48",rh_context,0.8631840796019901,0.0,402
2,0.5,block3_h48_seed10,"3-block, H=48",knn_context_latent,0.8619402985074627,0.007462686567164179,402
2,0.5,block3_h48_seed10,"3-block, H=48",rh_context_latent,0.8631840796019901,0.004975124378109453,402
2,0.02,block3_h72_seed14,"3-block, H=72",cheap,0.7941888619854721,0.0,413
2,0.02,block3_h72_seed14,"3-block, H=72",full,0.7984019370460052,1.0,413
2,0.02,block3_h72_seed14,"3-block, H=72",oracle,0.8772397094430993,0.0847457627118644,413
2,0.02,block3_h72_seed14,"3-block, H=72",confidence,0.8106053268765132,0.14769975786924938,413
2,0.02,block3_h72_seed14,"3-block, H=72",context_cls,0.8003389830508475,0.05569007263922518,413
2,0.02,block3_h72_seed14,"3-block, H=72",knn_context,0.8068280871670703,0.21549636803874092,413
2,0.02,block3_h72_seed14,"3-block, H=72",rh_context,0.8203389830508476,0.26634382566585957,413
2,0.02,block3_h72_seed14,"3-block, H=72",knn_context_latent,0.8171912832929782,0.18159806295399517,413
2,0.02,block3_h72_seed14,"3-block, H=72",rh_context_latent,0.8112832929782083,0.11380145278450363,413
2,0.05,block3_h72_seed14,"3-block, H=72",cheap,0.7941888619854721,0.0,413
2,0.05,block3_h72_seed14,"3-block, H=72",full,0.7684019370460048,1.0,413
2,0.05,block3_h72_seed14,"3-block, H=72",oracle,0.8746973365617433,0.0847457627118644,413
2,0.05,block3_h72_seed14,"3-block, H=72",confidence,0.8061743341404358,0.14769975786924938,413
2,0.05,block3_h72_seed14,"3-block, H=72",context_cls,0.7986682808716707,0.05569007263922518,413
2,0.05,block3_h72_seed14,"3-block, H=72",knn_context,0.8032687651331719,0.15738498789346247,413
2,0.05,block3_h72_seed14,"3-block, H=72",rh_context,0.8060532687651332,0.15012106537530268,413
2,0.05,block3_h72_seed14,"3-block, H=72",knn_context_latent,0.8117433414043583,0.18159806295399517,413
2,0.05,block3_h72_seed14,"3-block, H=72",rh_context_latent,0.8078692493946731,0.11380145278450363,413
2,0.1,block3_h72_seed14,"3-block, H=72",cheap,0.7941888619854721,0.0,413
2,0.1,block3_h72_seed14,"3-block, H=72",full,0.7184019370460051,1.0,413
2,0.1,block3_h72_seed14,"3-block, H=72",oracle,0.8704600484261501,0.0847457627118644,413
2,0.1,block3_h72_seed14,"3-block, H=72",confidence,0.788135593220339,0.0847457627118644,413
2,0.1,block3_h72_seed14,"3-block, H=72",context_cls,0.7958837772397094,0.05569007263922518,413
2,0.1,block3_h72_seed14,"3-block, H=72",knn_context,0.7917675544794189,0.09685230024213075,413
2,0.1,block3_h72_seed14,"3-block, H=72",rh_context,0.7987893462469733,0.026634382566585957,413
2,0.1,block3_h72_seed14,"3-block, H=72",knn_context_latent,0.8062953995157385,0.07263922518159806,413
2,0.1,block3_h72_seed14,"3-block, H=72",rh_context_latent,0.8055690072639227,0.10411622276029056,413
2,0.2,block3_h72_seed14,"3-block, H=72",cheap,0.7941888619854721,0.0,413
2,0.2,block3_h72_seed14,"3-block, H=72",full,0.6184019370460048,1.0,413
2,0.2,block3_h72_seed14,"3-block, H=72",oracle,0.8619854721549637,0.0847457627118644,413
2,0.2,block3_h72_seed14,"3-block, H=72",confidence,0.7941888619854721,0.0,413
2,0.2,block3_h72_seed14,"3-block, H=72",context_cls,0.7874092009685231,0.04600484261501211,413
2,0.2,block3_h72_seed14,"3-block, H=72",knn_context,0.7961259079903148,0.0387409200968523,413
2,0.2,block3_h72_seed14,"3-block, H=72",rh_context,0.7961259079903148,0.026634382566585957,413
2,0.2,block3_h72_seed14,"3-block, H=72",knn_context_latent,0.8004842615012107,0.029055690072639227,413
2,0.2,block3_h72_seed14,"3-block, H=72",rh_context_latent,0.8024213075060532,0.01937046004842615,413
2,0.3,block3_h72_seed14,"3-block, H=72",cheap,0.7941888619854721,0.0,413
2,0.3,block3_h72_seed14,"3-block, H=72",full,0.518401937046005,1.0,413
2,0.3,block3_h72_seed14,"3-block, H=72",oracle,0.8535108958837773,0.0847457627118644,413
2,0.3,block3_h72_seed14,"3-block, H=72",confidence,0.7941888619854721,0.0,413
2,0.3,block3_h72_seed14,"3-block, H=72",context_cls,0.7828087167070217,0.04600484261501211,413
2,0.3,block3_h72_seed14,"3-block, H=72",knn_context,0.7944309927360775,0.007263922518159807,413
2,0.3,block3_h72_seed14,"3-block, H=72",rh_context,0.7934624697336562,0.026634382566585957,413
2,0.3,block3_h72_seed14,"3-block, H=72",knn_context_latent,0.7975786924939466,0.029055690072639227,413
2,0.3,block3_h72_seed14,"3-block, H=72",rh_context_latent,0.8004842615012107,0.01937046004842615,413
2,0.5,block3_h72_seed14,"3-block, H=72",cheap,0.7941888619854721,0.0,413
2,0.5,block3_h72_seed14,"3-block, H=72",full,0.31840193704600483,1.0,413
2,0.5,block3_h72_seed14,"3-block, H=72",oracle,0.8365617433414043,0.0847457627118644,413
2,0.5,block3_h72_seed14,"3-block, H=72",confidence,0.7941888619854721,0.0,413
2,0.5,block3_h72_seed14,"3-block, H=72",context_cls,0.7736077481840193,0.04600484261501211,413
2,0.5,block3_h72_seed14,"3-block, H=72",knn_context,0.7929782082324455,0.007263922518159807,413
2,0.5,block3_h72_seed14,"3-block, H=72",rh_context,0.7941888619854721,0.0,413
2,0.5,block3_h72_seed14,"3-block, H=72",knn_context_latent,0.7941888619854721,0.009685230024213076,413
2,0.5,block3_h72_seed14,"3-block, H=72",rh_context_latent,0.7941888619854721,0.0,413
