lambda,heldout,variant_label,method,utility_mean,utility_std,route_rate_mean,route_rate_std,n
0.02,block3_h36_seed13,"3-block, H=36",cheap,0.8687856560717196,0.02497400724701637,0.0,0.0,409
0.02,block3_h36_seed13,"3-block, H=36",confidence,0.8534637326813366,0.0034384329397987934,0.19559902200489,0.07579462102689487,409
0.02,block3_h36_seed13,"3-block, H=36",context_cls,0.868117359413203,0.01638141809290957,0.033414832925835365,0.018673902587432113,409
0.02,block3_h36_seed13,"3-block, H=36",full,0.8088508557457214,0.0,1.0,0.0,409
0.02,block3_h36_seed13,"3-block, H=36",knn_context,0.8634392828035861,0.006434422506413019,0.14506927465362673,0.06759554780682629,409
0.02,block3_h36_seed13,"3-block, H=36",knn_context_latent,0.8627383863080685,0.011060104281057935,0.18011409942950285,0.07497519564535891,409
0.02,block3_h36_seed13,"3-block, H=36",oracle,0.9055256723716382,0.030263497303094574,0.037489812550937245,0.006153084299324168,409
0.02,block3_h36_seed13,"3-block, H=36",rh_context,0.8633740831295844,0.0029221439938052055,0.14832925835370825,0.11736790243678379,409
0.02,block3_h36_seed13,"3-block, H=36",rh_context_latent,0.8675794621026895,0.008705255280772161,0.14180929095354525,0.07302290720326689,409
0.02,block3_h48_seed10,"3-block, H=48",cheap,0.867330016583748,0.01656300526984926,0.0,0.0,402
0.02,block3_h48_seed10,"3-block, H=48",confidence,0.8678109452736318,0.004225049501604359,0.1417910447761194,0.008617168196860096,402
0.02,block3_h48_seed10,"3-block, H=48",context_cls,0.8676451077943615,0.01684844313935933,0.06716417910447761,0.0043085840984300496,402
0.02,block3_h48_seed10,"3-block, H=48",full,0.8207960199004974,0.0,1.0,0.0,402
0.02,block3_h48_seed10,"3-block, H=48",knn_context,0.870497512437811,0.008510662457235776,0.1318407960199005,0.03175906799702414,402
0.02,block3_h48_seed10,"3-block, H=48",knn_context_latent,0.8680099502487563,0.011093858043750753,0.1733001658374793,0.05597475566082147,402
0.02,block3_h48_seed10,"3-block, H=48",oracle,0.9112106135986733,0.0057108562575509236,0.04477611940298507,0.016312036130104478,402
0.02,block3_h48_seed10,"3-block, H=48",rh_context,0.8691708126036485,0.0016077684893022774,0.15671641791044777,0.05623211221620555,402
0.02,block3_h48_seed10,"3-block, H=48",rh_context_latent,0.8692039800995026,0.011255662282490976,0.1550580431177446,0.061806451587344026,402
0.02,block3_h72_seed14,"3-block, H=72",cheap,0.7917675544794189,0.05935908315802068,0.0,0.0,413
0.02,block3_h72_seed14,"3-block, H=72",confidence,0.808458434221146,0.03150768976118627,0.13397901533494752,0.060500394937563075,413
0.02,block3_h72_seed14,"3-block, H=72",context_cls,0.8025343018563359,0.03375817919107869,0.06698950766747376,0.05178051632718463,413
0.02,block3_h72_seed14,"3-block, H=72",full,0.798401937046005,0.0,1.0,0.0,413
0.02,block3_h72_seed14,"3-block, H=72",knn_context,0.8210653753026635,0.024911759685468788,0.27037933817594834,0.18069725462721553,413
0.02,block3_h72_seed14,"3-block, H=72",knn_context_latent,0.8235835351089588,0.02173379428769245,0.1848264729620662,0.08237191814155334,413
0.02,block3_h72_seed14,"3-block, H=72",oracle,0.8930104923325262,0.01598476234866767,0.10330912025827281,0.05448390260447997,413
0.02,block3_h72_seed14,"3-block, H=72",rh_context,0.8270217917675545,0.029104237086444683,0.255044390637611,0.21571843352355563,413
0.02,block3_h72_seed14,"3-block, H=72",rh_context_latent,0.8184826472962067,0.026459355939685653,0.15738498789346247,0.08401623037722745,413
0.05,block3_h36_seed13,"3-block, H=36",cheap,0.8687856560717196,0.02497400724701637,0.0,0.0,409
0.05,block3_h36_seed13,"3-block, H=36",confidence,0.8504074979625101,0.006063783286192119,0.1393643031784841,0.1406027417342775,409
0.05,block3_h36_seed13,"3-block, H=36",context_cls,0.8671149144254279,0.01654888309374205,0.033414832925835365,0.018673902587432113,409
0.05,block3_h36_seed13,"3-block, H=36",full,0.7788508557457212,0.0,1.0,0.0,409
0.05,block3_h36_seed13,"3-block, H=36",knn_context,0.8590872045639771,0.008455852746545214,0.14506927465362673,0.06759554780682629,409
0.05,block3_h36_seed13,"3-block, H=36",knn_context_latent,0.8626731866340668,0.017949579860828912,0.13854930725346373,0.030765421496620832,409
0.05,block3_h36_seed13,"3-block, H=36",oracle,0.9044009779951101,0.030097441996450584,0.037489812550937245,0.006153084299324168,409
0.05,block3_h36_seed13,"3-block, H=36",rh_context,0.8610431947840261,0.0019030634765828313,0.10594947025264873,0.10995198192990638,409
0.05,block3_h36_seed13,"3-block, H=36",rh_context_latent,0.867481662591687,0.00531609166385307,0.10757946210268948,0.055269704427664136,409
0.05,block3_h48_seed10,"3-block, H=48",cheap,0.867330016583748,0.01656300526984926,0.0,0.0,402
0.05,block3_h48_seed10,"3-block, H=48",confidence,0.8666666666666666,0.0013453549535313609,0.12935323383084577,0.026907099070626786,402
0.05,block3_h48_seed10,"3-block, H=48",context_cls,0.8656301824212272,0.016722419804237075,0.06716417910447761,0.0043085840984300496,402
0.05,block3_h48_seed10,"3-block, H=48",full,0.7907960199004974,0.0,1.0,0.0,402
0.05,block3_h48_seed10,"3-block, H=48",knn_context,0.8658374792703151,0.009279585043527933,0.09618573797678276,0.04353826067271999,402
0.05,block3_h48_seed10,"3-block, H=48",knn_context_latent,0.8654643449419569,0.010634388971149992,0.13681592039800994,0.0151312500753687,402
0.05,block3_h48_seed10,"3-block, H=48",oracle,0.9098673300165837,0.0056947428927714375,0.04477611940298507,0.016312036130104478,402
0.05,block3_h48_seed10,"3-block, H=48",rh_context,0.8690713101160862,0.011427453856800279,0.0812603648424544,0.002872389398953366,402
0.05,block3_h48_seed10,"3-block, H=48",rh_context_latent,0.86712271973466,0.009590296972886221,0.10364842454394692,0.03734106218639371,402
0.05,block3_h72_seed14,"3-block, H=72",cheap,0.7917675544794189,0.05935908315802068,0.0,0.0,413
0.05,block3_h72_seed14,"3-block, H=72",confidence,0.8044390637610976,0.033266406595023924,0.13397901533494752,0.060500394937563075,413
0.05,block3_h72_seed14,"3-block, H=72",context_cls,0.8005246166263116,0.03526668531176874,0.06698950766747376,0.05178051632718463,413
0.05,block3_h72_seed14,"3-block, H=72",full,0.7684019370460048,0.0,1.0,0.0,413
0.05,block3_h72_seed14,"3-block, H=72",knn_context,0.809685230024213,0.03369382289903983,0.20661824051654562,0.11587754757656187,413
0.05,block3_h72_seed14,"3-block, H=72",knn_context_latent,0.8180387409200969,0.024111165684270484,0.1848264729620662,0.08237191814155334,413
0.05,block3_h72_seed14,"3-block, H=72",oracle,0.8899112187247781,0.016460587910361448,0.10330912025827281,0.05448390260447997,413
0.05,block3_h72_seed14,"3-block, H=72",rh_context,0.81727199354318,0.036311809761774554,0.21630347054075869,0.22298826808377592,413
0.05,block3_h72_seed14,"3-block, H=72",rh_context_latent,0.8154560129136401,0.02625900269060025,0.15577078288942695,0.08122515335211704,413
0.1,block3_h36_seed13,"3-block, H=36",cheap,0.8687856560717196,0.02497400724701637,0.0,0.0,409
0.1,block3_h36_seed13,"3-block, H=36",confidence,0.8577832110839446,0.00976261707538993,0.07742461287693561,0.07019854696870041,409
0.1,block3_h36_seed13,"3-block, H=36",context_cls,0.8669926650366748,0.015263069960893402,0.026079869600651995,0.007859536072528898,409
0.1,block3_h36_seed13,"3-block, H=36",full,0.7288508557457215,0.0,1.0,0.0,409
0.1,block3_h36_seed13,"3-block, H=36",knn_context,0.8601466992665037,0.006780158740274837,0.0945395273023635,0.06479602024547991,409
0.1,block3_h36_seed13,"3-block, H=36",knn_context_latent,0.8634881825590872,0.01195129765595657,0.09372453137734311,0.04158875573650555,409
0.1,block3_h36_seed13,"3-block, H=36",oracle,0.9025264873675631,0.029821167527570767,0.037489812550937245,0.006153084299324168,409
0.1,block3_h36_seed13,"3-block, H=36",rh_context,0.8665851670741646,0.015187159864371856,0.04645476772616137,0.05328727314841898,409
0.1,block3_h36_seed13,"3-block, H=36",rh_context_latent,0.8683781581092095,0.014601170031987479,0.07742461287693561,0.02748119853314974,409
0.1,block3_h48_seed10,"3-block, H=48",cheap,0.867330016583748,0.01656300526984926,0.0,0.0,402
0.1,block3_h48_seed10,"3-block, H=48",confidence,0.8733830845771143,0.011833581982354513,0.05555555555555556,0.04825699677264166,402
0.1,block3_h48_seed10,"3-block, H=48",context_cls,0.8622719734660033,0.01651249202407265,0.06716417910447761,0.0043085840984300496,402
0.1,block3_h48_seed10,"3-block, H=48",full,0.7407960199004977,0.0,1.0,0.0,402
0.1,block3_h48_seed10,"3-block, H=48",knn_context,0.8586235489220564,0.00936174236331361,0.07877280265339966,0.0525537375704505,402
0.1,block3_h48_seed10,"3-block, H=48",knn_context_latent,0.8611111111111112,0.0050081820466140806,0.09535655058043117,0.02998862573801845,402
0.1,block3_h48_seed10,"3-block, H=48",oracle,0.9076285240464345,0.005760913330906051,0.04477611940298507,0.016312036130104478,402
0.1,block3_h48_seed10,"3-block, H=48",rh_context,0.8606135986733002,0.014784436854776633,0.0505804311774461,0.027513532376512533,402
0.1,block3_h48_seed10,"3-block, H=48",rh_context_latent,0.8616915422885573,0.009701492537313493,0.08955223880597014,0.01942848178086232,402
0.1,block3_h72_seed14,"3-block, H=72",cheap,0.7917675544794189,0.05935908315802068,0.0,0.0,413
0.1,block3_h72_seed14,"3-block, H=72",confidence,0.7925746569814366,0.038810722023944894,0.09685230024213075,0.036641031356952916,413
0.1,block3_h72_seed14,"3-block, H=72",context_cls,0.7953995157384988,0.040438010119707844,0.06053268765133172,0.04137532080056916,413
0.1,block3_h72_seed14,"3-block, H=72",full,0.718401937046005,0.0,1.0,0.0,413
0.1,block3_h72_seed14,"3-block, H=72",knn_context,0.7981436642453591,0.0390126166838894,0.18644067796610167,0.13277510770804063,413
0.1,block3_h72_seed14,"3-block, H=72",knn_context_latent,0.8087167070217918,0.02961428348811686,0.11299435028248588,0.04544925980726743,413
0.1,block3_h72_seed14,"3-block, H=72",oracle,0.8847457627118644,0.01756574740640781,0.10330912025827281,0.05448390260447997,413
0.1,block3_h72_seed14,"3-block, H=72",rh_context,0.8050847457627119,0.048250893522665726,0.12510088781275222,0.16429839726029988,413
0.1,block3_h72_seed14,"3-block, H=72",rh_context_latent,0.8103309120258274,0.03162595906948382,0.13720742534301855,0.09984285307133967,413
0.2,block3_h36_seed13,"3-block, H=36",cheap,0.8687856560717196,0.02497400724701637,0.0,0.0,409
0.2,block3_h36_seed13,"3-block, H=36",confidence,0.8547677261613692,0.003691850579594485,0.04563977180114099,0.07905040360542553,409
0.2,block3_h36_seed13,"3-block, H=36",context_cls,0.8643846780766097,0.01683553556143475,0.017929910350448247,0.001411614350096886,409
0.2,block3_h36_seed13,"3-block, H=36",full,0.6288508557457212,0.0,1.0,0.0,409
0.2,block3_h36_seed13,"3-block, H=36",knn_context,0.8630806845965769,0.014840088905128168,0.040749796251018745,0.038992253346065806,409
0.2,block3_h36_seed13,"3-block, H=36",knn_context_latent,0.862754686226569,0.017235574209825185,0.06682966585167073,0.013902789005079035,409
0.2,block3_h36_seed13,"3-block, H=36",oracle,0.8987775061124693,0.029270496670860027,0.037489812550937245,0.006153084299324168,409
0.2,block3_h36_seed13,"3-block, H=36",rh_context,0.8634066829665853,0.012422206280852565,0.0228198859005705,0.01346594265840123,409
0.2,block3_h36_seed13,"3-block, H=36",rh_context_latent,0.863243683781581,0.014192165966448315,0.04808475957620212,0.04654047770258919,409
0.2,block3_h48_seed10,"3-block, H=48",cheap,0.867330016583748,0.01656300526984926,0.0,0.0,402
0.2,block3_h48_seed10,"3-block, H=48",confidence,0.8660033167495854,0.018322602510605503,0.014925373134328358,0.025851504590580256,402
0.2,block3_h48_seed10,"3-block, H=48",context_cls,0.8590381426202321,0.017422409173552592,0.0538971807628524,0.010053362896336768,402
0.2,block3_h48_seed10,"3-block, H=48",full,0.6407960199004974,0.0,1.0,0.0,402
0.2,block3_h48_seed10,"3-block, H=48",knn_context,0.8643449419568823,0.021062665633775856,0.03150912106135987,0.022571571457406632,402
0.2,block3_h48_seed10,"3-block, H=48",knn_context_latent,0.8608623548922055,0.016291791584755043,0.06135986733001658,0.05685227103290862,402
0.2,block3_h48_seed10,"3-block, H=48",oracle,0.9031509121061361,0.006220563626371826,0.04477611940298507,0.016312036130104478,402
0.2,block3_h48_seed10,"3-block, H=48",rh_context,0.8661691542288557,0.018205148719932365,0.03067993366500829,0.02115646902516264,402
0.2,block3_h48_seed10,"3-block, H=48",rh_context_latent,0.8610281923714759,0.016932485784960358,0.03980099502487562,0.01243781094527363,402
0.2,block3_h72_seed14,"3-block, H=72",cheap,0.7917675544794189,0.05935908315802068,0.0,0.0,413
0.2,block3_h72_seed14,"3-block, H=72",confidence,0.7882163034705408,0.054242332291673495,0.005649717514124294,0.009785597782875013,413
0.2,block3_h72_seed14,"3-block, H=72",context_cls,0.7883777239709443,0.04455995297982777,0.0573042776432607,0.042309418634644574,413
0.2,block3_h72_seed14,"3-block, H=72",full,0.6184019370460048,0.0,1.0,0.0,413
0.2,block3_h72_seed14,"3-block, H=72",knn_context,0.792090395480226,0.06135869043171113,0.1275221953188055,0.18391314210133744,413
0.2,block3_h72_seed14,"3-block, H=72",knn_context_latent,0.7961259079903148,0.04833162687813563,0.05488297013720742,0.028063500646834074,413
0.2,block3_h72_seed14,"3-block, H=72",oracle,0.8744148506860371,0.02069521615670905,0.10330912025827281,0.05448390260447997,413
0.2,block3_h72_seed14,"3-block, H=72",rh_context,0.7911218724778047,0.060929129571546226,0.06376109765940274,0.08612959852754867,413
0.2,block3_h72_seed14,"3-block, H=72",rh_context_latent,0.7928974979822438,0.05462146310667595,0.042776432606941084,0.020592979535388335,413
0.3,block3_h36_seed13,"3-block, H=36",cheap,0.8687856560717196,0.02497400724701637,0.0,0.0,409
0.3,block3_h36_seed13,"3-block, H=36",confidence,0.8656071719641402,0.01954512481723785,0.0024449877750611247,0.004234843050290654,409
0.3,block3_h36_seed13,"3-block, H=36",context_cls,0.8625916870415647,0.01669588327156878,0.017929910350448247,0.001411614350096886,409
0.3,block3_h36_seed13,"3-block, H=36",full,0.5288508557457213,0.0,1.0,0.0,409
0.3,block3_h36_seed13,"3-block, H=36",knn_context,0.8649551752241239,0.019560411566309815,0.007334963325183373,0.0088155287908655,409
0.3,block3_h36_seed13,"3-block, H=36",knn_context_latent,0.8616136919315404,0.011561457621062908,0.037489812550937245,0.039221546586849114,409
0.3,block3_h36_seed13,"3-block, H=36",oracle,0.8950285248573757,0.028722449877023142,0.037489812550937245,0.006153084299324168,409
0.3,block3_h36_seed13,"3-block, H=36",rh_context,0.8634066829665853,0.017604477940734806,0.009779951100244499,0.010657454629683798,409
0.3,block3_h36_seed13,"3-block, H=36",rh_context_latent,0.8642216788916056,0.01648388442718369,0.026079869600651995,0.02461233719729666,409
0.3,block3_h48_seed10,"3-block, H=48",cheap,0.867330016583748,0.01656300526984926,0.0,0.0,402
0.3,block3_h48_seed10,"3-block, H=48",confidence,0.867330016583748,0.01656300526984926,0.0,0.0,402
0.3,block3_h48_seed10,"3-block, H=48",context_cls,0.8543117744610282,0.017667529925160123,0.04892205638474295,0.0037998140090844453,402
0.3,block3_h48_seed10,"3-block, H=48",full,0.5407960199004976,0.0,1.0,0.0,402
0.3,block3_h48_seed10,"3-block, H=48",knn_context,0.8658374792703151,0.016883078040863555,0.02155887230514096,0.013700424246980352,402
0.3,block3_h48_seed10,"3-block, H=48",knn_context_latent,0.86318407960199,0.0121126654964576,0.024875621890547265,0.010843032197862371,402
0.3,block3_h48_seed10,"3-block, H=48",oracle,0.8986733001658375,0.007037354027435733,0.04477611940298507,0.016312036130104478,402
0.3,block3_h48_seed10,"3-block, H=48",rh_context,0.866334991708126,0.016397796614239575,0.01990049751243781,0.01316294184609249,402
0.3,block3_h48_seed10,"3-block, H=48",rh_context_latent,0.8662520729684909,0.014168917815308364,0.017412935323383085,0.010843032197862371,402
0.3,block3_h72_seed14,"3-block, H=72",cheap,0.7917675544794189,0.05935908315802068,0.0,0.0,413
0.3,block3_h72_seed14,"3-block, H=72",confidence,0.7917675544794189,0.05935908315802068,0.0,0.0,413
0.3,block3_h72_seed14,"3-block, H=72",context_cls,0.7806295399515738,0.05172935212856807,0.053268765133171914,0.035668086834518734,413
0.3,block3_h72_seed14,"3-block, H=72",full,0.518401937046005,0.0,1.0,0.0,413
0.3,block3_h72_seed14,"3-block, H=72",knn_context,0.7897497982243745,0.06260114064149042,0.052461662631154156,0.08465347217241186,413
0.3,block3_h72_seed14,"3-block, H=72",knn_context_latent,0.790637610976594,0.05023984552889993,0.05488297013720742,0.028063500646834074,413
0.3,block3_h72_seed14,"3-block, H=72",oracle,0.8640839386602099,0.024645453423712514,0.10330912025827281,0.05448390260447997,413
0.3,block3_h72_seed14,"3-block, H=72",rh_context,0.7853107344632768,0.06900613113777912,0.05649717514124294,0.07596631228113071,413
0.3,block3_h72_seed14,"3-block, H=72",rh_context_latent,0.7944309927360775,0.05870909313855909,0.007263922518159807,0.010554234730122696,413
0.5,block3_h36_seed13,"3-block, H=36",cheap,0.8687856560717196,0.02497400724701637,0.0,0.0,409
0.5,block3_h36_seed13,"3-block, H=36",confidence,0.8687856560717196,0.02497400724701637,0.0,0.0,409
0.5,block3_h36_seed13,"3-block, H=36",context_cls,0.8630806845965769,0.01800845948979985,0.011409942950285247,0.006153084299324164,409
0.5,block3_h36_seed13,"3-block, H=36",full,0.32885085574572126,0.0,1.0,0.0,409
0.5,block3_h36_seed13,"3-block, H=36",knn_context,0.8687856560717196,0.02497400724701637,0.0,0.0,409
0.5,block3_h36_seed13,"3-block, H=36",knn_context_latent,0.8626731866340669,0.01839166111882118,0.020374898125509373,0.0180222855643814,409
0.5,block3_h36_seed13,"3-block, H=36",oracle,0.8875305623471883,0.027634852213832037,0.037489812550937245,0.006153084299324168,409
0.5,block3_h36_seed13,"3-block, H=36",rh_context,0.8679706601466992,0.025875318445619456,0.0032599837000814994,0.005646457400387538,409
0.5,block3_h36_seed13,"3-block, H=36",rh_context_latent,0.8647106764466178,0.017129461741633045,0.009779951100244499,0.01487228002517902,409
0.5,block3_h48_seed10,"3-block, H=48",cheap,0.867330016583748,0.01656300526984926,0.0,0.0,402
0.5,block3_h48_seed10,"3-block, H=48",confidence,0.867330016583748,0.01656300526984926,0.0,0.0,402
0.5,block3_h48_seed10,"3-block, H=48",context_cls,0.849502487562189,0.02398918099749491,0.04228855721393035,0.009950248756218907,402
0.5,block3_h48_seed10,"3-block, H=48",full,0.3407960199004975,0.0,1.0,0.0,402
0.5,block3_h48_seed10,"3-block, H=48",knn_context,0.8644278606965173,0.018322039630169464,0.007462686567164179,0.012925752295290128,402
0.5,block3_h48_seed10,"3-block, H=48",knn_context_latent,0.8656716417910447,0.018322039630169432,0.009950248756218905,0.011399442027253332,402
0.5,block3_h48_seed10,"3-block, H=48",oracle,0.8897180762852406,0.0093352655465984,0.04477611940298507,0.016312036130104478,402
0.5,block3_h48_seed10,"3-block, H=48",rh_context,0.867330016583748,0.01656300526984926,0.0,0.0,402
0.5,block3_h48_seed10,"3-block, H=48",rh_context_latent,0.8677446102819237,0.016041079703277873,0.004145936981757877,0.0037998140090844445,402
0.5,block3_h72_seed14,"3-block, H=72",cheap,0.7917675544794189,0.05935908315802068,0.0,0.0,413
0.5,block3_h72_seed14,"3-block, H=72",confidence,0.7917675544794189,0.05935908315802068,0.0,0.0,413
0.5,block3_h72_seed14,"3-block, H=72",context_cls,0.777643260694108,0.07030483613240204,0.04600484261501211,0.04600484261501211,413
0.5,block3_h72_seed14,"3-block, H=72",full,0.31840193704600483,0.0,1.0,0.0,413
0.5,block3_h72_seed14,"3-block, H=72",knn_context,0.7917675544794189,0.05872606700065328,0.0032284100080710253,0.003698608309084617,413
0.5,block3_h72_seed14,"3-block, H=72",knn_context_latent,0.7885391444713479,0.06435092579589231,0.019370460048426148,0.02562471003452388,413
0.5,block3_h72_seed14,"3-block, H=72",oracle,0.8434221146085553,0.03381894318893186,0.10330912025827281,0.05448390260447997,413
0.5,block3_h72_seed14,"3-block, H=72",rh_context,0.7921711057304277,0.05874270328059059,0.0008071025020177563,0.001397942540410716,413
0.5,block3_h72_seed14,"3-block, H=72",rh_context_latent,0.7917675544794189,0.05935908315802068,0.0,0.0,413
