seed,split,bin,n,alpha_raw_mean,alpha_affine_mean,alpha_oracle_mean,global_error,affine_error,oracle_error,affine_improvement_vs_global,oracle_improvement_vs_global
0,val,0,1089,0.29633716,0.3214872,0.18249215,0.9176136,0.91710985,0.8967913,0.00050377846,0.020822346
0,val,1,1089,0.36766395,0.33147296,0.22576207,1.0903077,1.090147,1.0692022,0.00016069412,0.021105528
0,val,2,1089,0.4266328,0.3397286,0.242422,1.1603172,1.160197,1.1399217,0.000120162964,0.020395517
0,val,3,1089,0.490642,0.34868988,0.31326216,1.4417633,1.4418713,1.4157712,-0.000108003616,0.025992036
0,val,4,1089,0.5520951,0.3572933,0.30400836,1.4240214,1.4240432,1.4002016,-2.18153e-05,0.023819804
0,val,5,1089,0.612148,0.36570072,0.2932909,1.5198996,1.5198797,1.4974225,1.9907951e-05,0.02247715
0,val,6,1089,0.67642075,0.3746989,0.3091745,1.5682175,1.5681643,1.5454835,5.3167343e-05,0.022734046
0,val,7,1089,0.7400815,0.38361138,0.33338204,1.6976174,1.6974643,1.6730784,0.00015306473,0.024538994
0,val,8,1089,0.8097973,0.3933716,0.3285916,1.7477211,1.7476076,1.7234666,0.000113487244,0.024254441
0,val,9,1089,0.92635417,0.40968958,0.29165387,1.6595992,1.6600597,1.6368294,-0.0004605055,0.022769809
0,test,0,5098,0.30632618,0.32288566,0.20423968,1.1757556,1.1754092,1.1592282,0.0003464222,0.016527414
0,test,1,5098,0.39056963,0.33467975,0.22781979,1.3214616,1.3212951,1.3038564,0.00016641617,0.017605186
0,test,2,5098,0.4544683,0.34362555,0.22512066,1.2999239,1.2997657,1.2836628,0.00015819073,0.0162611
0,test,3,5098,0.51418823,0.35198635,0.24828325,1.4400762,1.4400277,1.4232093,4.851818e-05,0.016866922
0,test,4,5098,0.57226986,0.3601178,0.26581353,1.4842654,1.4842656,1.4675663,-1.1920929e-07,0.016699195
0,test,5,5098,0.62823516,0.3679529,0.28811425,1.6465983,1.646597,1.6289912,1.3113022e-06,0.017607093
0,test,6,5098,0.68229896,0.37552184,0.30143324,1.775455,1.7754399,1.7569509,1.513958e-05,0.018504143
0,test,7,5098,0.7402561,0.38363588,0.32453036,1.8735193,1.873426,1.8544744,9.3340874e-05,0.019044876
0,test,8,5098,0.8053228,0.3927452,0.3292426,1.9245641,1.924491,1.9060789,7.3075294e-05,0.018485188
0,test,9,5098,0.91312015,0.40783682,0.34077567,2.0466263,2.0465918,2.0276296,3.4570694e-05,0.018996716
1,val,0,1089,0.29223484,0.30721402,0.1792627,0.87442863,0.8733797,0.8582189,0.0010489225,0.016209722
1,val,1,1089,0.3726347,0.32570598,0.2387146,1.0842233,1.0841756,1.0641574,4.7683716e-05,0.020065904
1,val,2,1089,0.43239433,0.3394507,0.2606807,1.2153007,1.2152132,1.1964797,8.749962e-05,0.018821001
1,val,3,1089,0.4887794,0.35241926,0.2785323,1.3706807,1.370728,1.3499235,-4.7326088e-05,0.020757198
1,val,4,1089,0.5450557,0.3653628,0.29357708,1.4666764,1.4667437,1.4446843,-6.735325e-05,0.021992087
1,val,5,1089,0.60656345,0.3795096,0.28958815,1.4163979,1.416409,1.3956684,-1.1086464e-05,0.020729542
1,val,6,1089,0.6702321,0.3941534,0.31085888,1.6251427,1.6250553,1.6013979,8.738041e-05,0.023744822
1,val,7,1089,0.73279905,0.40854377,0.30321202,1.5667572,1.5668242,1.5467188,-6.699562e-05,0.020038366
1,val,8,1089,0.8039943,0.42491868,0.32785857,1.7545781,1.7544334,1.7308677,0.00014472008,0.02371037
1,val,9,1089,0.90957063,0.44920123,0.3391232,1.8573215,1.8572716,1.8325508,4.9948692e-05,0.024770737
1,test,0,5098,0.2994881,0.30888227,0.19936681,1.2179632,1.2171285,1.2023544,0.00083470345,0.015608788
1,test,1,5098,0.39068154,0.32985675,0.22307079,1.2785922,1.2781546,1.2629607,0.0004376173,0.015631557
1,test,2,5098,0.45303196,0.34419733,0.24187148,1.3762687,1.3760352,1.360786,0.000233531,0.015482783
1,test,3,5098,0.5073319,0.35668632,0.24593768,1.4517616,1.4515922,1.4364375,0.0001693964,0.015324116
1,test,4,5098,0.5605507,0.36892664,0.2641551,1.563852,1.5637962,1.5482619,5.5789948e-05,0.015590072
1,test,5,5098,0.6150033,0.38145074,0.2813567,1.6104314,1.6104419,1.5950562,-1.04904175e-05,0.015375257
1,test,6,5098,0.6697684,0.39404672,0.28632268,1.6772262,1.677278,1.6617402,-5.185604e-05,0.015486002
1,test,7,5098,0.72474706,0.40669182,0.30764526,1.7861625,1.7862253,1.771044,-6.2823296e-05,0.01511848
1,test,8,5098,0.78691334,0.42099005,0.3389825,1.9944161,1.9943414,1.9775349,7.4744225e-05,0.016881227
1,test,9,5098,0.8863359,0.44385722,0.35165027,2.0428693,2.0429027,2.0262132,-3.33786e-05,0.01665616
2,val,0,1089,0.2658424,0.26241115,0.17903225,0.9321146,0.9311824,0.91678977,0.00093221664,0.015324831
2,val,1,1089,0.34488943,0.28691572,0.20290187,0.98264897,0.9821314,0.9662326,0.00051754713,0.01641637
2,val,2,1089,0.40530765,0.30564538,0.24203962,1.2659295,1.2659546,1.2453711,-2.515316e-05,0.020558357
2,val,3,1089,0.4612947,0.32300135,0.28287655,1.3282435,1.3283727,1.3087262,-0.00012922287,0.019517303
2,val,4,1089,0.5147656,0.33957735,0.29650754,1.4215689,1.4216306,1.401091,-6.175041e-05,0.020477891
2,val,5,1089,0.57230866,0.3574157,0.2868863,1.428301,1.428308,1.4089278,-7.033348e-06,0.019373178
2,val,6,1089,0.6313895,0.37573078,0.28897947,1.5357307,1.5357091,1.5156084,2.1576881e-05,0.02012229
2,val,7,1089,0.68877316,0.3935197,0.2809258,1.617508,1.6176472,1.5957288,-0.00013911724,0.021779299
2,val,8,1089,0.75746137,0.414813,0.31542015,1.817865,1.8177143,1.7942797,0.00015068054,0.02358532
2,val,9,1089,0.88725555,0.45504925,0.37174195,1.9097843,1.9088553,1.8847345,0.000928998,0.025049806
2,test,0,5098,0.262749,0.2614522,0.20962057,1.1986098,1.1983162,1.1852461,0.00029361248,0.013363719
2,test,1,5098,0.34076738,0.2856379,0.22939663,1.2705526,1.2704079,1.2570373,0.00014472008,0.013515353
2,test,2,5098,0.3971158,0.3031059,0.24559265,1.3392004,1.3392164,1.323863,-1.5974045e-05,0.015337348
2,test,3,5098,0.45111838,0.3198467,0.26570714,1.4743294,1.4743716,1.4587866,-4.220009e-05,0.015542746
2,test,4,5098,0.503803,0.33617893,0.28167292,1.5391378,1.5391572,1.5243763,-1.9311905e-05,0.014761567
2,test,5,5098,0.55526584,0.35213244,0.29999414,1.6374056,1.6374034,1.621494,2.2649765e-06,0.01591158
2,test,6,5098,0.60728204,0.36825743,0.31080687,1.6815916,1.6815159,1.6659112,7.56979e-05,0.015680432
2,test,7,5098,0.66454756,0.38600975,0.34398225,1.8515096,1.851247,1.8356314,0.00026261806,0.0158782
2,test,8,5098,0.732327,0.40702134,0.35406682,1.8966593,1.8962135,1.8801318,0.00044572353,0.016527414
2,test,9,5098,0.8463978,0.44238335,0.38161832,2.1027365,2.1018815,2.0842216,0.000854969,0.018514872
